trophicGroup,experiment,year,region,annual_mean,annual_sd,annual_mean_u,annual_mean_l
Carni,ssp126,1980,Global,0.007225288408142585,2.3246659579193847,2.3318912463275274,-2.317440669511242
Carni,ssp126,1981,Global,0.014182690591705335,2.817932912908015,2.8321156034997204,-2.8037502223163093
Carni,ssp126,1982,Global,0.07670303442972216,2.788985074246627,2.8656881086763493,-2.7122820398169045
Carni,ssp126,1983,Global,0.025376055169018915,3.3570193558082018,3.3823954109772205,-3.331643300639183
Carni,ssp126,1984,Global,-0.06927102913194406,2.886026367184975,2.816755338053031,-2.955297396316919
Carni,ssp126,1985,Global,-0.04199626450371179,3.058443699786561,3.016447435282849,-3.100439964290273
Carni,ssp126,1986,Global,-0.013281632853433417,3.7221389916671472,3.708857358813714,-3.7354206245205805
Carni,ssp126,1987,Global,-0.004375737970861608,2.455256497368381,2.4508807593975193,-2.459632235339243
Carni,ssp126,1988,Global,-0.005402363574650043,2.5596969123171642,2.554294548742514,-2.5650992758918143
Carni,ssp126,1989,Global,0.00929555387946367,2.561302831197255,2.5705983850767185,-2.5520072773177915
Carni,ssp126,1990,Global,-0.02555652298710895,2.2658727356340553,2.2403162126469462,-2.2914292586211644
Carni,ssp126,1991,Global,-0.016742518845227535,2.5428669131024013,2.526124394257174,-2.559609431947629
Carni,ssp126,1992,Global,0.03294845676437454,3.3502580882591277,3.3832065450235023,-3.317309631494753
Carni,ssp126,1993,Global,-0.05563119381878643,2.4903516805936374,2.434720486774851,-2.5459828744124238
Carni,ssp126,1994,Global,-0.05059954762168205,2.23325409427607,2.1826545466543883,-2.283853641897752
Carni,ssp126,1995,Global,-0.014221014848089773,2.93965438014352,2.9254333652954303,-2.95387539499161
Carni,ssp126,1996,Global,-0.0884909964545361,2.4128461576319657,2.32435516117743,-2.5013371540865017
Carni,ssp126,1997,Global,0.0798008916234165,3.564394084339321,3.6441949759627374,-3.4845931927159044
Carni,ssp126,1998,Global,0.06938249424124532,2.621996260786727,2.6913787550279724,-2.5526137665454818
Carni,ssp126,1999,Global,0.039983697580389346,2.427436689940653,2.4674203875210425,-2.387452992360264
Carni,ssp126,2000,Global,0.030670659922552943,2.947076494744919,2.9777471546674716,-2.916405834822366
Carni,ssp126,2001,Global,0.05450198553512597,2.5783232730333348,2.632825258568461,-2.5238212874982087
Carni,ssp126,2002,Global,0.14580896316495154,4.349942358782912,4.495751321947864,-4.20413339561796
Carni,ssp126,2003,Global,0.2675676635292384,4.264967252176999,4.532534915706237,-3.9973995886477605
Carni,ssp126,2004,Global,0.0695709333175566,2.810107275240968,2.879678208558525,-2.7405363419234114
Carni,ssp126,2005,Global,0.10613779321696336,2.6661290486058173,2.7722668418227805,-2.559991255388854
Carni,ssp126,2006,Global,0.12919045252473044,3.0064162054675685,3.135606657992299,-2.877225752942838
Carni,ssp126,2007,Global,0.05090221647492643,2.329765299145981,2.3806675156209076,-2.2788630826710543
Carni,ssp126,2008,Global,0.06588216174676631,2.5489185664078136,2.61480072815458,-2.483036404661047
Carni,ssp126,2009,Global,0.04251635325701519,2.454376258278231,2.4968926115352463,-2.411859905021216
Carni,ssp126,2010,Global,0.05766424604322993,3.2089868330189875,3.266651079062217,-3.1513225869757577
Carni,ssp126,2011,Global,0.071860025877424,2.340589131026101,2.412449156903525,-2.2687291051486773
Carni,ssp126,2012,Global,0.029222756268583366,3.1253093391254123,3.1545320953939955,-3.096086582856829
Carni,ssp126,2013,Global,0.1039517132621298,2.5597944722875208,2.6637461855496505,-2.455842759025391
Carni,ssp126,2014,Global,0.1127614979610101,3.396338594361137,3.509100092322147,-3.2835770964001267
Carni,ssp126,2015,Global,0.06076800033236593,2.5175723550747993,2.5783403554071653,-2.456804354742433
Carni,ssp126,2016,Global,0.10921227218396604,2.208235650530373,2.3174479227143387,-2.099023378346407
Carni,ssp126,2017,Global,0.12594658514850632,3.021084712037265,3.1470312971857712,-2.8951381268887584
Carni,ssp126,2018,Global,0.09755129567584495,3.8944049887978136,3.9919562844736585,-3.7968536931219687
Carni,ssp126,2019,Global,0.1550611587537284,2.6673513585614534,2.8224125173151817,-2.512290199807725
Carni,ssp126,2020,Global,0.11934892687789833,2.730261091477607,2.8496100183555053,-2.6109121645997084
Carni,ssp126,2021,Global,0.15446403857311186,2.791047212986662,2.9455112515597737,-2.63658317441355
Carni,ssp126,2022,Global,0.14886699744634235,2.750400930022066,2.8992679274684083,-2.6015339325757236
Carni,ssp126,2023,Global,0.14257004175592827,2.751773110158902,2.89434315191483,-2.609203068402974
Carni,ssp126,2024,Global,0.11276455777200703,2.5428233539608533,2.6555879117328605,-2.4300587961888462
Carni,ssp126,2025,Global,0.1712931808136055,3.430360832105611,3.6016540129192163,-3.2590676512920056
Carni,ssp126,2026,Global,0.11659316507238071,2.788286132354678,2.9048792974270587,-2.6716929672822975
Carni,ssp126,2027,Global,0.12327512683867728,2.6972204913193174,2.8204956181579948,-2.57394536448064
Carni,ssp126,2028,Global,0.16708460055398405,2.789580892064459,2.956665492618443,-2.6224962915104753
Carni,ssp126,2029,Global,0.15895483392708615,2.8563714503880417,3.015326284315128,-2.6974166164609557
Carni,ssp126,2030,Global,0.19614918593528646,2.9231330758237153,3.1192822617590017,-2.726983889888429
Carni,ssp126,2031,Global,0.19373252431021737,3.0781433185489204,3.2718758428591377,-2.884410794238703
Carni,ssp126,2032,Global,0.16330615060425552,2.99053922125893,3.1538453718631856,-2.827233070654674
Carni,ssp126,2033,Global,0.21132519938087496,3.4467559145545272,3.658081113935402,-3.2354307151736523
Carni,ssp126,2034,Global,0.18601693856638327,3.3847601852704985,3.5707771238368817,-3.1987432467041153
Carni,ssp126,2035,Global,0.20266405742208324,3.1762803534887745,3.3789444109108575,-2.9736162960666914
Carni,ssp126,2036,Global,0.22420552488055848,2.7187515654101184,2.942957090290677,-2.49454604052956
Carni,ssp126,2037,Global,0.21286744363683954,3.298251092676305,3.5111185363131443,-3.0853836490394655
Carni,ssp126,2038,Global,0.15358789499920203,3.3615464215110946,3.515134316510297,-3.2079585265118924
Carni,ssp126,2039,Global,0.16658810563067727,2.8623737853594866,3.028961890990164,-2.695785679728809
Carni,ssp126,2040,Global,0.1695409785658215,2.741648156380933,2.9111891349467545,-2.572107177815112
Carni,ssp126,2041,Global,0.20279321175263032,2.998150084244709,3.200943295997339,-2.7953568724920785
Carni,ssp126,2042,Global,0.24033780412328298,2.9763212798617906,3.2166590839850735,-2.7359834757385078
Carni,ssp126,2043,Global,0.24987425155800272,2.968314352838412,3.2181886043964147,-2.7184401012804096
Carni,ssp126,2044,Global,0.22853012357525196,3.151705468360835,3.380235591936087,-2.9231753447855833
Carni,ssp126,2045,Global,0.24345943562606825,2.8584582224249697,3.101917658051038,-2.6149987867989015
Carni,ssp126,2046,Global,0.18948163057836565,3.088049741491339,3.2775313720697046,-2.898568110912973
Carni,ssp126,2047,Global,0.2061966270296512,2.9860884216101553,3.1922850486398064,-2.779891794580504
Carni,ssp126,2048,Global,0.20919084487042663,3.24467585422955,3.4538666990999767,-3.0354850093591237
Carni,ssp126,2049,Global,0.23172593357393026,3.1895623027576865,3.4212882363316166,-2.9578363691837564
Carni,ssp126,2050,Global,0.21835923332151688,3.338112848955027,3.5564720822765437,-3.11975361563351
Carni,ssp126,2051,Global,0.24640152229769646,3.11229159461991,3.3586931169176064,-2.865890072322214
Carni,ssp126,2052,Global,0.19438841426812942,2.9512496762187297,3.1456380904868593,-2.7568612619506
Carni,ssp126,2053,Global,0.2117881566462392,3.1068504800079224,3.318638636654162,-2.895062323361683
Carni,ssp126,2054,Global,0.2480851437329279,3.000920789636641,3.249005933369569,-2.7528356459037133
Carni,ssp126,2055,Global,0.22398098104152953,2.894700322038643,3.1186813030801726,-2.6707193409971137
Carni,ssp126,2056,Global,0.2807446466298099,3.033321546369764,3.314066192999574,-2.752576899739954
Carni,ssp126,2057,Global,0.22918856601516824,2.93244475561562,3.1616333216307884,-2.703256189600452
Carni,ssp126,2058,Global,0.1914712897319657,3.263653188202416,3.4551244779343815,-3.0721818984704505
Carni,ssp126,2059,Global,0.2207763251140355,3.099939575878031,3.3207159009920666,-2.8791632507639955
Carni,ssp126,2060,Global,0.20342142434511723,3.3304079944462717,3.533829418791389,-3.1269865701011543
Carni,ssp126,2061,Global,0.2099476748912213,3.5893787672142885,3.7993264421055097,-3.3794310923230673
Carni,ssp126,2062,Global,0.1943444140936314,2.907797480873071,3.1021418949667026,-2.7134530667794396
Carni,ssp126,2063,Global,0.21147587084723907,3.241645178327395,3.4531210491746345,-3.030169307480156
Carni,ssp126,2064,Global,0.18063093157898963,2.747987184625002,2.928618116203992,-2.5673562530460123
Carni,ssp126,2065,Global,0.18443206867931475,3.0811777677469556,3.2656098364262705,-2.896745699067641
Carni,ssp126,2066,Global,0.215700256001778,3.114128293285692,3.32982854928747,-2.898428037283914
Carni,ssp126,2067,Global,0.25248413636375144,3.1230940192056393,3.3755781555693907,-2.870609882841888
Carni,ssp126,2068,Global,0.2529651952485681,2.923352467100713,3.1763176623492813,-2.670387271852145
Carni,ssp126,2069,Global,0.2469497140170411,3.0962431818703897,3.3431928958874306,-2.849293467853349
Carni,ssp126,2070,Global,0.25814292634706115,4.524249748847351,4.782392675194412,-4.266106822500291
Carni,ssp126,2071,Global,0.22201442307212932,2.9938491695170537,3.215863592589183,-2.7718347464449242
Carni,ssp126,2072,Global,0.2391606464752542,3.116224771505833,3.355385417981087,-2.8770641250305786
Carni,ssp126,2073,Global,0.21726286821813906,3.225131301466406,3.442394169684545,-3.007868433248267
Carni,ssp126,2074,Global,0.21541468041068312,2.9354085319759307,3.150823212386614,-2.7199938515652473
Carni,ssp126,2075,Global,0.18711717174958176,2.992756235097744,3.179873406847326,-2.805639063348162
Carni,ssp126,2076,Global,0.194747610234501,2.94848679276926,3.143234403003761,-2.753739182534759
Carni,ssp126,2077,Global,0.2441280216665967,3.0350024736739125,3.2791304953405094,-2.7908744520073157
Carni,ssp126,2078,Global,0.28626075268878276,3.2165977071335554,3.5028584598223382,-2.9303369544447726
Carni,ssp126,2079,Global,0.22717684119750237,3.5697399085640464,3.796916749761549,-3.342563067366544
Carni,ssp126,2080,Global,0.25383654815593015,3.090461708716796,3.344298256872726,-2.8366251605608657
Carni,ssp126,2081,Global,0.24996255506944015,3.5662813273637646,3.816243882433205,-3.3163187722943244
Carni,ssp126,2082,Global,0.2967141787456997,3.173022404407256,3.469736583152956,-2.8763082256615564
Carni,ssp126,2083,Global,0.2653117994775794,3.494034788800344,3.759346588277923,-3.2287229893227645
Carni,ssp126,2084,Global,0.20165628107113862,4.098764841081266,4.300421122152405,-3.8971085600101274
Carni,ssp126,2085,Global,0.19889198535310987,3.8684952876915695,4.067387273044679,-3.6696033023384595
Carni,ssp126,2086,Global,0.2495284694932333,3.3587612666447533,3.6082897361379866,-3.10923279715152
Carni,ssp126,2087,Global,0.24792677862078036,3.181761806540785,3.4296885851615655,-2.9338350279200047
Carni,ssp126,2088,Global,0.22965009416648735,3.295443082110775,3.5250931762772626,-3.065792987944288
Carni,ssp126,2089,Global,0.27102246929840856,2.975729555350354,3.2467520246487624,-2.7047070860519455
Carni,ssp126,2090,Global,0.2508486764182234,4.326919574905995,4.577768251324218,-4.076070898487772
Carni,ssp126,2091,Global,0.2418606690647454,3.00731315439521,3.249173823459955,-2.7654524853304645
Carni,ssp126,2092,Global,0.27804189339472163,3.525039390320652,3.8030812837153736,-3.24699749692593
Carni,ssp126,2093,Global,0.20842994472318954,3.737302048805542,3.9457319935287316,-3.5288721040823523
Carni,ssp126,2094,Global,0.18204933413579708,3.0974707781673034,3.2795201123031004,-2.9154214440315065
Carni,ssp126,2095,Global,0.19126142505333876,3.2436767354975107,3.4349381605508493,-3.052415310444172
Carni,ssp126,2096,Global,0.17537093948214824,3.087713837050931,3.2630847765330793,-2.912342897568783
Carni,ssp126,2097,Global,0.244689074683521,3.456054786898986,3.700743861582507,-3.211365712215465
Carni,ssp126,2098,Global,0.2348549465323087,6.764808278753945,6.999663225286254,-6.529953332221636
Carni,ssp126,2099,Global,0.2576916966118611,3.356802983680768,3.614494680292629,-3.099111287068907
Carni,ssp126,2100,Global,0.2557723989377498,2.9517351353181542,3.207507534255904,-2.6959627363804044
Carni,ssp370,1980,Global,0.007225288408142585,2.3246659579193847,2.3318912463275274,-2.317440669511242
Carni,ssp370,1981,Global,0.014182690591705335,2.817932912908015,2.8321156034997204,-2.8037502223163093
Carni,ssp370,1982,Global,0.07670303442972216,2.788985074246627,2.8656881086763493,-2.7122820398169045
Carni,ssp370,1983,Global,0.025376055169018915,3.3570193558082018,3.3823954109772205,-3.331643300639183
Carni,ssp370,1984,Global,-0.06927102913194406,2.886026367184975,2.816755338053031,-2.955297396316919
Carni,ssp370,1985,Global,-0.04199626450371179,3.058443699786561,3.016447435282849,-3.100439964290273
Carni,ssp370,1986,Global,-0.013281632853433417,3.7221389916671472,3.708857358813714,-3.7354206245205805
Carni,ssp370,1987,Global,-0.004375737970861608,2.455256497368381,2.4508807593975193,-2.459632235339243
Carni,ssp370,1988,Global,-0.005402363574650043,2.5596969123171642,2.554294548742514,-2.5650992758918143
Carni,ssp370,1989,Global,0.00929555387946367,2.561302831197255,2.5705983850767185,-2.5520072773177915
Carni,ssp370,1990,Global,-0.02555652298710895,2.2658727356340553,2.2403162126469462,-2.2914292586211644
Carni,ssp370,1991,Global,-0.016742518845227535,2.5428669131024013,2.526124394257174,-2.559609431947629
Carni,ssp370,1992,Global,0.03294845676437454,3.3502580882591277,3.3832065450235023,-3.317309631494753
Carni,ssp370,1993,Global,-0.05563119381878643,2.4903516805936374,2.434720486774851,-2.5459828744124238
Carni,ssp370,1994,Global,-0.05059954762168205,2.23325409427607,2.1826545466543883,-2.283853641897752
Carni,ssp370,1995,Global,-0.014221014848089773,2.93965438014352,2.9254333652954303,-2.95387539499161
Carni,ssp370,1996,Global,-0.0884909964545361,2.4128461576319657,2.32435516117743,-2.5013371540865017
Carni,ssp370,1997,Global,0.0798008916234165,3.564394084339321,3.6441949759627374,-3.4845931927159044
Carni,ssp370,1998,Global,0.06938249424124532,2.621996260786727,2.6913787550279724,-2.5526137665454818
Carni,ssp370,1999,Global,0.039983697580389346,2.427436689940653,2.4674203875210425,-2.387452992360264
Carni,ssp370,2000,Global,0.030670659922552943,2.947076494744919,2.9777471546674716,-2.916405834822366
Carni,ssp370,2001,Global,0.05450198553512597,2.5783232730333348,2.632825258568461,-2.5238212874982087
Carni,ssp370,2002,Global,0.14580896316495154,4.349942358782912,4.495751321947864,-4.20413339561796
Carni,ssp370,2003,Global,0.2675676635292384,4.264967252176999,4.532534915706237,-3.9973995886477605
Carni,ssp370,2004,Global,0.0695709333175566,2.810107275240968,2.879678208558525,-2.7405363419234114
Carni,ssp370,2005,Global,0.10613779321696336,2.6661290486058173,2.7722668418227805,-2.559991255388854
Carni,ssp370,2006,Global,0.12919045252473044,3.0064162054675685,3.135606657992299,-2.877225752942838
Carni,ssp370,2007,Global,0.05090221647492643,2.329765299145981,2.3806675156209076,-2.2788630826710543
Carni,ssp370,2008,Global,0.06588216174676631,2.5489185664078136,2.61480072815458,-2.483036404661047
Carni,ssp370,2009,Global,0.04251635325701519,2.454376258278231,2.4968926115352463,-2.411859905021216
Carni,ssp370,2010,Global,0.05766424604322993,3.2089868330189875,3.266651079062217,-3.1513225869757577
Carni,ssp370,2011,Global,0.071860025877424,2.340589131026101,2.412449156903525,-2.2687291051486773
Carni,ssp370,2012,Global,0.029222756268583366,3.1253093391254123,3.1545320953939955,-3.096086582856829
Carni,ssp370,2013,Global,0.1039517132621298,2.5597944722875208,2.6637461855496505,-2.455842759025391
Carni,ssp370,2014,Global,0.1127614979610101,3.396338594361137,3.509100092322147,-3.2835770964001267
Carni,ssp370,2015,Global,0.032768733603559225,3.80528936233472,3.8380580959382793,-3.772520628731161
Carni,ssp370,2016,Global,0.10427801085384165,2.7976881625719465,2.901966173425788,-2.693410151718105
Carni,ssp370,2017,Global,0.10475383338204208,2.730920692505486,2.835674525887528,-2.626166859123444
Carni,ssp370,2018,Global,0.11522926312776399,2.636512265150653,2.751741528278417,-2.5212830020228894
Carni,ssp370,2019,Global,0.18112251394580536,2.838925594739681,3.0200481086854865,-2.657803080793876
Carni,ssp370,2020,Global,0.14976151767985468,2.2991769113494307,2.4489384290292855,-2.149415393669576
Carni,ssp370,2021,Global,0.09489636861103372,3.552500900857822,3.6473972694688555,-3.4576045322467883
Carni,ssp370,2022,Global,0.097878437412628,2.7321319829181085,2.8300104203307366,-2.6342535455054805
Carni,ssp370,2023,Global,0.14837312720628362,3.713724614689977,3.8620977418962608,-3.5653514874836936
Carni,ssp370,2024,Global,0.1718035383991373,2.623101644074557,2.7949051824736943,-2.4512981056754195
Carni,ssp370,2025,Global,0.15830758661281089,2.407885981925122,2.566193568537933,-2.249578395312311
Carni,ssp370,2026,Global,0.17270303780522325,2.4789729852665165,2.6516760230717398,-2.3062699474612933
Carni,ssp370,2027,Global,0.1403374381711151,3.2609695723598446,3.4013070105309597,-3.1206321341887295
Carni,ssp370,2028,Global,0.15015851237048888,2.6936621443831457,2.8438206567536346,-2.5435036320126567
Carni,ssp370,2029,Global,0.10951954081623269,3.1771089383578404,3.286628479174073,-3.0675893975416075
Carni,ssp370,2030,Global,0.12468096338177535,3.0049032586822295,3.129584222064005,-2.880222295300454
Carni,ssp370,2031,Global,0.18109298867177456,2.696551095117066,2.877644083788841,-2.5154581064452914
Carni,ssp370,2032,Global,0.16659184879447209,2.722142723336342,2.888734572130814,-2.5555508745418702
Carni,ssp370,2033,Global,0.1531758997522752,2.6719287482519625,2.8251046480042374,-2.5187528484996875
Carni,ssp370,2034,Global,0.21627762929005834,2.7786147486458805,2.9948923779359387,-2.5623371193558224
Carni,ssp370,2035,Global,0.2000537192596965,2.6922707889881625,2.8923245082478592,-2.492217069728466
Carni,ssp370,2036,Global,0.20339175945485982,2.9560493949569624,3.159441154411822,-2.7526576355021026
Carni,ssp370,2037,Global,0.231922332443801,3.5738521631624476,3.8057744956062485,-3.3419298307186467
Carni,ssp370,2038,Global,0.21888510715348047,4.451306400747165,4.670191507900645,-4.232421293593685
Carni,ssp370,2039,Global,0.1943375965801399,2.9549498329573196,3.1492874295374595,-2.7606122363771797
Carni,ssp370,2040,Global,0.24998381856051285,3.100620797138977,3.35060461569949,-2.850636978578464
Carni,ssp370,2041,Global,0.23499026979321636,2.8255523687754347,3.060542638568651,-2.5905620989822182
Carni,ssp370,2042,Global,0.1858091917126859,3.0260631548563257,3.2118723465690118,-2.8402539631436396
Carni,ssp370,2043,Global,0.2709381511907556,3.1364123447742185,3.407350495964974,-2.865474193583463
Carni,ssp370,2044,Global,0.21008832912359415,2.850575512325887,3.060663841449481,-2.640487183202293
Carni,ssp370,2045,Global,0.254630268293999,2.8580477443807077,3.112678012674707,-2.6034174760867086
Carni,ssp370,2046,Global,0.2889816404026243,3.0321122791334654,3.32109391953609,-2.743130638730841
Carni,ssp370,2047,Global,0.29923465947454403,3.2995239433269647,3.598758602801509,-3.0002892838524207
Carni,ssp370,2048,Global,0.28815395792001486,2.979060413893737,3.267214371813752,-2.6909064559737224
Carni,ssp370,2049,Global,0.2558605822677094,3.154266230234573,3.4101268125022823,-2.8984056479668636
Carni,ssp370,2050,Global,0.28942455129981215,3.016933759196046,3.306358310495858,-2.727509207896234
Carni,ssp370,2051,Global,0.27422098440562603,3.1787593862517096,3.4529803706573357,-2.9045384018460836
Carni,ssp370,2052,Global,0.26920322133328817,3.2127843721957103,3.4819875935289986,-2.943581150862422
Carni,ssp370,2053,Global,0.2913739317884618,3.049742047266166,3.341115979054628,-2.7583681154777038
Carni,ssp370,2054,Global,0.27430054317396,3.027868293344251,3.302168836518211,-2.7535677501702907
Carni,ssp370,2055,Global,0.27301935905319974,3.2004824671692718,3.4735018262224715,-2.927463108116072
Carni,ssp370,2056,Global,0.27406696715254,3.01259280493041,3.28665977208295,-2.7385258377778703
Carni,ssp370,2057,Global,0.3185087620414957,3.373984192537072,3.692492954578568,-3.0554754304955765
Carni,ssp370,2058,Global,0.26596956926114035,3.1996805257423144,3.465650095003455,-2.933710956481174
Carni,ssp370,2059,Global,0.32497839232113884,3.230157594371247,3.555135986692386,-2.905179202050108
Carni,ssp370,2060,Global,0.28071831374992073,3.345796763762627,3.626515077512548,-3.065078450012706
Carni,ssp370,2061,Global,0.3207074390608009,3.720290082579864,4.040997521640665,-3.3995826435190635
Carni,ssp370,2062,Global,0.3092845764740483,3.245847717140121,3.5551322936141694,-2.9365631406660726
Carni,ssp370,2063,Global,0.34302097211145754,3.3075544462362516,3.6505754183477093,-2.964533474124794
Carni,ssp370,2064,Global,0.37502462238430734,3.200958808935422,3.5759834313197296,-2.8259341865511147
Carni,ssp370,2065,Global,0.33172746704056505,3.2745013228867492,3.6062287899273144,-2.942773855846184
Carni,ssp370,2066,Global,0.36779145365393995,3.223133564218896,3.590925017872836,-2.8553421105649557
Carni,ssp370,2067,Global,0.3589164408215299,3.789205441173313,4.148121881994843,-3.430289000351783
Carni,ssp370,2068,Global,0.3358135723282877,3.4738487985847524,3.80966237091304,-3.1380352262564646
Carni,ssp370,2069,Global,0.341053395299295,3.0809455134453256,3.4219989087446208,-2.7398921181460305
Carni,ssp370,2070,Global,0.3426356162894023,3.6088008667960727,3.951436483085475,-3.2661652505066705
Carni,ssp370,2071,Global,0.3830588786598219,3.512149456512657,3.895208335172479,-3.129090577852835
Carni,ssp370,2072,Global,0.4271094470999648,3.6234817861468915,4.050591233246856,-3.1963723390469267
Carni,ssp370,2073,Global,0.43502993719651845,3.453215217603346,3.8882451547998644,-3.018185280406828
Carni,ssp370,2074,Global,0.4333349349770178,3.739694103151184,4.173029038128202,-3.306359168174166
Carni,ssp370,2075,Global,0.40220073521759137,3.41494895860162,3.8171496938192115,-3.012748223384029
Carni,ssp370,2076,Global,0.4209007457720615,3.53569045803262,3.9565912038046815,-3.1147897122605586
Carni,ssp370,2077,Global,0.45209024888434457,3.575701388327162,4.027791637211506,-3.1236111394428177
Carni,ssp370,2078,Global,0.410128717875484,3.6012925406201526,4.011421258495637,-3.1911638227446684
Carni,ssp370,2079,Global,0.4189797972062952,3.864598728926326,4.283578526132621,-3.4456189317200305
Carni,ssp370,2080,Global,0.4913935713136771,3.426155346886764,3.917548918200441,-2.9347617755730866
Carni,ssp370,2081,Global,0.46140222998354313,3.666890878036642,4.128293108020185,-3.205488648053099
Carni,ssp370,2082,Global,0.4631459504344071,3.7497655092424247,4.212911459676832,-3.2866195588080176
Carni,ssp370,2083,Global,0.42737993244694583,3.56659632866398,3.9939762611109257,-3.1392163962170345
Carni,ssp370,2084,Global,0.4341610479051413,3.7854743039496968,4.219635351854838,-3.3513132560445555
Carni,ssp370,2085,Global,0.4786607517658473,4.030394421421084,4.5090551731869315,-3.5517336696552366
Carni,ssp370,2086,Global,0.4800090241211255,3.9387623362382795,4.418771360359405,-3.458753312117154
Carni,ssp370,2087,Global,0.5033151451474577,3.667052031422567,4.170367176570025,-3.1637368862751094
Carni,ssp370,2088,Global,0.521364414699304,3.639597519775686,4.16096193447499,-3.118233105076382
Carni,ssp370,2089,Global,0.4818318721973205,3.790143496856157,4.271975369053478,-3.3083116246588364
Carni,ssp370,2090,Global,0.5423409861384741,3.7568259208463517,4.2991669069848255,-3.2144849347078774
Carni,ssp370,2091,Global,0.5274886730572117,3.951461387322537,4.4789500603797485,-3.423972714265325
Carni,ssp370,2092,Global,0.5659785410095322,3.948596591301444,4.514575132310976,-3.382618050291912
Carni,ssp370,2093,Global,0.6021523118022676,3.9608827248809813,4.563035036683249,-3.358730413078714
Carni,ssp370,2094,Global,0.5556071803014515,3.6538079406596613,4.209415120961113,-3.0982007603582096
Carni,ssp370,2095,Global,0.5434938172441162,3.6170732551055784,4.160567072349695,-3.0735794378614623
Carni,ssp370,2096,Global,0.5829781489896526,3.7703085842479362,4.353286733237589,-3.187330435258284
Carni,ssp370,2097,Global,0.5485853849470244,3.9188697647178006,4.467455149664825,-3.3702843797707764
Carni,ssp370,2098,Global,0.5895744348417242,4.148187627404611,4.737762062246335,-3.5586131925628868
Carni,ssp370,2099,Global,0.6051760925505251,4.170731933951417,4.775908026501941,-3.5655558414008914
Carni,ssp370,2100,Global,0.6129735937603911,3.9724395642229378,4.585413157983329,-3.359465970462547
Carni,ssp585,1980,Global,0.007225288408142585,2.3246659579193847,2.3318912463275274,-2.317440669511242
Carni,ssp585,1981,Global,0.014182690591705335,2.817932912908015,2.8321156034997204,-2.8037502223163093
Carni,ssp585,1982,Global,0.07670303442972216,2.788985074246627,2.8656881086763493,-2.7122820398169045
Carni,ssp585,1983,Global,0.025376055169018915,3.3570193558082018,3.3823954109772205,-3.331643300639183
Carni,ssp585,1984,Global,-0.06927102913194406,2.886026367184975,2.816755338053031,-2.955297396316919
Carni,ssp585,1985,Global,-0.04199626450371179,3.058443699786561,3.016447435282849,-3.100439964290273
Carni,ssp585,1986,Global,-0.013281632853433417,3.7221389916671472,3.708857358813714,-3.7354206245205805
Carni,ssp585,1987,Global,-0.004375737970861608,2.455256497368381,2.4508807593975193,-2.459632235339243
Carni,ssp585,1988,Global,-0.005402363574650043,2.5596969123171642,2.554294548742514,-2.5650992758918143
Carni,ssp585,1989,Global,0.00929555387946367,2.561302831197255,2.5705983850767185,-2.5520072773177915
Carni,ssp585,1990,Global,-0.02555652298710895,2.2658727356340553,2.2403162126469462,-2.2914292586211644
Carni,ssp585,1991,Global,-0.016742518845227535,2.5428669131024013,2.526124394257174,-2.559609431947629
Carni,ssp585,1992,Global,0.03294845676437454,3.3502580882591277,3.3832065450235023,-3.317309631494753
Carni,ssp585,1993,Global,-0.05563119381878643,2.4903516805936374,2.434720486774851,-2.5459828744124238
Carni,ssp585,1994,Global,-0.05059954762168205,2.23325409427607,2.1826545466543883,-2.283853641897752
Carni,ssp585,1995,Global,-0.014221014848089773,2.93965438014352,2.9254333652954303,-2.95387539499161
Carni,ssp585,1996,Global,-0.0884909964545361,2.4128461576319657,2.32435516117743,-2.5013371540865017
Carni,ssp585,1997,Global,0.0798008916234165,3.564394084339321,3.6441949759627374,-3.4845931927159044
Carni,ssp585,1998,Global,0.06938249424124532,2.621996260786727,2.6913787550279724,-2.5526137665454818
Carni,ssp585,1999,Global,0.039983697580389346,2.427436689940653,2.4674203875210425,-2.387452992360264
Carni,ssp585,2000,Global,0.030670659922552943,2.947076494744919,2.9777471546674716,-2.916405834822366
Carni,ssp585,2001,Global,0.05450198553512597,2.5783232730333348,2.632825258568461,-2.5238212874982087
Carni,ssp585,2002,Global,0.14580896316495154,4.349942358782912,4.495751321947864,-4.20413339561796
Carni,ssp585,2003,Global,0.2675676635292384,4.264967252176999,4.532534915706237,-3.9973995886477605
Carni,ssp585,2004,Global,0.0695709333175566,2.810107275240968,2.879678208558525,-2.7405363419234114
Carni,ssp585,2005,Global,0.10613779321696336,2.6661290486058173,2.7722668418227805,-2.559991255388854
Carni,ssp585,2006,Global,0.12919045252473044,3.0064162054675685,3.135606657992299,-2.877225752942838
Carni,ssp585,2007,Global,0.05090221647492643,2.329765299145981,2.3806675156209076,-2.2788630826710543
Carni,ssp585,2008,Global,0.06588216174676631,2.5489185664078136,2.61480072815458,-2.483036404661047
Carni,ssp585,2009,Global,0.04251635325701519,2.454376258278231,2.4968926115352463,-2.411859905021216
Carni,ssp585,2010,Global,0.05766424604322993,3.2089868330189875,3.266651079062217,-3.1513225869757577
Carni,ssp585,2011,Global,0.071860025877424,2.340589131026101,2.412449156903525,-2.2687291051486773
Carni,ssp585,2012,Global,0.029222756268583366,3.1253093391254123,3.1545320953939955,-3.096086582856829
Carni,ssp585,2013,Global,0.1039517132621298,2.5597944722875208,2.6637461855496505,-2.455842759025391
Carni,ssp585,2014,Global,0.1127614979610101,3.396338594361137,3.509100092322147,-3.2835770964001267
Carni,ssp585,2015,Global,0.049760336672659375,3.1451641753729236,3.194924512045583,-3.095403838700264
Carni,ssp585,2016,Global,0.12791709769682913,3.135375368361249,3.263292466058078,-3.0074582706644195
Carni,ssp585,2017,Global,0.06652996811029055,3.034979881373563,3.1015098494838536,-2.9684499132632722
Carni,ssp585,2018,Global,0.0795260164742669,2.6942974727239806,2.7738234891982474,-2.6147714562497137
Carni,ssp585,2019,Global,0.1426629910606603,2.6009613693330382,2.7436243603936985,-2.458298378272378
Carni,ssp585,2020,Global,0.17266197772410175,2.131002174994181,2.303664152718283,-1.9583401972700791
Carni,ssp585,2021,Global,0.11131663075210332,3.3118070113538707,3.423123642105974,-3.2004903806017673
Carni,ssp585,2022,Global,0.1336357347698752,6.3099777383400735,6.443613473109949,-6.176342003570198
Carni,ssp585,2023,Global,0.1560162816330371,2.7767256274846672,2.9327419091177043,-2.62070934585163
Carni,ssp585,2024,Global,0.10602119594116512,2.567204608438705,2.6732258043798702,-2.46118341249754
Carni,ssp585,2025,Global,0.12806421040998414,2.699759370654318,2.8278235810643024,-2.571695160244334
Carni,ssp585,2026,Global,0.15254852593119597,2.7849688436429134,2.9375173695741092,-2.6324203177117176
Carni,ssp585,2027,Global,0.16254694442950107,3.456573299879617,3.619120244309118,-3.2940263554501157
Carni,ssp585,2028,Global,0.1380099877835346,2.6750503208036553,2.81306030858719,-2.5370403330201206
Carni,ssp585,2029,Global,0.13108657717898548,3.3073324210738297,3.438418998252815,-3.1762458438948444
Carni,ssp585,2030,Global,0.16801573368735984,2.6982499303940033,2.866265664081363,-2.5302341967066435
Carni,ssp585,2031,Global,0.2026249669164506,3.731658380104242,3.9342833470206924,-3.529033413187791
Carni,ssp585,2032,Global,0.21967138821774995,2.8818618285823834,3.1015332168001333,-2.6621904403646335
Carni,ssp585,2033,Global,0.23379950533309524,3.01068292091901,3.2444824262521053,-2.776883415585915
Carni,ssp585,2034,Global,0.18967379014330932,2.6418269505229457,2.831500740666255,-2.4521531603796363
Carni,ssp585,2035,Global,0.22443399336146588,2.5445915868016313,2.769025580163097,-2.3201575934401655
Carni,ssp585,2036,Global,0.21334339577837233,3.0860413925286396,3.299384788307012,-2.8726979967502673
Carni,ssp585,2037,Global,0.21868113192019834,3.010871442434988,3.2295525743551865,-2.7921903105147896
Carni,ssp585,2038,Global,0.22046742991272117,2.798108503170108,3.018575933082829,-2.5776410732573867
Carni,ssp585,2039,Global,0.22006122754699392,2.803696600905891,3.0237578284528848,-2.583635373358897
Carni,ssp585,2040,Global,0.23241998267085728,3.130856528525411,3.3632765111962684,-2.898436545854554
Carni,ssp585,2041,Global,0.22173237527295753,2.784448397293166,3.0061807725661236,-2.5627160220202088
Carni,ssp585,2042,Global,0.2579960228687323,2.8017111751144843,3.0597071979832164,-2.543715152245752
Carni,ssp585,2043,Global,0.29039382187809837,2.9136679817238784,3.204061803601977,-2.62327415984578
Carni,ssp585,2044,Global,0.30632485399345966,2.8707314654218665,3.177056319415326,-2.564406611428407
Carni,ssp585,2045,Global,0.2791015060561391,2.9697461689705698,3.248847675026709,-2.6906446629144307
Carni,ssp585,2046,Global,0.2558585218187874,3.1637088001168823,3.4195673219356695,-2.907850278298095
Carni,ssp585,2047,Global,0.2746407528709779,3.1851409087313614,3.459781661602339,-2.9105001558603836
Carni,ssp585,2048,Global,0.3270458343173031,3.1153655298852936,3.442411364202597,-2.7883196955679903
Carni,ssp585,2049,Global,0.32734944948729844,3.1978760622608635,3.525225511748162,-2.870526612773565
Carni,ssp585,2050,Global,0.3124212207267214,3.059768168161785,3.3721893888885064,-2.7473469474350636
Carni,ssp585,2051,Global,0.36218841201913327,2.984683554995524,3.3468719670146574,-2.622495142976391
Carni,ssp585,2052,Global,0.35834799745083057,3.343693008735812,3.7020410061866427,-2.9853450112849815
Carni,ssp585,2053,Global,0.33825987482028785,3.389801502654039,3.7280613774743268,-3.0515416278337515
Carni,ssp585,2054,Global,0.37695036494170586,3.542074350984844,3.9190247159265494,-3.165123986043138
Carni,ssp585,2055,Global,0.31245524655484214,3.308895737113126,3.621350983667968,-2.9964404905582835
Carni,ssp585,2056,Global,0.2943323208485653,3.256635891096585,3.5509682119451504,-2.96230357024802
Carni,ssp585,2057,Global,0.3588400960485433,3.216475835583612,3.575315931632155,-2.857635739535069
Carni,ssp585,2058,Global,0.3749389628925287,3.163190816212908,3.5381297791054367,-2.7882518533203795
Carni,ssp585,2059,Global,0.33035832735510257,3.2257409778295463,3.556099305184649,-2.8953826504744438
Carni,ssp585,2060,Global,0.3873371019838867,3.4757965101361155,3.863133612120002,-3.0884594081522287
Carni,ssp585,2061,Global,0.40319210746553635,3.618521417526661,4.021713524992197,-3.215329310061125
Carni,ssp585,2062,Global,0.37475929379055084,3.5109381756780635,3.8856974694686146,-3.1361788818875125
Carni,ssp585,2063,Global,0.4421735729194358,3.581445667315035,4.023619240234471,-3.1392720943955994
Carni,ssp585,2064,Global,0.42096573199031656,3.4609260779403455,3.881891809930662,-3.039960345950029
Carni,ssp585,2065,Global,0.40494945466030713,3.4712016255443214,3.8761510802046284,-3.0662521708840145
Carni,ssp585,2066,Global,0.4583608234820129,3.604711772801807,4.06307259628382,-3.1463509493197943
Carni,ssp585,2067,Global,0.43242034917914585,3.462693392724905,3.8951137419040505,-3.030273043545759
Carni,ssp585,2068,Global,0.45342043390889764,3.3567081254335074,3.810128559342405,-2.9032876915246097
Carni,ssp585,2069,Global,0.49374024276722617,3.815750913608293,4.309491156375519,-3.322010670841067
Carni,ssp585,2070,Global,0.5234790713271011,3.7816875022164944,4.3051665735435956,-3.2582084308893933
Carni,ssp585,2071,Global,0.46053888977198554,3.8635380878068633,4.324076977578849,-3.4029991980348777
Carni,ssp585,2072,Global,0.464423134593943,3.7283006550140025,4.192723789607945,-3.2638775204200594
Carni,ssp585,2073,Global,0.5131956593941385,3.805262396791965,4.3184580561861035,-3.2920667373978265
Carni,ssp585,2074,Global,0.48180312017520655,3.812510131677678,4.294313251852885,-3.3307070115024717
Carni,ssp585,2075,Global,0.44775012856092106,3.818221453665445,4.265971582226366,-3.370471325104524
Carni,ssp585,2076,Global,0.4670369812430587,3.8633264231544953,4.330363404397554,-3.3962894419114367
Carni,ssp585,2077,Global,0.5178975976247544,4.092735474432386,4.610633072057141,-3.5748378768076314
Carni,ssp585,2078,Global,0.5530116338263973,4.034077354257278,4.587088988083675,-3.4810657204308804
Carni,ssp585,2079,Global,0.4743747228805273,3.809354653723398,4.283729376603925,-3.334979930842871
Carni,ssp585,2080,Global,0.5097178649498939,3.6840651912082456,4.193783056158139,-3.174347326258352
Carni,ssp585,2081,Global,0.6028147601070604,3.940748892670674,4.543563652777735,-3.3379341325636136
Carni,ssp585,2082,Global,0.5944177009972365,3.832632973001198,4.427050673998434,-3.238215272003962
Carni,ssp585,2083,Global,0.5743828377728488,4.106498633774676,4.680881471547524,-3.532115796001827
Carni,ssp585,2084,Global,0.5491301918279945,4.086301429769248,4.635431621597243,-3.537171237941254
Carni,ssp585,2085,Global,0.5695950983565456,4.172334775118694,4.7419298734752395,-3.6027396767621482
Carni,ssp585,2086,Global,0.5872919546095922,4.169313060956666,4.756605015566258,-3.582021106347074
Carni,ssp585,2087,Global,0.5443551449210923,4.351004111779922,4.895359256701014,-3.8066489668588295
Carni,ssp585,2088,Global,0.6468674277746516,4.380268278164929,5.027135705939581,-3.733400850390278
Carni,ssp585,2089,Global,0.6545436490478654,3.9547484314287185,4.609292080476584,-3.300204782380853
Carni,ssp585,2090,Global,0.5913248239640426,4.216965120676654,4.808289944640697,-3.625640296712611
Carni,ssp585,2091,Global,0.5927343780891385,4.111230036179444,4.703964414268583,-3.5184956580903055
Carni,ssp585,2092,Global,0.60051172551816,4.127453931936494,4.7279656574546545,-3.526942206418334
Carni,ssp585,2093,Global,0.5759042732245288,4.198602247203308,4.7745065204278365,-3.622697973978779
Carni,ssp585,2094,Global,0.6260675256516908,4.1502786566115955,4.7763461822632864,-3.5242111309599045
Carni,ssp585,2095,Global,0.7043336344940986,4.14765365366042,4.851987288154518,-3.4433200191663214
Carni,ssp585,2096,Global,0.6496618569263203,4.431686740638468,5.081348597564788,-3.7820248837121477
Carni,ssp585,2097,Global,0.6070780390933518,4.320675211883561,4.927753250976913,-3.7135971727902093
Carni,ssp585,2098,Global,0.6724049994022572,4.241103818574639,4.913508817976896,-3.568698819172382
Carni,ssp585,2099,Global,0.6728531248287414,4.389987471581216,5.062840596409957,-3.717134346752475
Carni,ssp585,2100,Global,0.7124681319918962,4.31269602077011,5.025164152762006,-3.600227888778214
Carni,ssp126,1980,Polar,0.05167249238299318,3.176846161531459,3.228518653914452,-3.125173669148466
Carni,ssp126,1981,Polar,-0.06600337618604925,4.162039178410272,4.096035802224223,-4.228042554596322
Carni,ssp126,1982,Polar,0.1710344376890113,3.3253827419327013,3.4964171796217127,-3.15434830424369
Carni,ssp126,1983,Polar,0.11758837316853459,5.148453581755942,5.266041954924477,-5.030865208587407
Carni,ssp126,1984,Polar,-0.13486032270361678,4.5534145259638095,4.418554203260193,-4.688274848667426
Carni,ssp126,1985,Polar,0.010589759926547468,5.0382023598042105,5.048792119730758,-5.027612599877663
Carni,ssp126,1986,Polar,0.03293028451904029,6.281187444262562,6.314117728781603,-6.248257159743521
Carni,ssp126,1987,Polar,0.11979178989456386,3.9451817983290405,4.064973588223604,-3.8253900084344767
Carni,ssp126,1988,Polar,-0.024503464751864597,3.677053667704822,3.6525502029529573,-3.7015571324566867
Carni,ssp126,1989,Polar,-0.08785140586369798,3.764960441493181,3.677109035629483,-3.852811847356879
Carni,ssp126,1990,Polar,-0.09287324662147095,3.3682553347787763,3.2753820881573055,-3.461128581400247
Carni,ssp126,1991,Polar,-0.04586995899701493,4.240583405765176,4.194713446768161,-4.286453364762191
Carni,ssp126,1992,Polar,0.17811202193799067,5.65425292107908,5.832364943017071,-5.47614089914109
Carni,ssp126,1993,Polar,-0.14277168415136435,3.834116204336029,3.6913445201846646,-3.976887888487393
Carni,ssp126,1994,Polar,-0.11957710472322056,3.2719449850670914,3.152367880343871,-3.3915220897903118
Carni,ssp126,1995,Polar,-0.012787977535968952,4.879551120617876,4.866763143081907,-4.892339098153845
Carni,ssp126,1996,Polar,-0.30042817847867725,3.7418184195106745,3.441390241031997,-4.042246597989352
Carni,ssp126,1997,Polar,0.15320957843987082,5.964239610880956,6.117449189320826,-5.811030032441085
Carni,ssp126,1998,Polar,0.14791781199841308,4.209681373506641,4.357599185505054,-4.061763561508228
Carni,ssp126,1999,Polar,0.03383929021114707,3.9151952590862424,3.9490345492973895,-3.8813559688750954
Carni,ssp126,2000,Polar,0.010840879844833012,4.396262217304271,4.407103097149104,-4.385421337459437
Carni,ssp126,2001,Polar,0.036650124367972686,3.9538987428383727,3.9905488672063454,-3.9172486184704
Carni,ssp126,2002,Polar,0.2701735281318579,6.431685919101703,6.701859447233561,-6.161512390969845
Carni,ssp126,2003,Polar,0.4942088209300065,6.714103554431542,7.208312375361548,-6.219894733501536
Carni,ssp126,2004,Polar,0.029286343808477833,4.473197615248203,4.502483959056681,-4.443911271439726
Carni,ssp126,2005,Polar,0.1470494279672701,4.207438946179711,4.354488374146982,-4.060389518212441
Carni,ssp126,2006,Polar,0.20754354285841056,4.789332290183309,4.99687583304172,-4.581788747324898
Carni,ssp126,2007,Polar,0.030542982178535204,3.239919804130436,3.270462786308971,-3.209376821951901
Carni,ssp126,2008,Polar,0.029952903627998257,3.8157271606070204,3.845680064235019,-3.785774256979022
Carni,ssp126,2009,Polar,0.10745630812974451,3.6607405590670687,3.768196867196813,-3.5532842509373244
Carni,ssp126,2010,Polar,0.15979343912554056,5.030990577310133,5.190784016435674,-4.871197138184592
Carni,ssp126,2011,Polar,0.054965839183117246,3.321161094774233,3.3761269339573503,-3.2661952555911156
Carni,ssp126,2012,Polar,-0.09797147219025783,4.706490899959991,4.608519427769733,-4.804462372150248
Carni,ssp126,2013,Polar,0.09861815104954454,3.6452074182560037,3.743825569305548,-3.546589267206459
Carni,ssp126,2014,Polar,0.20104761129875057,5.250888593689283,5.4519362049880336,-5.049840982390533
Carni,ssp126,2015,Polar,0.16550256311233053,3.162205425420861,3.3277079885331915,-2.9967028623085303
Carni,ssp126,2016,Polar,0.10029641947063578,3.3688453733027828,3.4691417927734185,-3.268548953832147
Carni,ssp126,2017,Polar,0.03302303517008279,4.613340329724682,4.646363364894765,-4.580317294554599
Carni,ssp126,2018,Polar,0.13105229583261258,6.137565666968784,6.268617962801397,-6.006513371136171
Carni,ssp126,2019,Polar,0.20631360825915546,4.211776406658346,4.418090014917501,-4.00546279839919
Carni,ssp126,2020,Polar,0.15384590417870558,3.682398798523873,3.8362447027025786,-3.528552894345167
Carni,ssp126,2021,Polar,0.19108304531834847,3.7002257656168003,3.891308810935149,-3.5091427202984518
Carni,ssp126,2022,Polar,0.16518684854674898,3.7532094007204537,3.918396249267203,-3.5880225521737046
Carni,ssp126,2023,Polar,0.15889887230259075,3.888927715107239,4.04782658740983,-3.730028842804648
Carni,ssp126,2024,Polar,0.11121503462933705,3.605673151663236,3.7168881862925733,-3.494458117033899
Carni,ssp126,2025,Polar,0.23614675059172846,5.336400918337301,5.572547668929029,-5.100254167745573
Carni,ssp126,2026,Polar,0.17316614422321736,4.03801229084368,4.2111784350668975,-3.8648461466204624
Carni,ssp126,2027,Polar,0.18711375779755607,3.809858311261614,3.99697206905917,-3.622744553464058
Carni,ssp126,2028,Polar,0.28806655913070567,4.057517645158704,4.34558420428941,-3.769451086027998
Carni,ssp126,2029,Polar,0.24745883620271322,3.852860416329326,4.100319252532039,-3.6054015801266126
Carni,ssp126,2030,Polar,0.2463246677200462,3.8158475878931304,4.062172255613176,-3.569522920173084
Carni,ssp126,2031,Polar,0.23399899237935703,4.270310525484564,4.504309517863921,-4.036311533105207
Carni,ssp126,2032,Polar,0.21154292188644014,4.180628417996938,4.392171339883378,-3.9690854961104978
Carni,ssp126,2033,Polar,0.23092527668359011,5.122650463532536,5.353575740216126,-4.891725186848946
Carni,ssp126,2034,Polar,0.3361064026591697,4.131801388471939,4.467907791131109,-3.7956949858127698
Carni,ssp126,2035,Polar,0.3144851172452008,4.633908444521917,4.9483935617671175,-4.319423327276716
Carni,ssp126,2036,Polar,0.2809895018393199,3.7435956186108785,4.024585120450198,-3.4626061167715587
Carni,ssp126,2037,Polar,0.3251659678042752,4.926840883371348,5.252006851175623,-4.601674915567073
Carni,ssp126,2038,Polar,0.28870642077113673,3.6708167327126047,3.959523153483741,-3.382110311941468
Carni,ssp126,2039,Polar,0.30102124386247214,3.904065440488894,4.205086684351366,-3.603044196626422
Carni,ssp126,2040,Polar,0.34600488294747733,3.611948789996636,3.9579536729441136,-3.2659439070491585
Carni,ssp126,2041,Polar,0.2710990393238222,4.057107825804845,4.328206865128667,-3.7860087864810232
Carni,ssp126,2042,Polar,0.31074324835497646,3.54928882653318,3.8600320748881565,-3.2385455781782033
Carni,ssp126,2043,Polar,0.4028447719347459,3.9028304962582587,4.305675268193005,-3.499985724323513
Carni,ssp126,2044,Polar,0.28394733577885717,4.255220930522901,4.5391682663017585,-3.971273594744044
Carni,ssp126,2045,Polar,0.3581432294796771,3.630424160150721,3.988567389630398,-3.2722809306710436
Carni,ssp126,2046,Polar,0.3684436966347536,4.016432985201651,4.3848766818364044,-3.6479892885668974
Carni,ssp126,2047,Polar,0.34445459974821374,4.06162528818386,4.406079887932074,-3.7171706884356466
Carni,ssp126,2048,Polar,0.35024668953620675,3.8252846756834997,4.175531365219706,-3.475037986147293
Carni,ssp126,2049,Polar,0.3343309494013117,4.397691324171453,4.732022273572765,-4.0633603747701414
Carni,ssp126,2050,Polar,0.3462734771087223,4.646223053959862,4.992496531068585,-4.29994957685114
Carni,ssp126,2051,Polar,0.2768756085610291,4.06965712765629,4.34653273621732,-3.792781519095261
Carni,ssp126,2052,Polar,0.32408969933601867,3.701203104167539,4.025292803503557,-3.3771134048315203
Carni,ssp126,2053,Polar,0.3823330010870501,4.37992805537856,4.7622610564656105,-3.99759505429151
Carni,ssp126,2054,Polar,0.37701369579848376,4.000792492601266,4.37780618839975,-3.6237787968027826
Carni,ssp126,2055,Polar,0.3319853837670819,3.704271260518236,4.036256644285318,-3.372285876751154
Carni,ssp126,2056,Polar,0.43876512602504614,4.0542263823312945,4.492991508356341,-3.6154612563062485
Carni,ssp126,2057,Polar,0.470646316955568,3.5129742248406584,3.9836205417962263,-3.0423279078850904
Carni,ssp126,2058,Polar,0.2716836685957151,4.737096148195967,5.008779816791682,-4.465412479600252
Carni,ssp126,2059,Polar,0.3124285658910847,4.120927971644509,4.433356537535594,-3.808499405753424
Carni,ssp126,2060,Polar,0.337447520090993,4.113315843623205,4.450763363714199,-3.775868323532212
Carni,ssp126,2061,Polar,0.3551892248220294,5.228367664332752,5.5835568891547815,-4.873178439510722
Carni,ssp126,2062,Polar,0.3454348991563855,3.3886218357177187,3.734056734874104,-3.0431869365613333
Carni,ssp126,2063,Polar,0.4111022600077049,4.332034991425164,4.743137251432869,-3.9209327314174596
Carni,ssp126,2064,Polar,0.35554756008000343,3.7598588983846963,4.1154064584647,-3.404311338304693
Carni,ssp126,2065,Polar,0.5017580262419483,3.8333119094982417,4.33506993574019,-3.3315538832562934
Carni,ssp126,2066,Polar,0.3959270392401627,4.2817647585263146,4.677691797766477,-3.885837719286152
Carni,ssp126,2067,Polar,0.4341960846995245,4.107903741751029,4.542099826450554,-3.6737076570515046
Carni,ssp126,2068,Polar,0.43133202058571263,3.691160316083014,4.122492336668727,-3.2598282954973015
Carni,ssp126,2069,Polar,0.3361253937880759,4.1553999249618006,4.4915253187498765,-3.8192745311737246
Carni,ssp126,2070,Polar,0.32335245225770326,6.03126731901978,6.354619771277483,-5.707914866762077
Carni,ssp126,2071,Polar,0.3795687125900534,3.8628211199840687,4.242389832574122,-3.483252407394015
Carni,ssp126,2072,Polar,0.43947674855755975,4.071587800183949,4.511064548741509,-3.6321110516263895
Carni,ssp126,2073,Polar,0.43284027493147015,4.3977589937937,4.83059926872517,-3.96491871886223
Carni,ssp126,2074,Polar,0.42607934114818735,3.572491697914918,3.9985710390631057,-3.1464123567667306
Carni,ssp126,2075,Polar,0.46190933439120874,3.9638544391736072,4.425763773564816,-3.5019451047823984
Carni,ssp126,2076,Polar,0.39878862769066953,3.9100659613637525,4.308854589054422,-3.511277333673083
Carni,ssp126,2077,Polar,0.38428655780424636,4.176130954424655,4.560417512228902,-3.791844396620409
Carni,ssp126,2078,Polar,0.43649830025363,4.707763142122581,5.144261442376211,-4.271264841868951
Carni,ssp126,2079,Polar,0.4966695948444569,4.309422326312442,4.806091921156899,-3.8127527314679845
Carni,ssp126,2080,Polar,0.481923559949705,4.15276969446918,4.6346932544188855,-3.670846134519475
Carni,ssp126,2081,Polar,0.44265396176302096,5.09918399131924,5.541837953082261,-4.656530029556219
Carni,ssp126,2082,Polar,0.5221549039727331,3.714060915920822,4.236215819893555,-3.191906011948089
Carni,ssp126,2083,Polar,0.5276413754819818,4.542386690279807,5.070028065761789,-4.014745314797826
Carni,ssp126,2084,Polar,0.5429188895615688,6.35660071626989,6.8995196058314585,-5.813681826708321
Carni,ssp126,2085,Polar,0.35507170675901545,6.008415844245612,6.363487551004628,-5.653344137486597
Carni,ssp126,2086,Polar,0.533403831814308,4.065174805673457,4.598578637487765,-3.5317709738591487
Carni,ssp126,2087,Polar,0.5026105586704276,4.353626519544646,4.856237078215074,-3.8510159608742183
Carni,ssp126,2088,Polar,0.40551759712475954,4.378716540869132,4.7842341379938915,-3.973198943744373
Carni,ssp126,2089,Polar,0.49211134716463356,3.448076607437239,3.9401879546018725,-2.9559652602726056
Carni,ssp126,2090,Polar,0.44118616111195486,6.776572127039681,7.217758288151636,-6.335385965927726
Carni,ssp126,2091,Polar,0.5214163293854659,3.92182900736194,4.443245336747406,-3.4004126779764743
Carni,ssp126,2092,Polar,0.574679424837039,3.694787651939849,4.269467076776888,-3.12010822710281
Carni,ssp126,2093,Polar,0.5162602804812696,4.776605767072109,5.292866047553378,-4.26034548659084
Carni,ssp126,2094,Polar,0.5382335500390942,4.068948553426296,4.60718210346539,-3.5307150033872015
Carni,ssp126,2095,Polar,0.44566883899680654,4.613692872871837,5.059361711868644,-4.168024033875031
Carni,ssp126,2096,Polar,0.41612478363455724,3.960963378691054,4.377088162325611,-3.544838595056497
Carni,ssp126,2097,Polar,0.4773719016985536,4.979219456921681,5.456591358620235,-4.501847555223128
Carni,ssp126,2098,Polar,0.44177580633435437,11.591205641993758,12.032981448328112,-11.149429835659404
Carni,ssp126,2099,Polar,0.5615918522359272,4.6782628426321,5.239854694868027,-4.116670990396173
Carni,ssp126,2100,Polar,0.5673980930997731,3.869192053331538,4.4365901464313104,-3.3017939602317647
Carni,ssp370,1980,Polar,0.05167249238299318,3.176846161531459,3.228518653914452,-3.125173669148466
Carni,ssp370,1981,Polar,-0.06600337618604925,4.162039178410272,4.096035802224223,-4.228042554596322
Carni,ssp370,1982,Polar,0.1710344376890113,3.3253827419327013,3.4964171796217127,-3.15434830424369
Carni,ssp370,1983,Polar,0.11758837316853459,5.148453581755942,5.266041954924477,-5.030865208587407
Carni,ssp370,1984,Polar,-0.13486032270361678,4.5534145259638095,4.418554203260193,-4.688274848667426
Carni,ssp370,1985,Polar,0.010589759926547468,5.0382023598042105,5.048792119730758,-5.027612599877663
Carni,ssp370,1986,Polar,0.03293028451904029,6.281187444262562,6.314117728781603,-6.248257159743521
Carni,ssp370,1987,Polar,0.11979178989456386,3.9451817983290405,4.064973588223604,-3.8253900084344767
Carni,ssp370,1988,Polar,-0.024503464751864597,3.677053667704822,3.6525502029529573,-3.7015571324566867
Carni,ssp370,1989,Polar,-0.08785140586369798,3.764960441493181,3.677109035629483,-3.852811847356879
Carni,ssp370,1990,Polar,-0.09287324662147095,3.3682553347787763,3.2753820881573055,-3.461128581400247
Carni,ssp370,1991,Polar,-0.04586995899701493,4.240583405765176,4.194713446768161,-4.286453364762191
Carni,ssp370,1992,Polar,0.17811202193799067,5.65425292107908,5.832364943017071,-5.47614089914109
Carni,ssp370,1993,Polar,-0.14277168415136435,3.834116204336029,3.6913445201846646,-3.976887888487393
Carni,ssp370,1994,Polar,-0.11957710472322056,3.2719449850670914,3.152367880343871,-3.3915220897903118
Carni,ssp370,1995,Polar,-0.012787977535968952,4.879551120617876,4.866763143081907,-4.892339098153845
Carni,ssp370,1996,Polar,-0.30042817847867725,3.7418184195106745,3.441390241031997,-4.042246597989352
Carni,ssp370,1997,Polar,0.15320957843987082,5.964239610880956,6.117449189320826,-5.811030032441085
Carni,ssp370,1998,Polar,0.14791781199841308,4.209681373506641,4.357599185505054,-4.061763561508228
Carni,ssp370,1999,Polar,0.03383929021114707,3.9151952590862424,3.9490345492973895,-3.8813559688750954
Carni,ssp370,2000,Polar,0.010840879844833012,4.396262217304271,4.407103097149104,-4.385421337459437
Carni,ssp370,2001,Polar,0.036650124367972686,3.9538987428383727,3.9905488672063454,-3.9172486184704
Carni,ssp370,2002,Polar,0.2701735281318579,6.431685919101703,6.701859447233561,-6.161512390969845
Carni,ssp370,2003,Polar,0.4942088209300065,6.714103554431542,7.208312375361548,-6.219894733501536
Carni,ssp370,2004,Polar,0.029286343808477833,4.473197615248203,4.502483959056681,-4.443911271439726
Carni,ssp370,2005,Polar,0.1470494279672701,4.207438946179711,4.354488374146982,-4.060389518212441
Carni,ssp370,2006,Polar,0.20754354285841056,4.789332290183309,4.99687583304172,-4.581788747324898
Carni,ssp370,2007,Polar,0.030542982178535204,3.239919804130436,3.270462786308971,-3.209376821951901
Carni,ssp370,2008,Polar,0.029952903627998257,3.8157271606070204,3.845680064235019,-3.785774256979022
Carni,ssp370,2009,Polar,0.10745630812974451,3.6607405590670687,3.768196867196813,-3.5532842509373244
Carni,ssp370,2010,Polar,0.15979343912554056,5.030990577310133,5.190784016435674,-4.871197138184592
Carni,ssp370,2011,Polar,0.054965839183117246,3.321161094774233,3.3761269339573503,-3.2661952555911156
Carni,ssp370,2012,Polar,-0.09797147219025783,4.706490899959991,4.608519427769733,-4.804462372150248
Carni,ssp370,2013,Polar,0.09861815104954454,3.6452074182560037,3.743825569305548,-3.546589267206459
Carni,ssp370,2014,Polar,0.20104761129875057,5.250888593689283,5.4519362049880336,-5.049840982390533
Carni,ssp370,2015,Polar,0.04647814443118101,6.025216466795039,6.071694611226221,-5.978738322363858
Carni,ssp370,2016,Polar,0.07295935922570326,3.9419987112363857,4.014958070462089,-3.8690393520106823
Carni,ssp370,2017,Polar,0.057706963522387675,3.599928458593609,3.657635422115997,-3.5422214950712214
Carni,ssp370,2018,Polar,0.1688669168317365,3.3714883511438982,3.5403552679756345,-3.202621434312162
Carni,ssp370,2019,Polar,0.2026996743281939,4.420820054592883,4.623519728921077,-4.218120380264689
Carni,ssp370,2020,Polar,0.18131103545883998,3.588161878677732,3.7694729141365717,-3.406850843218892
Carni,ssp370,2021,Polar,0.10319220611265364,5.384558388098727,5.487750594211381,-5.281366181986073
Carni,ssp370,2022,Polar,0.10691523263889707,3.3762143082366136,3.4831295408755105,-3.2692990755977167
Carni,ssp370,2023,Polar,0.286854215596416,5.67427097678327,5.961125192379686,-5.387416761186854
Carni,ssp370,2024,Polar,0.14619621810129246,4.136343218653117,4.282539436754409,-3.9901470005518247
Carni,ssp370,2025,Polar,0.2037338058151762,3.388493044561759,3.5922268503769352,-3.184759238746583
Carni,ssp370,2026,Polar,0.1533917109466096,3.508857503002473,3.6622492139490825,-3.3554657920558633
Carni,ssp370,2027,Polar,0.16663863038000654,4.77881168949147,4.945450319871477,-4.612173059111464
Carni,ssp370,2028,Polar,0.20326281851430444,3.359661773596679,3.5629245921109836,-3.156398955082375
Carni,ssp370,2029,Polar,0.14919879688686,4.317787180132834,4.466985977019694,-4.168588383245974
Carni,ssp370,2030,Polar,0.18501324453990037,4.1795506031196785,4.3645638476595785,-3.994537358579778
Carni,ssp370,2031,Polar,0.22936507006762286,3.6818819655019945,3.9112470355696174,-3.4525168954343717
Carni,ssp370,2032,Polar,0.24767129343490002,3.5559766941621143,3.803647987597014,-3.3083054007272144
Carni,ssp370,2033,Polar,0.16913223334884636,3.4775707699654217,3.646703003314268,-3.3084385366165754
Carni,ssp370,2034,Polar,0.27068133068653977,3.755021305986424,4.025702636672964,-3.4843399752998843
Carni,ssp370,2035,Polar,0.16379256680338697,3.778017189927326,3.941809756730713,-3.614224623123939
Carni,ssp370,2036,Polar,0.2236086876836101,4.029984982535546,4.253593670219156,-3.806376294851936
Carni,ssp370,2037,Polar,0.16406524625854463,5.774749901264101,5.938815147522646,-5.610684655005556
Carni,ssp370,2038,Polar,0.2688675400236156,7.1614882141055665,7.430355754129182,-6.892620674081951
Carni,ssp370,2039,Polar,0.22818471624992856,3.7048550514937286,3.933039767743657,-3.4766703352438
Carni,ssp370,2040,Polar,0.27217067658745014,4.317198751818865,4.589369428406315,-4.045028075231415
Carni,ssp370,2041,Polar,0.21300634723310402,4.159132534446608,4.372138881679712,-3.9461261872135043
Carni,ssp370,2042,Polar,0.15401820024738655,4.025063399095588,4.179081599342974,-3.8710451988482015
Carni,ssp370,2043,Polar,0.29989162677999304,3.7285700393860814,4.028461666166074,-3.4286784126060885
Carni,ssp370,2044,Polar,0.282255823637776,4.076061853945691,4.358317677583467,-3.7938060303079153
Carni,ssp370,2045,Polar,0.29740639537620583,3.8518096143475424,4.149216009723748,-3.554403218971337
Carni,ssp370,2046,Polar,0.30844491455983647,4.0345271370941065,4.342972051653943,-3.72608222253427
Carni,ssp370,2047,Polar,0.2777837370507683,4.623018628518018,4.9008023655687865,-4.34523489146725
Carni,ssp370,2048,Polar,0.28821156988959634,4.060033073137762,4.348244643027359,-3.771821503248166
Carni,ssp370,2049,Polar,0.252539056049229,4.284500472849548,4.537039528898777,-4.0319614168003195
Carni,ssp370,2050,Polar,0.18729821170858973,4.225599524163012,4.412897735871602,-4.038301312454423
Carni,ssp370,2051,Polar,0.339359171185456,3.8134015191837847,4.152760690369241,-3.4740423479983287
Carni,ssp370,2052,Polar,0.1881844246612191,4.539939723428191,4.728124148089409,-4.351755298766972
Carni,ssp370,2053,Polar,0.275712729254023,3.9472448517358507,4.222957580989874,-3.671532122481828
Carni,ssp370,2054,Polar,0.2666877440542189,3.814073268869182,4.080761012923401,-3.5473855248149633
Carni,ssp370,2055,Polar,0.3359478907991883,4.24837331207808,4.584321202877268,-3.9124254212788916
Carni,ssp370,2056,Polar,0.21760533495006523,3.8721017935553887,4.089707128505454,-3.6544964586053235
Carni,ssp370,2057,Polar,0.3067665823079231,4.615134530170901,4.921901112478825,-4.308367947862978
Carni,ssp370,2058,Polar,0.23834202018724696,4.253320527471741,4.491662547658988,-4.014978507284495
Carni,ssp370,2059,Polar,0.3150450956977312,4.215061106767623,4.530106202465354,-3.9000160110698916
Carni,ssp370,2060,Polar,0.2888594521243213,4.5344524406068825,4.823311892731204,-4.245592988482561
Carni,ssp370,2061,Polar,0.2779735654151878,5.345588963207241,5.623562528622429,-5.0676153977920535
Carni,ssp370,2062,Polar,0.314473620712904,4.158974034615786,4.47344765532869,-3.844500413902882
Carni,ssp370,2063,Polar,0.31134878522940135,4.101783387763188,4.413132172992589,-3.7904346025337867
Carni,ssp370,2064,Polar,0.41177347403057085,4.059738803519233,4.471512277549803,-3.647965329488662
Carni,ssp370,2065,Polar,0.3438602491674627,4.300276950552227,4.64413719971969,-3.9564167013847644
Carni,ssp370,2066,Polar,0.3970630240234213,4.000378551276755,4.397441575300177,-3.603315527253334
Carni,ssp370,2067,Polar,0.39185665984931833,5.256217621420773,5.648074281270091,-4.864360961571455
Carni,ssp370,2068,Polar,0.2877011679308621,4.685150218758508,4.972851386689371,-4.397449050827646
Carni,ssp370,2069,Polar,0.38017958373217964,3.744394911930966,4.124574495663146,-3.3642153281987865
Carni,ssp370,2070,Polar,0.43226216294607045,4.677147618032906,5.109409780978977,-4.244885455086836
Carni,ssp370,2071,Polar,0.49127625223572163,4.725547810303357,5.216824062539078,-4.234271558067635
Carni,ssp370,2072,Polar,0.3526719741349066,4.564370844260816,4.917042818395723,-4.211698870125909
Carni,ssp370,2073,Polar,0.30866827992230483,4.560083980472403,4.868752260394708,-4.2514157005500985
Carni,ssp370,2074,Polar,0.38976518248988373,4.742154467915801,5.131919650405685,-4.352389285425918
Carni,ssp370,2075,Polar,0.33804749584165206,4.428769241372675,4.766816737214326,-4.090721745531023
Carni,ssp370,2076,Polar,0.3631144820098262,4.508287788950933,4.871402270960759,-4.145173306941107
Carni,ssp370,2077,Polar,0.4142451430234511,4.651239196976027,5.065484339999478,-4.236994053952576
Carni,ssp370,2078,Polar,0.4596577310521691,4.454804590159563,4.914462321211732,-3.995146859107394
Carni,ssp370,2079,Polar,0.3890039160441374,4.436164700897356,4.825168616941493,-4.047160784853219
Carni,ssp370,2080,Polar,0.4577478562211231,4.432712325594959,4.890460181816082,-3.974964469373836
Carni,ssp370,2081,Polar,0.273225433287182,4.724661953752066,4.997887387039248,-4.451436520464884
Carni,ssp370,2082,Polar,0.40005694461605734,4.876930517778788,5.276987462394845,-4.47687357316273
Carni,ssp370,2083,Polar,0.37646240977857504,4.696371647683518,5.072834057462092,-4.319909237904943
Carni,ssp370,2084,Polar,0.43493954987238703,5.099442668315391,5.534382218187778,-4.664503118443005
Carni,ssp370,2085,Polar,0.37051622482068713,5.004019250947119,5.374535475767805,-4.633503026126432
Carni,ssp370,2086,Polar,0.3307870585196082,5.139957148154131,5.470744206673739,-4.809170089634522
Carni,ssp370,2087,Polar,0.4252215723372951,4.753572399200922,5.178793971538218,-4.328350826863627
Carni,ssp370,2088,Polar,0.5119903386711786,4.538336409284869,5.050326747956047,-4.026346070613691
Carni,ssp370,2089,Polar,0.48662497955183504,4.897591694791517,5.384216674343352,-4.410966715239682
Carni,ssp370,2090,Polar,0.40801343990703143,4.753293815816206,5.161307255723237,-4.345280375909175
Carni,ssp370,2091,Polar,0.45545631480716436,5.06040937971122,5.515865694518384,-4.6049530649040555
Carni,ssp370,2092,Polar,0.5465452186246924,5.06156997722503,5.608115195849723,-4.515024758600338
Carni,ssp370,2093,Polar,0.5446429699580503,4.627690965648443,5.172333935606494,-4.083047995690393
Carni,ssp370,2094,Polar,0.5360148307075734,4.627804933452128,5.163819764159702,-4.091790102744555
Carni,ssp370,2095,Polar,0.5319862197305703,4.623736155407505,5.155722375138075,-4.091749935676934
Carni,ssp370,2096,Polar,0.484882941802215,4.86496143984365,5.349844381645864,-4.380078498041435
Carni,ssp370,2097,Polar,0.5398390212186424,4.832065920789966,5.371904942008609,-4.2922268995713235
Carni,ssp370,2098,Polar,0.5323199660630507,5.347661760709151,5.879981726772202,-4.8153417946461
Carni,ssp370,2099,Polar,0.6870652293501841,5.374139945336114,6.061205174686298,-4.68707471598593
Carni,ssp370,2100,Polar,0.6282575076152562,5.081487590172195,5.709745097787451,-4.453230082556939
Carni,ssp585,1980,Polar,0.05167249238299318,3.176846161531459,3.228518653914452,-3.125173669148466
Carni,ssp585,1981,Polar,-0.06600337618604925,4.162039178410272,4.096035802224223,-4.228042554596322
Carni,ssp585,1982,Polar,0.1710344376890113,3.3253827419327013,3.4964171796217127,-3.15434830424369
Carni,ssp585,1983,Polar,0.11758837316853459,5.148453581755942,5.266041954924477,-5.030865208587407
Carni,ssp585,1984,Polar,-0.13486032270361678,4.5534145259638095,4.418554203260193,-4.688274848667426
Carni,ssp585,1985,Polar,0.010589759926547468,5.0382023598042105,5.048792119730758,-5.027612599877663
Carni,ssp585,1986,Polar,0.03293028451904029,6.281187444262562,6.314117728781603,-6.248257159743521
Carni,ssp585,1987,Polar,0.11979178989456386,3.9451817983290405,4.064973588223604,-3.8253900084344767
Carni,ssp585,1988,Polar,-0.024503464751864597,3.677053667704822,3.6525502029529573,-3.7015571324566867
Carni,ssp585,1989,Polar,-0.08785140586369798,3.764960441493181,3.677109035629483,-3.852811847356879
Carni,ssp585,1990,Polar,-0.09287324662147095,3.3682553347787763,3.2753820881573055,-3.461128581400247
Carni,ssp585,1991,Polar,-0.04586995899701493,4.240583405765176,4.194713446768161,-4.286453364762191
Carni,ssp585,1992,Polar,0.17811202193799067,5.65425292107908,5.832364943017071,-5.47614089914109
Carni,ssp585,1993,Polar,-0.14277168415136435,3.834116204336029,3.6913445201846646,-3.976887888487393
Carni,ssp585,1994,Polar,-0.11957710472322056,3.2719449850670914,3.152367880343871,-3.3915220897903118
Carni,ssp585,1995,Polar,-0.012787977535968952,4.879551120617876,4.866763143081907,-4.892339098153845
Carni,ssp585,1996,Polar,-0.30042817847867725,3.7418184195106745,3.441390241031997,-4.042246597989352
Carni,ssp585,1997,Polar,0.15320957843987082,5.964239610880956,6.117449189320826,-5.811030032441085
Carni,ssp585,1998,Polar,0.14791781199841308,4.209681373506641,4.357599185505054,-4.061763561508228
Carni,ssp585,1999,Polar,0.03383929021114707,3.9151952590862424,3.9490345492973895,-3.8813559688750954
Carni,ssp585,2000,Polar,0.010840879844833012,4.396262217304271,4.407103097149104,-4.385421337459437
Carni,ssp585,2001,Polar,0.036650124367972686,3.9538987428383727,3.9905488672063454,-3.9172486184704
Carni,ssp585,2002,Polar,0.2701735281318579,6.431685919101703,6.701859447233561,-6.161512390969845
Carni,ssp585,2003,Polar,0.4942088209300065,6.714103554431542,7.208312375361548,-6.219894733501536
Carni,ssp585,2004,Polar,0.029286343808477833,4.473197615248203,4.502483959056681,-4.443911271439726
Carni,ssp585,2005,Polar,0.1470494279672701,4.207438946179711,4.354488374146982,-4.060389518212441
Carni,ssp585,2006,Polar,0.20754354285841056,4.789332290183309,4.99687583304172,-4.581788747324898
Carni,ssp585,2007,Polar,0.030542982178535204,3.239919804130436,3.270462786308971,-3.209376821951901
Carni,ssp585,2008,Polar,0.029952903627998257,3.8157271606070204,3.845680064235019,-3.785774256979022
Carni,ssp585,2009,Polar,0.10745630812974451,3.6607405590670687,3.768196867196813,-3.5532842509373244
Carni,ssp585,2010,Polar,0.15979343912554056,5.030990577310133,5.190784016435674,-4.871197138184592
Carni,ssp585,2011,Polar,0.054965839183117246,3.321161094774233,3.3761269339573503,-3.2661952555911156
Carni,ssp585,2012,Polar,-0.09797147219025783,4.706490899959991,4.608519427769733,-4.804462372150248
Carni,ssp585,2013,Polar,0.09861815104954454,3.6452074182560037,3.743825569305548,-3.546589267206459
Carni,ssp585,2014,Polar,0.20104761129875057,5.250888593689283,5.4519362049880336,-5.049840982390533
Carni,ssp585,2015,Polar,0.03043693749315071,4.7784307136727255,4.808867651165876,-4.747993776179575
Carni,ssp585,2016,Polar,0.031635767146971985,4.794762278699974,4.826398045846946,-4.7631265115530015
Carni,ssp585,2017,Polar,0.06457693108615316,4.366413854777449,4.430990785863602,-4.3018369236912966
Carni,ssp585,2018,Polar,0.04831477918333982,3.724379836738811,3.772694615922151,-3.676065057555471
Carni,ssp585,2019,Polar,0.1472230281941122,3.6998043559668767,3.847027384160989,-3.5525813277727645
Carni,ssp585,2020,Polar,0.1644885273973269,2.9261291430252085,3.090617670422535,-2.761640615627882
Carni,ssp585,2021,Polar,0.07139968338831795,5.27698846339914,5.348388146787458,-5.205588780010822
Carni,ssp585,2022,Polar,0.1278881595307223,10.841497733315396,10.969385892846118,-10.713609573784675
Carni,ssp585,2023,Polar,0.23451314153661648,3.3805197188821423,3.6150328604187587,-3.146006577345526
Carni,ssp585,2024,Polar,0.20067913430421108,3.324485242684067,3.525164376988278,-3.1238061083798563
Carni,ssp585,2025,Polar,0.2919730482584255,3.9548872300592843,4.24686027831771,-3.6629141818008586
Carni,ssp585,2026,Polar,0.16979936902001858,3.9816968374241566,4.151496206444175,-3.811897468404138
Carni,ssp585,2027,Polar,0.21957017809109053,5.330115949758416,5.549686127849506,-5.110545771667326
Carni,ssp585,2028,Polar,0.2097523632067423,3.6541424730447236,3.863894836251466,-3.444390109837981
Carni,ssp585,2029,Polar,0.22762711539284464,5.000123109085449,5.227750224478294,-4.772495993692605
Carni,ssp585,2030,Polar,0.25179594425581514,3.769619828829319,4.021415773085134,-3.5178238845735037
Carni,ssp585,2031,Polar,0.3202373814543906,5.83452734118156,6.15476472263595,-5.5142899597271695
Carni,ssp585,2032,Polar,0.30669653983099,4.436418846975585,4.743115386806576,-4.129722307144595
Carni,ssp585,2033,Polar,0.3542310457765985,4.43950802339821,4.7937390691748085,-4.085276977621611
Carni,ssp585,2034,Polar,0.2897073229526274,3.681178639004538,3.970885961957165,-3.3914713160519105
Carni,ssp585,2035,Polar,0.3713133185591406,3.3890955630338713,3.760408881593012,-3.0177822444747306
Carni,ssp585,2036,Polar,0.24400844410733574,4.109736703140908,4.353745147248244,-3.865728259033572
Carni,ssp585,2037,Polar,0.3635667881330331,4.333113843701696,4.696680631834729,-3.969547055568663
Carni,ssp585,2038,Polar,0.3508661431369498,3.7666241232750317,4.1174902664119815,-3.415757980138082
Carni,ssp585,2039,Polar,0.2734403641705218,4.035399888876683,4.308840253047205,-3.7619595247061617
Carni,ssp585,2040,Polar,0.1582324379374656,4.251332111257154,4.40956454919462,-4.0930996733196885
Carni,ssp585,2041,Polar,0.24640591581806298,3.647174448552078,3.8935803643701408,-3.400768532734015
Carni,ssp585,2042,Polar,0.33554604368129637,3.8102746368012324,4.145820680482529,-3.474728593119936
Carni,ssp585,2043,Polar,0.33120344717062333,3.7815562581751605,4.112759705345784,-3.450352811004537
Carni,ssp585,2044,Polar,0.3975802543544048,3.7015649506394674,4.099145204993873,-3.3039846962850627
Carni,ssp585,2045,Polar,0.3430278862002494,4.035845625759213,4.378873511959462,-3.692817739558963
Carni,ssp585,2046,Polar,0.3462150156630347,4.289781433197856,4.63599644886089,-3.943566417534821
Carni,ssp585,2047,Polar,0.37299260983417437,4.258072899125394,4.631065508959568,-3.8850802892912197
Carni,ssp585,2048,Polar,0.3902850928296936,4.141352622915491,4.531637715745185,-3.7510675300857974
Carni,ssp585,2049,Polar,0.34026166521276835,4.374315860404136,4.714577525616904,-4.034054195191367
Carni,ssp585,2050,Polar,0.35053712685835403,3.8463225095515865,4.196859636409941,-3.4957853826932324
Carni,ssp585,2051,Polar,0.3922881408824598,3.7421779279111496,4.13446606879361,-3.34988978702869
Carni,ssp585,2052,Polar,0.3807396648833349,4.258603203077803,4.639342867961139,-3.8778635381944686
Carni,ssp585,2053,Polar,0.4749810297445423,4.453359129835532,4.928340159580075,-3.97837810009099
Carni,ssp585,2054,Polar,0.375612141238415,4.517055966821483,4.892668108059898,-4.141443825583068
Carni,ssp585,2055,Polar,0.3064015155503973,4.5177895748621095,4.824191090412507,-4.211388059311712
Carni,ssp585,2056,Polar,0.34641900879310505,4.130169970254699,4.476588979047804,-3.7837509614615943
Carni,ssp585,2057,Polar,0.28016202119604333,4.191596811761709,4.471758832957752,-3.9114347905656657
Carni,ssp585,2058,Polar,0.4127096908118009,3.8694317654713846,4.282141456283186,-3.4567220746595835
Carni,ssp585,2059,Polar,0.3500631841391113,4.068010386400065,4.4180735705391765,-3.7179472022609534
Carni,ssp585,2060,Polar,0.35933945101519876,4.359905526665738,4.719244977680937,-4.000566075650539
Carni,ssp585,2061,Polar,0.43381063295559624,4.746219507512707,5.180030140468304,-4.312408874557111
Carni,ssp585,2062,Polar,0.3665109667052229,4.682226276673619,5.0487372433788416,-4.315715309968397
Carni,ssp585,2063,Polar,0.5219629712145957,4.834150681453003,5.356113652667599,-4.3121877102384065
Carni,ssp585,2064,Polar,0.4912466759315367,4.496858321423707,4.988104997355244,-4.00561164549217
Carni,ssp585,2065,Polar,0.4824907927225457,4.620807575083623,5.103298367806168,-4.138316782361077
Carni,ssp585,2066,Polar,0.5452373775347619,4.747279318695815,5.292516696230577,-4.2020419411610535
Carni,ssp585,2067,Polar,0.464159372727067,4.269734361056238,4.7338937337833045,-3.805574988329171
Carni,ssp585,2068,Polar,0.5174036611301824,4.151402070117278,4.668805731247461,-3.633998408987096
Carni,ssp585,2069,Polar,0.5256022491837342,5.153912033016239,5.679514282199973,-4.6283097838325045
Carni,ssp585,2070,Polar,0.5648013325638455,4.878432025413773,5.443233357977618,-4.313630692849928
Carni,ssp585,2071,Polar,0.5490558146591337,5.036318043057709,5.585373857716843,-4.487262228398575
Carni,ssp585,2072,Polar,0.4703266371035153,4.77140673488909,5.241733371992606,-4.301080097785574
Carni,ssp585,2073,Polar,0.5288223939467439,4.830320770953915,5.359143164900659,-4.301498377007172
Carni,ssp585,2074,Polar,0.5229623111964374,5.001939201710898,5.524901512907335,-4.478976890514461
Carni,ssp585,2075,Polar,0.5950850429965628,4.885356277218371,5.480441320214934,-4.290271234221808
Carni,ssp585,2076,Polar,0.6673196771814247,5.046249915702386,5.713569592883811,-4.378930238520962
Carni,ssp585,2077,Polar,0.616837669731843,4.849780425469357,5.466618095201199,-4.232942755737514
Carni,ssp585,2078,Polar,0.6756859751265714,5.250298576449117,5.925984551575688,-4.574612601322546
Carni,ssp585,2079,Polar,0.509875296579384,4.484424039023263,4.994299335602647,-3.9745487424438783
Carni,ssp585,2080,Polar,0.6091544939279698,4.773411206780284,5.382565700708254,-4.164256712852314
Carni,ssp585,2081,Polar,0.6397556692093103,5.16038112075421,5.8001367899635206,-4.5206254515449
Carni,ssp585,2082,Polar,0.7174696908708293,4.875614890406565,5.593084581277394,-4.158145199535736
Carni,ssp585,2083,Polar,0.6528363055757689,5.212621919383628,5.865458224959397,-4.559785613807859
Carni,ssp585,2084,Polar,0.5567286470445509,5.120419494831884,5.677148141876435,-4.563690847787333
Carni,ssp585,2085,Polar,0.670935411108722,5.210248049287217,5.881183460395939,-4.539312638178495
Carni,ssp585,2086,Polar,0.6089469237310241,5.18220175442866,5.791148678159685,-4.5732548306976355
Carni,ssp585,2087,Polar,0.7178958857813942,5.3105380862741525,6.028433972055547,-4.592642200492758
Carni,ssp585,2088,Polar,0.6321035157586506,5.75624274882359,6.388346264582241,-5.124139233064939
Carni,ssp585,2089,Polar,0.6068742201414776,4.7918961262574395,5.398770346398917,-4.185021906115962
Carni,ssp585,2090,Polar,0.5890582999929539,5.444115722351599,6.033174022344553,-4.855057422358645
Carni,ssp585,2091,Polar,0.6812555184995452,5.285851078051821,5.967106596551366,-4.604595559552276
Carni,ssp585,2092,Polar,0.717781267655861,5.164990057359157,5.8827713250150175,-4.447208789703296
Carni,ssp585,2093,Polar,0.7017255463784331,5.582144734476996,6.283870280855429,-4.880419188098563
Carni,ssp585,2094,Polar,0.8387941674070163,5.066835858302111,5.905630025709128,-4.228041690895095
Carni,ssp585,2095,Polar,0.7624508976234903,5.098330939669942,5.860781837293432,-4.335880042046451
Carni,ssp585,2096,Polar,0.6754515435625924,5.379015880004231,6.054467423566823,-4.703564336441639
Carni,ssp585,2097,Polar,0.6011960227711903,5.690503337380067,6.291699360151257,-5.0893073146088765
Carni,ssp585,2098,Polar,0.7228073392417382,5.506868225468765,6.2296755647105035,-4.784060886227027
Carni,ssp585,2099,Polar,0.6959297469272077,5.444469479531237,6.140399226458444,-4.748539732604029
Carni,ssp585,2100,Polar,0.6458266809443425,5.4550209978175666,6.100847678761909,-4.809194316873224
Carni,ssp126,1980,Temperate,-0.015308904992182697,0.6916078335999541,0.6762989286077714,-0.7069167385921369
Carni,ssp126,1981,Temperate,0.02875898303331798,0.7876250796509728,0.8163840626842909,-0.7588660966176548
Carni,ssp126,1982,Temperate,-0.032628467110769804,0.7479602168793089,0.7153317497685391,-0.7805886839900787
Carni,ssp126,1983,Temperate,-0.00594522250324665,0.831343288829566,0.8253980663263193,-0.8372885113328127
Carni,ssp126,1984,Temperate,0.04627808508174666,0.7319687664828619,0.7782468515646086,-0.6856906814011152
Carni,ssp126,1985,Temperate,-0.01203723058848118,0.7707300223620674,0.7586927917735863,-0.7827672529505486
Carni,ssp126,1986,Temperate,-0.05787951106617949,0.8605842453418808,0.8027047342757013,-0.9184637564080603
Carni,ssp126,1987,Temperate,-0.08482164958832877,0.62026328353847,0.5354416339501413,-0.7050849331267988
Carni,ssp126,1988,Temperate,-0.0023682024179002233,0.7542490248183811,0.7518808224004808,-0.7566172272362813
Carni,ssp126,1989,Temperate,0.04457796798762464,0.7653194246561847,0.8098973926438093,-0.7207414566685602
Carni,ssp126,1990,Temperate,0.029550838536461423,0.6787061645403,0.7082570030767614,-0.6491553260038385
Carni,ssp126,1991,Temperate,0.05207412649283009,0.5489103490432332,0.6009844755360633,-0.4968362225504031
Carni,ssp126,1992,Temperate,0.028370776218948037,0.53794691328166,0.566317689500608,-0.509576137062712
Carni,ssp126,1993,Temperate,-0.014451408260567148,0.5439754518054652,0.5295240435448981,-0.5584268600660324
Carni,ssp126,1994,Temperate,0.02248454910241527,0.8895828044230788,0.9120673535254941,-0.8670982553206635
Carni,ssp126,1995,Temperate,-0.05672093415899259,0.8739494993551024,0.8172285651961098,-0.930670433514095
Carni,ssp126,1996,Temperate,0.015191773641116582,0.7442324038206439,0.7594241774617605,-0.7290406301795274
Carni,ssp126,1997,Temperate,-0.022653366557602857,0.4657415131525022,0.4430881465948993,-0.48839487971010503
Carni,ssp126,1998,Temperate,-0.059606033238712025,0.5303244400416129,0.4707184068029009,-0.589930473280325
Carni,ssp126,1999,Temperate,0.08244731067269342,0.6723983090441256,0.754845619716819,-0.5899509983714322
Carni,ssp126,2000,Temperate,0.014686519715808173,1.0318473401828228,1.046533859898631,-1.0171608204670146
Carni,ssp126,2001,Temperate,0.012939882222940678,1.0578885491015764,1.070828431324517,-1.0449486668786356
Carni,ssp126,2002,Temperate,0.010431030706769324,0.8192237637043926,0.829654794411162,-0.8087927329976233
Carni,ssp126,2003,Temperate,0.13535096426300086,0.6597124889527227,0.7950634532157236,-0.5243615246897219
Carni,ssp126,2004,Temperate,0.04557901185744947,0.974915280884621,1.0204942927420704,-0.9293362690271715
Carni,ssp126,2005,Temperate,0.045944810895299386,0.6248017801029007,0.6707465909982,-0.5788569692076013
Carni,ssp126,2006,Temperate,0.06202576444742105,0.8353328447234756,0.8973586091708966,-0.7733070802760545
Carni,ssp126,2007,Temperate,-0.0077474714915410515,1.0120468778533147,1.0042994063617736,-1.0197943493448558
Carni,ssp126,2008,Temperate,0.04347819915670311,0.8659662515083335,0.9094444506650367,-0.8224880523516304
Carni,ssp126,2009,Temperate,-0.10663305714076039,1.0202133104156952,0.9135802532749348,-1.1268463675564555
Carni,ssp126,2010,Temperate,-0.11679045737006725,0.8265412889814231,0.7097508316113559,-0.9433317463514903
Carni,ssp126,2011,Temperate,0.0337089696000911,0.8703674990660711,0.9040764686661622,-0.8366585294659801
Carni,ssp126,2012,Temperate,0.007633577261227777,0.9611931765136585,0.9688267537748864,-0.9535595992524307
Carni,ssp126,2013,Temperate,0.021789048453491548,0.7583083527747437,0.7800974012282352,-0.7365193043212522
Carni,ssp126,2014,Temperate,0.07176974437395545,0.9026514859778926,0.974421230351848,-0.8308817416039371
Carni,ssp126,2015,Temperate,-0.002610513443298749,0.8741879343798324,0.8715774209365337,-0.8767984478231312
Carni,ssp126,2016,Temperate,0.08018333853092739,0.680237418136305,0.7604207566672324,-0.6000540796053776
Carni,ssp126,2017,Temperate,0.15991724034136887,0.8124884612520605,0.9724057015934294,-0.6525712209106916
Carni,ssp126,2018,Temperate,0.08345048627512847,0.9879329092605854,1.071383395535714,-0.9044824229854569
Carni,ssp126,2019,Temperate,0.10166534043893072,0.9165484081174728,1.0182137485564036,-0.8148830676785421
Carni,ssp126,2020,Temperate,0.007823681119139446,0.8366597871532474,0.8444834682723869,-0.828836106034108
Carni,ssp126,2021,Temperate,0.07301190093849425,1.110312539870778,1.1833244408092722,-1.0373006389322839
Carni,ssp126,2022,Temperate,0.06226455138675666,0.9256404852602435,0.9879050366470001,-0.8633759338734868
Carni,ssp126,2023,Temperate,0.11489975227230365,0.9176609638303119,1.0325607161026156,-0.8027612115580083
Carni,ssp126,2024,Temperate,0.027775743679757853,0.9646049549055803,0.9923806985853382,-0.9368292112258224
Carni,ssp126,2025,Temperate,0.13025364211754747,0.9051782100112851,1.0354318521288326,-0.7749245678937375
Carni,ssp126,2026,Temperate,-0.026110240837688568,1.058738654291446,1.0326284134537576,-1.0848488951291346
Carni,ssp126,2027,Temperate,-0.03223381775888749,1.0392842984906376,1.0070504807317502,-1.071518116249525
Carni,ssp126,2028,Temperate,0.02887436847110115,0.9677707387381482,0.9966451072092494,-0.9388963702670471
Carni,ssp126,2029,Temperate,-0.013518844469964736,1.2757563139668873,1.2622374694969225,-1.289275158436852
Carni,ssp126,2030,Temperate,0.08214811373978491,0.9837252755874634,1.0658733893272483,-0.9015771618476784
Carni,ssp126,2031,Temperate,0.09197022551707884,0.6269389606783293,0.7189091861954082,-0.5349687351612504
Carni,ssp126,2032,Temperate,0.018771822726635377,0.7745999335394815,0.7933717562661169,-0.7558281108128462
Carni,ssp126,2033,Temperate,0.030757146193556878,0.7215062607964248,0.7522634069899816,-0.6907491146028679
Carni,ssp126,2034,Temperate,-5.695016904395964e-4,1.0346332641217961,1.0340637624313564,-1.0352027658122358
Carni,ssp126,2035,Temperate,0.08906019502604912,0.6133050681095237,0.7023652631355728,-0.5242448730834746
Carni,ssp126,2036,Temperate,0.03357024688659847,1.1869509797797804,1.2205212266663787,-1.153380732893182
Carni,ssp126,2037,Temperate,0.002077085551482891,0.8231861158459618,0.8252632013974447,-0.8211090302944789
Carni,ssp126,2038,Temperate,-0.07891411095260914,0.6826363004042061,0.603722189451597,-0.7615504113568152
Carni,ssp126,2039,Temperate,-0.06799799495929379,0.8826576892858004,0.8146596943265065,-0.9506556842450942
Carni,ssp126,2040,Temperate,-0.10012989988286969,0.9940260519065365,0.8938961520236668,-1.0941559517894062
Carni,ssp126,2041,Temperate,0.0021169260267210025,1.3546575167294124,1.3567744427561335,-1.3525405907026913
Carni,ssp126,2042,Temperate,0.040770488631869925,0.9058309515666624,0.9466014401985323,-0.8650604629347924
Carni,ssp126,2043,Temperate,0.04247253393418503,1.058936995444,1.101409529378185,-1.016464461509815
Carni,ssp126,2044,Temperate,-0.056214450369643884,1.1177795277719313,1.0615650774022876,-1.1739939781415751
Carni,ssp126,2045,Temperate,0.06024360294626576,1.0579293175651763,1.1181729205114421,-0.9976857146189105
Carni,ssp126,2046,Temperate,-0.0862534651955651,1.1430320830665028,1.0567786178709377,-1.229285548262068
Carni,ssp126,2047,Temperate,-0.06668994532730853,1.1198525973669764,1.053162652039668,-1.1865425426942848
Carni,ssp126,2048,Temperate,-0.0392927028037003,1.3402813490659555,1.3009886462622553,-1.3795740518696558
Carni,ssp126,2049,Temperate,0.011186425133721083,1.1886112227993535,1.1997976479330745,-1.1774247976656325
Carni,ssp126,2050,Temperate,-0.03641424235956306,1.3399984111733725,1.3035841688138095,-1.3764126535329355
Carni,ssp126,2051,Temperate,0.019019456602371976,1.0441217529490237,1.0631412095513957,-1.0251022963466516
Carni,ssp126,2052,Temperate,-0.10853503058507907,1.2690316955078718,1.1604966649227926,-1.377566726092951
Carni,ssp126,2053,Temperate,-0.09579330281638412,1.417738807889221,1.3219455050728368,-1.5135321107056052
Carni,ssp126,2054,Temperate,-0.018083701855806787,1.450297725279401,1.432214023423594,-1.4683814271352078
Carni,ssp126,2055,Temperate,-0.056091920940082175,1.3633642767395098,1.3072723557994277,-1.4194561976795919
Carni,ssp126,2056,Temperate,-0.05746093214408029,0.8055590633355165,0.7480981311914362,-0.8630199954795968
Carni,ssp126,2057,Temperate,0.019531983784129008,1.2580247096804005,1.2775566934645295,-1.2384927258962715
Carni,ssp126,2058,Temperate,-0.03914272440424926,1.0134399632398863,0.974297238835637,-1.0525826876441355
Carni,ssp126,2059,Temperate,-0.13296730005666513,1.2901005939591765,1.1571332939025114,-1.4230678940158417
Carni,ssp126,2060,Temperate,-0.0805932491191001,1.3123854499354959,1.2317922008163957,-1.392978699054596
Carni,ssp126,2061,Temperate,-0.06535149080726839,1.0994493780855985,1.0340978872783302,-1.1648008688928668
Carni,ssp126,2062,Temperate,-0.17497592934568434,0.9459136561193809,0.7709377267736965,-1.1208895854650653
Carni,ssp126,2063,Temperate,-0.01720447650640862,0.9903549225174609,0.9731504460110523,-1.0075593990238696
Carni,ssp126,2064,Temperate,-0.08518054126179912,0.9368557186981034,0.8516751774363043,-1.0220362599599024
Carni,ssp126,2065,Temperate,-0.04162639461706808,1.2705361116049787,1.2289097169879106,-1.3121625062220468
Carni,ssp126,2066,Temperate,-0.11331847447657108,1.003240785920725,0.889922311444154,-1.1165592603972962
Carni,ssp126,2067,Temperate,-0.006313365469407275,1.6212789968538206,1.6149656313844134,-1.6275923623232278
Carni,ssp126,2068,Temperate,0.019479406903228396,1.1914007527747323,1.2108801596779608,-1.1719213458715039
Carni,ssp126,2069,Temperate,0.021654738971200616,1.311045234593811,1.3326999735650116,-1.2893904956226105
Carni,ssp126,2070,Temperate,-0.10442929775581575,1.174207488194258,1.0697781904384422,-1.2786367859500736
Carni,ssp126,2071,Temperate,-0.014395573662521437,1.3663946347964713,1.3519990611339499,-1.3807902084589927
Carni,ssp126,2072,Temperate,-0.003764478863577363,1.4859921963843006,1.4822277175207232,-1.489756675247878
Carni,ssp126,2073,Temperate,0.00802445935572427,1.148715097739488,1.1567395570952124,-1.1406906383837636
Carni,ssp126,2074,Temperate,-0.08317571961284351,1.254037335830775,1.1708616162179315,-1.3372130554436186
Carni,ssp126,2075,Temperate,-0.012244775525546639,1.1924351337011017,1.180190358175555,-1.2046799092266482
Carni,ssp126,2076,Temperate,-0.008521519031431194,1.0105285643606061,1.002007045329175,-1.0190500833920373
Carni,ssp126,2077,Temperate,0.08218201717552898,1.1782621754204543,1.2604441925959833,-1.0960801582449253
Carni,ssp126,2078,Temperate,0.07578700734868216,1.2800867971030487,1.355873804451731,-1.2042997897543666
Carni,ssp126,2079,Temperate,-0.0016878485918675695,1.0732391624062707,1.071551313814403,-1.0749270109981384
Carni,ssp126,2080,Temperate,-0.08391866753166552,1.0253233340045835,0.941404666472918,-1.109242001536249
Carni,ssp126,2081,Temperate,-0.028798985180955666,0.9192419427449571,0.8904429575640014,-0.9480409279259128
Carni,ssp126,2082,Temperate,0.025759761049699334,0.7825422823487198,0.8083020433984192,-0.7567825212990205
Carni,ssp126,2083,Temperate,0.0612897065785488,0.9921991986235686,1.0534889052021175,-0.9309094920450198
Carni,ssp126,2084,Temperate,0.03310968983115045,0.9619045991860354,0.9950142890171859,-0.928794909354885
Carni,ssp126,2085,Temperate,0.07705013037000005,1.2131047079787787,1.2901548383487786,-1.1360545776087787
Carni,ssp126,2086,Temperate,-0.003051329341108923,1.2738427109272725,1.2707913815861636,-1.2768940402683815
Carni,ssp126,2087,Temperate,0.08740809842553474,1.043609819345063,1.1310179177705977,-0.9562017209195282
Carni,ssp126,2088,Temperate,0.07979765731915868,0.9938506953743831,1.0736483526935419,-0.9140530380552244
Carni,ssp126,2089,Temperate,0.08364257014813728,1.1686512906936763,1.2522938608418137,-1.085008720545539
Carni,ssp126,2090,Temperate,0.08314017465793588,1.1040630241477463,1.1872031988056821,-1.0209228494898104
Carni,ssp126,2091,Temperate,0.02134555339371269,1.308431421002248,1.3297769743959607,-1.2870858676085355
Carni,ssp126,2092,Temperate,0.05898874398444634,0.9551039138212977,1.014092657805744,-0.8961151698368514
Carni,ssp126,2093,Temperate,-0.01127561374287694,1.553654697279951,1.542379083537074,-1.5649303110228279
Carni,ssp126,2094,Temperate,-0.018288687604562284,1.2145791691303933,1.196290481525831,-1.2328678567349556
Carni,ssp126,2095,Temperate,-0.0359801278210053,1.2523588791812057,1.2163787513602005,-1.288339007002211
Carni,ssp126,2096,Temperate,-0.015485036540323033,1.3077845649953879,1.292299528455065,-1.3232696015357108
Carni,ssp126,2097,Temperate,0.10294560848081968,1.1921822578276482,1.295127866308468,-1.0892366493468284
Carni,ssp126,2098,Temperate,0.0892111174751695,1.1030623825706125,1.192273500045782,-1.013851265095443
Carni,ssp126,2099,Temperate,-0.009352399002093312,0.9928209629593648,0.9834685639572716,-1.0021733619614581
Carni,ssp126,2100,Temperate,0.014465614975281937,0.9304366132219813,0.9449022281972633,-0.9159709982466994
Carni,ssp370,1980,Temperate,-0.015308904992182697,0.6916078335999541,0.6762989286077714,-0.7069167385921369
Carni,ssp370,1981,Temperate,0.02875898303331798,0.7876250796509728,0.8163840626842909,-0.7588660966176548
Carni,ssp370,1982,Temperate,-0.032628467110769804,0.7479602168793089,0.7153317497685391,-0.7805886839900787
Carni,ssp370,1983,Temperate,-0.00594522250324665,0.831343288829566,0.8253980663263193,-0.8372885113328127
Carni,ssp370,1984,Temperate,0.04627808508174666,0.7319687664828619,0.7782468515646086,-0.6856906814011152
Carni,ssp370,1985,Temperate,-0.01203723058848118,0.7707300223620674,0.7586927917735863,-0.7827672529505486
Carni,ssp370,1986,Temperate,-0.05787951106617949,0.8605842453418808,0.8027047342757013,-0.9184637564080603
Carni,ssp370,1987,Temperate,-0.08482164958832877,0.62026328353847,0.5354416339501413,-0.7050849331267988
Carni,ssp370,1988,Temperate,-0.0023682024179002233,0.7542490248183811,0.7518808224004808,-0.7566172272362813
Carni,ssp370,1989,Temperate,0.04457796798762464,0.7653194246561847,0.8098973926438093,-0.7207414566685602
Carni,ssp370,1990,Temperate,0.029550838536461423,0.6787061645403,0.7082570030767614,-0.6491553260038385
Carni,ssp370,1991,Temperate,0.05207412649283009,0.5489103490432332,0.6009844755360633,-0.4968362225504031
Carni,ssp370,1992,Temperate,0.028370776218948037,0.53794691328166,0.566317689500608,-0.509576137062712
Carni,ssp370,1993,Temperate,-0.014451408260567148,0.5439754518054652,0.5295240435448981,-0.5584268600660324
Carni,ssp370,1994,Temperate,0.02248454910241527,0.8895828044230788,0.9120673535254941,-0.8670982553206635
Carni,ssp370,1995,Temperate,-0.05672093415899259,0.8739494993551024,0.8172285651961098,-0.930670433514095
Carni,ssp370,1996,Temperate,0.015191773641116582,0.7442324038206439,0.7594241774617605,-0.7290406301795274
Carni,ssp370,1997,Temperate,-0.022653366557602857,0.4657415131525022,0.4430881465948993,-0.48839487971010503
Carni,ssp370,1998,Temperate,-0.059606033238712025,0.5303244400416129,0.4707184068029009,-0.589930473280325
Carni,ssp370,1999,Temperate,0.08244731067269342,0.6723983090441256,0.754845619716819,-0.5899509983714322
Carni,ssp370,2000,Temperate,0.014686519715808173,1.0318473401828228,1.046533859898631,-1.0171608204670146
Carni,ssp370,2001,Temperate,0.012939882222940678,1.0578885491015764,1.070828431324517,-1.0449486668786356
Carni,ssp370,2002,Temperate,0.010431030706769324,0.8192237637043926,0.829654794411162,-0.8087927329976233
Carni,ssp370,2003,Temperate,0.13535096426300086,0.6597124889527227,0.7950634532157236,-0.5243615246897219
Carni,ssp370,2004,Temperate,0.04557901185744947,0.974915280884621,1.0204942927420704,-0.9293362690271715
Carni,ssp370,2005,Temperate,0.045944810895299386,0.6248017801029007,0.6707465909982,-0.5788569692076013
Carni,ssp370,2006,Temperate,0.06202576444742105,0.8353328447234756,0.8973586091708966,-0.7733070802760545
Carni,ssp370,2007,Temperate,-0.0077474714915410515,1.0120468778533147,1.0042994063617736,-1.0197943493448558
Carni,ssp370,2008,Temperate,0.04347819915670311,0.8659662515083335,0.9094444506650367,-0.8224880523516304
Carni,ssp370,2009,Temperate,-0.10663305714076039,1.0202133104156952,0.9135802532749348,-1.1268463675564555
Carni,ssp370,2010,Temperate,-0.11679045737006725,0.8265412889814231,0.7097508316113559,-0.9433317463514903
Carni,ssp370,2011,Temperate,0.0337089696000911,0.8703674990660711,0.9040764686661622,-0.8366585294659801
Carni,ssp370,2012,Temperate,0.007633577261227777,0.9611931765136585,0.9688267537748864,-0.9535595992524307
Carni,ssp370,2013,Temperate,0.021789048453491548,0.7583083527747437,0.7800974012282352,-0.7365193043212522
Carni,ssp370,2014,Temperate,0.07176974437395545,0.9026514859778926,0.974421230351848,-0.8308817416039371
Carni,ssp370,2015,Temperate,-0.008601082969821358,1.0346546827237162,1.0260535997538949,-1.0432557656935375
Carni,ssp370,2016,Temperate,-0.014273689510713908,0.8516991837979614,0.8374254942872474,-0.8659728733086753
Carni,ssp370,2017,Temperate,-0.0793277447447436,0.7026544597610569,0.6233267150163133,-0.7819822045058005
Carni,ssp370,2018,Temperate,-0.009913299887400057,0.8175105721851806,0.8075972722977806,-0.8274238720725807
Carni,ssp370,2019,Temperate,0.13825723770763987,0.7307227094351275,0.8689799471427674,-0.5924654717274876
Carni,ssp370,2020,Temperate,0.0350440440768153,0.8183426263949736,0.8533866704717888,-0.7832985823181583
Carni,ssp370,2021,Temperate,-0.02933523044518392,0.5727340405911788,0.5433988101459949,-0.6020692710363628
Carni,ssp370,2022,Temperate,-0.030155135804066646,1.1112310451076393,1.0810759093035727,-1.1413861809117058
Carni,ssp370,2023,Temperate,0.11885125945673822,1.0183887873752577,1.1372400468319959,-0.8995375279185195
Carni,ssp370,2024,Temperate,0.09136868779914031,0.8742700851437951,0.9656387729429354,-0.7829013973446548
Carni,ssp370,2025,Temperate,0.01305558912966014,0.860112919223204,0.8731685083528641,-0.8470573300935439
Carni,ssp370,2026,Temperate,0.10120233666756545,0.8045228764804163,0.9057252131479818,-0.7033205398128508
Carni,ssp370,2027,Temperate,0.06094649559787179,0.7771986375400655,0.8381451331379373,-0.7162521419421937
Carni,ssp370,2028,Temperate,0.03506269060318642,0.7801320987699972,0.8151947893731837,-0.7450694081668108
Carni,ssp370,2029,Temperate,0.01744895724177515,0.9774051936512027,0.9948541508929779,-0.9599562364094275
Carni,ssp370,2030,Temperate,0.025608726033797623,0.7490260479831211,0.7746347740169187,-0.7234173219493235
Carni,ssp370,2031,Temperate,0.0303778519235989,0.9594926078675595,0.9898704597911584,-0.9291147559439606
Carni,ssp370,2032,Temperate,-0.0469154044362088,1.1355591814426136,1.0886437770064048,-1.1824745858788224
Carni,ssp370,2033,Temperate,-0.02785251572326229,1.3737588881961893,1.345906372472927,-1.4016114039194516
Carni,ssp370,2034,Temperate,0.07127588375640842,1.290314790682019,1.3615906744384274,-1.2190389069256105
Carni,ssp370,2035,Temperate,0.010431540666407696,1.283366023505743,1.2937975641721506,-1.2729344828393352
Carni,ssp370,2036,Temperate,-0.008935605295351302,1.059362828552244,1.0504272232568928,-1.0682984338475954
Carni,ssp370,2037,Temperate,0.024890049646392826,1.2087860717531007,1.2336761213994936,-1.1838960221067079
Carni,ssp370,2038,Temperate,-0.04082722287296229,1.19661169883862,1.1557844759656577,-1.2374389217115822
Carni,ssp370,2039,Temperate,0.009465917296920841,1.1867058052540351,1.196171722550956,-1.1772398879571142
Carni,ssp370,2040,Temperate,0.056278780904362224,1.0239436672257616,1.0802224481301237,-0.9676648863213994
Carni,ssp370,2041,Temperate,0.14916484721184076,1.020105229877908,1.1692700770897488,-0.8709403826660673
Carni,ssp370,2042,Temperate,-0.007264783073838938,1.023646221497367,1.016381438423528,-1.030911004571206
Carni,ssp370,2043,Temperate,0.14747555647261507,0.8325963389615896,0.9800718954342047,-0.6851207824889745
Carni,ssp370,2044,Temperate,0.05503822185588234,0.9957751308462558,1.0508133527021382,-0.9407369089903734
Carni,ssp370,2045,Temperate,-0.009020787936709601,0.8402717564585724,0.8312509685218629,-0.849292544395282
Carni,ssp370,2046,Temperate,0.07252927520767638,0.7469394964866154,0.8194687716942918,-0.674410221278939
Carni,ssp370,2047,Temperate,0.006849420247476954,0.9630764700171267,0.9699258902646036,-0.9562270497696498
Carni,ssp370,2048,Temperate,0.061707555475539216,1.0803506332165638,1.142058188692103,-1.0186430777410245
Carni,ssp370,2049,Temperate,0.03978844387240042,0.8986174625782828,0.9384059064506832,-0.8588290187058824
Carni,ssp370,2050,Temperate,0.08468775040207534,1.0474551310259497,1.132142881428025,-0.9627673806238743
Carni,ssp370,2051,Temperate,-0.009461445816457421,1.030534215674274,1.0210727698578166,-1.0399956614907315
Carni,ssp370,2052,Temperate,-0.006117435942966875,0.9251691376719485,0.9190517017289817,-0.9312865736149154
Carni,ssp370,2053,Temperate,0.005980511030395956,0.837127650906154,0.84310816193655,-0.8311471398757581
Carni,ssp370,2054,Temperate,0.05530684737926841,0.9075826209975603,0.96288946837682865,-0.8522757736182919
Carni,ssp370,2055,Temperate,0.06744034835085057,0.7748803745726034,0.842320722923454,-0.7074400262217528
Carni,ssp370,2056,Temperate,0.06700483504372519,0.8985421483876406,0.9655469834313658,-0.8315373133439153
Carni,ssp370,2057,Temperate,0.09992197167676951,1.1117858950596664,1.2117078667364358,-1.011863923382897
Carni,ssp370,2058,Temperate,0.0566380470126272,1.0546812383066773,1.1113192853193046,-0.9980431912940501
Carni,ssp370,2059,Temperate,0.08929840181298522,1.398637365624698,1.4879357674376832,-1.3093389638117128
Carni,ssp370,2060,Temperate,-0.024652938302664816,1.296114689838152,1.2714617515354871,-1.3207676281408167
Carni,ssp370,2061,Temperate,0.023446564955182457,1.0694376183281333,1.0928841832833158,-1.0459910533729508
Carni,ssp370,2062,Temperate,0.0628358015651638,1.1720759311350184,1.2349117327001822,-1.1092401295698546
Carni,ssp370,2063,Temperate,-0.0070611114255900755,0.8485851292974553,0.8415240178718653,-0.8556462407230454
Carni,ssp370,2064,Temperate,-0.017475564268068726,1.4152422089100853,1.3977666446420167,-1.432717773178154
Carni,ssp370,2065,Temperate,0.03854865179589115,1.2698964260076084,1.3084450778034995,-1.2313477742117174
Carni,ssp370,2066,Temperate,0.13738563010890692,1.043929774451353,1.1813154045602599,-0.906544144342446
Carni,ssp370,2067,Temperate,0.11704905583640954,1.226241475200554,1.3432905310369634,-1.1091924193641445
Carni,ssp370,2068,Temperate,0.04767415428167414,1.2783522499582303,1.3260264042399044,-1.2306780956765562
Carni,ssp370,2069,Temperate,0.036107577523332685,1.0819619441915496,1.1180695217148822,-1.045854366668217
Carni,ssp370,2070,Temperate,0.06545610603037272,1.3767148180801139,1.4421709241104865,-1.3112587120497412
Carni,ssp370,2071,Temperate,0.0678364026181915,1.2724865315445502,1.3403229341627416,-1.2046501289263587
Carni,ssp370,2072,Temperate,0.14566665289329536,1.0655987323185538,1.2112653852118491,-0.9199320794252585
Carni,ssp370,2073,Temperate,0.09775586890157878,1.2458206644981156,1.3435765333996943,-1.1480647955965368
Carni,ssp370,2074,Temperate,0.11342895114718926,1.2538011063395242,1.3672300574867136,-1.140372155192335
Carni,ssp370,2075,Temperate,0.17140493349167682,1.0742148107614706,1.2456197442531474,-0.9028098772697938
Carni,ssp370,2076,Temperate,0.1398791434515222,0.925050182471874,1.064929325923396,-0.7851710390203518
Carni,ssp370,2077,Temperate,0.0644079756360115,1.321125419120852,1.3855333947568633,-1.2567174434848405
Carni,ssp370,2078,Temperate,0.07071468033095347,1.5775328272072997,1.6482475075382532,-1.5068181468763462
Carni,ssp370,2079,Temperate,0.15378050025308815,1.2095891618958672,1.3633696621489553,-1.055808661642779
Carni,ssp370,2080,Temperate,0.13375255618780307,1.2402211103371417,1.3739736665249447,-1.1064685541493386
Carni,ssp370,2081,Temperate,0.16495848768452154,1.5445670802526663,1.709525567937188,-1.3796085925681447
Carni,ssp370,2082,Temperate,0.12623539781629212,1.3903148655846862,1.5165502634009784,-1.264079467768394
Carni,ssp370,2083,Temperate,0.04247711985304346,1.504092292798912,1.5465694126519554,-1.4616151729458686
Carni,ssp370,2084,Temperate,0.03366702398758975,1.2100008494949073,1.243667873482497,-1.1763338255073175
Carni,ssp370,2085,Temperate,0.01321698575853425,1.353822836767863,1.3670398225263973,-1.3406058510093288
Carni,ssp370,2086,Temperate,0.09906508061556688,1.387994122413994,1.4870592030295608,-1.2889290417984272
Carni,ssp370,2087,Temperate,0.05557149342008638,1.3158195995835924,1.3713910930036788,-1.260248106163506
Carni,ssp370,2088,Temperate,0.12372413296453538,1.0577679453505602,1.1814920783150955,-0.9340438123860249
Carni,ssp370,2089,Temperate,0.005451748180267378,1.4004676317426745,1.405919379922942,-1.3950158835624071
Carni,ssp370,2090,Temperate,0.1796261315354696,0.9559024600640981,1.1355285915995676,-0.7762763285286285
Carni,ssp370,2091,Temperate,0.1381369687160748,1.3011673836789746,1.4393043523950493,-1.1630304149628998
Carni,ssp370,2092,Temperate,0.1929047257092098,1.5062821633975234,1.6991868891067332,-1.3133774376883136
Carni,ssp370,2093,Temperate,0.11250023518936555,1.119504087017151,1.2320043222065167,-1.0070038518277855
Carni,ssp370,2094,Temperate,0.12569367030759432,1.2630369730515731,1.3887306433591675,-1.1373433027439788
Carni,ssp370,2095,Temperate,0.11936823079102685,1.5185840340734917,1.6379522648645186,-1.3992158032824649
Carni,ssp370,2096,Temperate,0.16342226705318763,1.7484375850511418,1.9118598521043295,-1.585015317997954
Carni,ssp370,2097,Temperate,0.10030193946879362,1.8230567999318137,1.9233587394006073,-1.72275486046302
Carni,ssp370,2098,Temperate,0.11856309127896175,1.477895406768969,1.5964584980479306,-1.3593323154900072
Carni,ssp370,2099,Temperate,0.15594890960330915,1.8496107284895142,2.0055596380928233,-1.6936618188862052
Carni,ssp370,2100,Temperate,0.16038201423638682,1.3210892483174772,1.481471262553864,-1.1607072340810904
Carni,ssp585,1980,Temperate,-0.015308904992182697,0.6916078335999541,0.6762989286077714,-0.7069167385921369
Carni,ssp585,1981,Temperate,0.02875898303331798,0.7876250796509728,0.8163840626842909,-0.7588660966176548
Carni,ssp585,1982,Temperate,-0.032628467110769804,0.7479602168793089,0.7153317497685391,-0.7805886839900787
Carni,ssp585,1983,Temperate,-0.00594522250324665,0.831343288829566,0.8253980663263193,-0.8372885113328127
Carni,ssp585,1984,Temperate,0.04627808508174666,0.7319687664828619,0.7782468515646086,-0.6856906814011152
Carni,ssp585,1985,Temperate,-0.01203723058848118,0.7707300223620674,0.7586927917735863,-0.7827672529505486
Carni,ssp585,1986,Temperate,-0.05787951106617949,0.8605842453418808,0.8027047342757013,-0.9184637564080603
Carni,ssp585,1987,Temperate,-0.08482164958832877,0.62026328353847,0.5354416339501413,-0.7050849331267988
Carni,ssp585,1988,Temperate,-0.0023682024179002233,0.7542490248183811,0.7518808224004808,-0.7566172272362813
Carni,ssp585,1989,Temperate,0.04457796798762464,0.7653194246561847,0.8098973926438093,-0.7207414566685602
Carni,ssp585,1990,Temperate,0.029550838536461423,0.6787061645403,0.7082570030767614,-0.6491553260038385
Carni,ssp585,1991,Temperate,0.05207412649283009,0.5489103490432332,0.6009844755360633,-0.4968362225504031
Carni,ssp585,1992,Temperate,0.028370776218948037,0.53794691328166,0.566317689500608,-0.509576137062712
Carni,ssp585,1993,Temperate,-0.014451408260567148,0.5439754518054652,0.5295240435448981,-0.5584268600660324
Carni,ssp585,1994,Temperate,0.02248454910241527,0.8895828044230788,0.9120673535254941,-0.8670982553206635
Carni,ssp585,1995,Temperate,-0.05672093415899259,0.8739494993551024,0.8172285651961098,-0.930670433514095
Carni,ssp585,1996,Temperate,0.015191773641116582,0.7442324038206439,0.7594241774617605,-0.7290406301795274
Carni,ssp585,1997,Temperate,-0.022653366557602857,0.4657415131525022,0.4430881465948993,-0.48839487971010503
Carni,ssp585,1998,Temperate,-0.059606033238712025,0.5303244400416129,0.4707184068029009,-0.589930473280325
Carni,ssp585,1999,Temperate,0.08244731067269342,0.6723983090441256,0.754845619716819,-0.5899509983714322
Carni,ssp585,2000,Temperate,0.014686519715808173,1.0318473401828228,1.046533859898631,-1.0171608204670146
Carni,ssp585,2001,Temperate,0.012939882222940678,1.0578885491015764,1.070828431324517,-1.0449486668786356
Carni,ssp585,2002,Temperate,0.010431030706769324,0.8192237637043926,0.829654794411162,-0.8087927329976233
Carni,ssp585,2003,Temperate,0.13535096426300086,0.6597124889527227,0.7950634532157236,-0.5243615246897219
Carni,ssp585,2004,Temperate,0.04557901185744947,0.974915280884621,1.0204942927420704,-0.9293362690271715
Carni,ssp585,2005,Temperate,0.045944810895299386,0.6248017801029007,0.6707465909982,-0.5788569692076013
Carni,ssp585,2006,Temperate,0.06202576444742105,0.8353328447234756,0.8973586091708966,-0.7733070802760545
Carni,ssp585,2007,Temperate,-0.0077474714915410515,1.0120468778533147,1.0042994063617736,-1.0197943493448558
Carni,ssp585,2008,Temperate,0.04347819915670311,0.8659662515083335,0.9094444506650367,-0.8224880523516304
Carni,ssp585,2009,Temperate,-0.10663305714076039,1.0202133104156952,0.9135802532749348,-1.1268463675564555
Carni,ssp585,2010,Temperate,-0.11679045737006725,0.8265412889814231,0.7097508316113559,-0.9433317463514903
Carni,ssp585,2011,Temperate,0.0337089696000911,0.8703674990660711,0.9040764686661622,-0.8366585294659801
Carni,ssp585,2012,Temperate,0.007633577261227777,0.9611931765136585,0.9688267537748864,-0.9535595992524307
Carni,ssp585,2013,Temperate,0.021789048453491548,0.7583083527747437,0.7800974012282352,-0.7365193043212522
Carni,ssp585,2014,Temperate,0.07176974437395545,0.9026514859778926,0.974421230351848,-0.8308817416039371
Carni,ssp585,2015,Temperate,-0.005502674078631583,0.7657105722991164,0.7602078982204848,-0.771213246377748
Carni,ssp585,2016,Temperate,0.14826274499551262,0.6936387602428508,0.8419015052383634,-0.5453760152473381
Carni,ssp585,2017,Temperate,-0.04127292597882019,0.9021899597460419,0.8609170337672217,-0.943462885724862
Carni,ssp585,2018,Temperate,-0.059993503177535296,1.1580621844390686,1.0980686812615332,-1.218055687616604
Carni,ssp585,2019,Temperate,-0.02178930435905231,0.863742232024186,0.8419529276651336,-0.8855315363832383
Carni,ssp585,2020,Temperate,0.10838146384663641,0.8488035504740876,0.957185014320724,-0.7404220866274512
Carni,ssp585,2021,Temperate,-0.027206080825884472,0.7690376531962118,0.7418315723703273,-0.79624373402209625
Carni,ssp585,2022,Temperate,0.012906111538295864,0.7844050612087882,0.7973111727470841,-0.7714989496704923
Carni,ssp585,2023,Temperate,0.03928813279980521,1.0613467688382239,1.100634901638029,-1.0220586360384187
Carni,ssp585,2024,Temperate,-0.03617091389889936,0.9452027056025274,0.909031791703628,-0.9813736195014268
Carni,ssp585,2025,Temperate,-0.042189878432456515,1.1171897625823102,1.0749998841498536,-1.1593796410147668
Carni,ssp585,2026,Temperate,0.0025589672662215844,0.9840495803102612,0.9866085475764829,-0.9814906130440396
Carni,ssp585,2027,Temperate,0.04570455053501751,0.5768563339440068,0.6225608844790244,-0.5311517834089893
Carni,ssp585,2028,Temperate,-0.08416355996363514,1.2093430473264692,1.125179487362834,-1.2935066072901045
Carni,ssp585,2029,Temperate,-0.06364329522088177,0.8112393911917477,0.747596095970866,-0.8748826864126295
Carni,ssp585,2030,Temperate,0.02014884455669732,0.8158693926428059,0.8360182371995032,-0.7957205480861086
Carni,ssp585,2031,Temperate,0.005085904846794217,1.0950693105037983,1.1001552153505925,-1.0899834056570041
Carni,ssp585,2032,Temperate,0.042450328406408513,0.7235236879621891,0.7659740163685976,-0.6810733595557806
Carni,ssp585,2033,Temperate,0.0635512345729805,0.7111937828958079,0.7747450174687884,-0.6476425483228274
Carni,ssp585,2034,Temperate,-0.052202371572228456,1.0359226798073564,0.983720308235128,-1.0881250513795848
Carni,ssp585,2035,Temperate,0.0704794378260408,0.961597462979178,1.0320769008052189,-0.8911180251531372
Carni,ssp585,2036,Temperate,0.020670853656070805,1.3327245349184123,1.3533953885744832,-1.3120536812623413
Carni,ssp585,2037,Temperate,-0.04050430652974364,1.2940205682338335,1.2535162617040898,-1.3345248747635772
Carni,ssp585,2038,Temperate,-0.0010365204419924196,0.8618482491998803,0.8608117287578879,-0.8628847696418728
Carni,ssp585,2039,Temperate,0.049871608426788006,0.8412310993700216,0.8911027077968097,-0.7913594909432335
Carni,ssp585,2040,Temperate,-0.05271954098035275,1.1564301897608698,1.103710648780517,-1.2091497307412225
Carni,ssp585,2041,Temperate,3.4528246134181306e-5,0.8474124604356438,0.8474469886817779,-0.8473779321895096
Carni,ssp585,2042,Temperate,-0.027032801868173695,0.9305255358869591,0.9034927340187854,-0.9575583377551328
Carni,ssp585,2043,Temperate,0.040148045359630354,0.8103830586502601,0.8505311040098904,-0.7702350132906297
Carni,ssp585,2044,Temperate,0.02872514328210498,0.9052596815927786,0.9339848248748835,-0.8765345383106736
Carni,ssp585,2045,Temperate,0.04886189254615554,0.8500201757454053,0.8988820682915609,-0.8011582831992498
Carni,ssp585,2046,Temperate,-0.0424499912204561,1.2089395651092711,1.166489573888815,-1.2513895563297273
Carni,ssp585,2047,Temperate,-0.07374230305698203,1.2456660938943291,1.1719237908373472,-1.319408396951311
Carni,ssp585,2048,Temperate,-0.0713728321878781,1.154331983813972,1.082959151626094,-1.2257048160018502
Carni,ssp585,2049,Temperate,0.01767470345545319,1.2222278721372526,1.2399025755927058,-1.2045531686817994
Carni,ssp585,2050,Temperate,-0.0028254679930318615,1.1190866507412642,1.1162611827482323,-1.1219121187342962
Carni,ssp585,2051,Temperate,-0.04473014727903141,0.9918605894881241,0.9471304422090927,-1.0365907367671554
Carni,ssp585,2052,Temperate,-0.0024311127273544558,1.432448288357955,1.4300171756306006,-1.4348794010853094
Carni,ssp585,2053,Temperate,-0.04134646045339159,1.3714145929673258,1.3300681325139343,-1.4127610534207173
Carni,ssp585,2054,Temperate,-0.017228962032377042,0.8615579641642915,0.8443290021319145,-0.8787869261966685
Carni,ssp585,2055,Temperate,-0.041108179212748494,1.1390452982569923,1.0979371190442437,-1.1801534774697409
Carni,ssp585,2056,Temperate,-0.05442562034253057,1.0208721752660255,0.9664465549234948,-1.075297795608556
Carni,ssp585,2057,Temperate,0.05153819662290917,0.9509522037275356,1.002490400350445,-0.8994140071046265
Carni,ssp585,2058,Temperate,0.013098639627202351,1.064785896287657,1.0778845359148594,-1.0516872566604547
Carni,ssp585,2059,Temperate,-0.02881402573903747,1.2124580807694523,1.1836440550304148,-1.2412721065084897
Carni,ssp585,2060,Temperate,0.021517296141155252,1.5200114614547262,1.5415287575958814,-1.498494165313571
Carni,ssp585,2061,Temperate,0.09625435836757909,1.5051214498957057,1.6013758082632847,-1.4088670915281267
Carni,ssp585,2062,Temperate,-0.08243893242641281,1.4125073960539727,1.33006846362756,-1.4949463284803854
Carni,ssp585,2063,Temperate,0.05865025724217256,1.3419843095028634,1.400634566745036,-1.2833340522606909
Carni,ssp585,2064,Temperate,-0.023205553349560405,1.1435579330137924,1.120352379664232,-1.1667634863633527
Carni,ssp585,2065,Temperate,-0.04362300882944471,1.3485566123591906,1.3049336035297459,-1.3921796211886353
Carni,ssp585,2066,Temperate,0.0520353707084671,1.1732996841159433,1.2253350548244104,-1.1212643134074762
Carni,ssp585,2067,Temperate,-0.04013310689635393,1.1646767212332287,1.1245436143368748,-1.2048098281295827
Carni,ssp585,2068,Temperate,0.09901147548724792,1.3174781826486344,1.4164896581358823,-1.2184667071613864
Carni,ssp585,2069,Temperate,0.13891205662977385,1.195372173939749,1.3342842305695228,-1.056460117309975
Carni,ssp585,2070,Temperate,0.17708818221379852,1.0401501389646297,1.2172383211784283,-0.8630619567508312
Carni,ssp585,2071,Temperate,0.13775988397375516,1.3306424042485672,1.4684022882223222,-1.1928825202748121
Carni,ssp585,2072,Temperate,0.15675314851486039,1.3812422410137222,1.5379953895285825,-1.2244890924988618
Carni,ssp585,2073,Temperate,0.08020612726574254,1.699299246872832,1.7795053741385747,-1.6190931196070895
Carni,ssp585,2074,Temperate,0.05458573713113445,1.6016259438817806,1.656211681012915,-1.5470402067506461
Carni,ssp585,2075,Temperate,0.030438077549579376,1.5774002535913008,1.6078383311408802,-1.5469621760417214
Carni,ssp585,2076,Temperate,0.03781471479716277,1.3702019188470058,1.4080166336441686,-1.332387204049843
Carni,ssp585,2077,Temperate,0.14279989777478155,1.3161758667991899,1.4589757645739714,-1.1733759690244083
Carni,ssp585,2078,Temperate,0.03964103622947461,1.6517450378144929,1.6913860740439675,-1.6121040015850183
Carni,ssp585,2079,Temperate,0.08663252432686724,1.563226845741265,1.6498593700681323,-1.4765943214143977
Carni,ssp585,2080,Temperate,0.036987104263029424,1.0838536966528878,1.1208408009159172,-1.0468665923898584
Carni,ssp585,2081,Temperate,0.004411966006444082,1.1663157870693528,1.170727753075797,-1.1619038210629087
Carni,ssp585,2082,Temperate,0.009794283653140678,1.2773107974733395,1.2871050811264801,-1.267516513820199
Carni,ssp585,2083,Temperate,0.09264560716308332,1.649614739776977,1.7422603469400602,-1.5569691326138937
Carni,ssp585,2084,Temperate,0.013258048726528936,1.6533804369029685,1.6666384856294976,-1.6401223881764395
Carni,ssp585,2085,Temperate,0.1207012108081283,1.4494523958711343,1.5701536066792625,-1.328751185063006
Carni,ssp585,2086,Temperate,0.12422554511841269,1.6397633802812288,1.7639889253996415,-1.5155378351628161
Carni,ssp585,2087,Temperate,0.08641134848278412,1.664941188893608,1.7513525373763923,-1.578529840410824
Carni,ssp585,2088,Temperate,0.12966925584016756,1.4706193994092842,1.6002886552494517,-1.3409501435691167
Carni,ssp585,2089,Temperate,0.21407538682921395,1.7512914903670498,1.9653668771962638,-1.5372161035378358
Carni,ssp585,2090,Temperate,0.07721724031480943,1.5697449625754405,1.64696220289025,-1.492527722260631
Carni,ssp585,2091,Temperate,0.1176933477653002,1.4246228169265884,1.5423161646918886,-1.3069294691612883
Carni,ssp585,2092,Temperate,0.0354555668263125,1.7347440824655307,1.7701996492918433,-1.6992885156392181
Carni,ssp585,2093,Temperate,0.06487111270389612,1.7513763777030427,1.8162474904069388,-1.6865052649991465
Carni,ssp585,2094,Temperate,0.025826701040878697,1.8881275537201117,1.9139542547609905,-1.8623008526792328
Carni,ssp585,2095,Temperate,0.09129150503323122,1.9465388728968325,2.0378303779300637,-1.8552473678636012
Carni,ssp585,2096,Temperate,0.132289831007681,1.5500282453690637,1.6823180763767447,-1.4177384143613827
Carni,ssp585,2097,Temperate,0.11007000576026613,1.4373667675100117,1.5474367732702778,-1.3272967617497455
Carni,ssp585,2098,Temperate,-0.013541862974621772,1.82787207816887,1.8143302151942482,-1.8414139411434918
Carni,ssp585,2099,Temperate,0.07243153395229554,1.4919776341161244,1.56440916806842,-1.4195461001638288
Carni,ssp585,2100,Temperate,0.19991866462590008,1.5619712712847111,1.7618899359106113,-1.362052606658811
Carni,ssp126,1980,Tropical,-0.03085129896026213,0.5830328221158984,0.5521815231556362,-0.6138841210761605
Carni,ssp126,1981,Tropical,5.944780225138239e-4,0.9542382097494425,0.9548326877719563,-0.9536437317269287
Carni,ssp126,1982,Tropical,-0.007399475117175354,0.42081731943063866,0.4134178443134633,-0.42821679454781403
Carni,ssp126,1983,Tropical,-0.012251568531629934,0.5215856851691189,0.509334116637489,-0.5338372537007487
Carni,ssp126,1984,Tropical,-0.03508504668570297,0.6731100771878354,0.6380250305021324,-0.7081951238735384
Carni,ssp126,1985,Tropical,-0.09731215200715097,0.5029039774727454,0.4055918254655944,-0.6002161294798963
Carni,ssp126,1986,Tropical,0.03667736139857231,0.3849014854590498,0.4215788468576221,-0.3482241240604775
Carni,ssp126,1987,Tropical,-0.08459044255816606,0.6144724627502642,0.5298820201920982,-0.6990629053084303
Carni,ssp126,1988,Tropical,-0.01813840298961411,0.46564645475264266,0.44750805176302855,-0.48378485774225677
Carni,ssp126,1989,Tropical,0.023434277736646587,0.5975817133035446,0.6210159910401912,-0.574147435566898
Carni,ssp126,1990,Tropical,0.004048222974414667,0.4059565848081997,0.41000480778261433,-0.40190836183378503
Carni,ssp126,1991,Tropical,-0.04566909397731523,0.5042651696727664,0.45859607569545113,-0.5499342636500816
Carni,ssp126,1992,Tropical,-0.026495309974649228,0.423437127918758,0.39694181794410877,-0.4499324378934072
Carni,ssp126,1993,Tropical,-0.0031585646047243474,0.5820778375100458,0.5789192729053215,-0.5852364021147701
Carni,ssp126,1994,Tropical,0.008116499629848279,0.38450101571126954,0.39261751534111783,-0.37638451608142126
Carni,ssp126,1995,Tropical,0.020342068678484326,0.5404665365292622,0.5608086052077466,-0.5201244678507779
Carni,ssp126,1996,Tropical,0.020781485952662476,0.4204674493561531,0.4412489353088156,-0.3996859634034906
Carni,ssp126,1997,Tropical,0.0661700626349113,0.3377779430101892,0.4039480056451005,-0.2716078803752779
Carni,ssp126,1998,Tropical,0.0629279652646456,0.3843029243092948,0.4472308895739404,-0.3213749590446492
Carni,ssp126,1999,Tropical,0.06866094494825757,0.29955936513199005,0.36822031008024764,-0.23089842018373247
Carni,ssp126,2000,Tropical,0.049197988165433526,0.523899140925187,0.5730971290906205,-0.47470115275975344
Carni,ssp126,2001,Tropical,0.11945816925886767,0.40977197024045436,0.5292301394993221,-0.2903138009815867
Carni,ssp126,2002,Tropical,0.16072846717203032,0.5079439460384388,0.6686724132104691,-0.3472154788664085
Carni,ssp126,2003,Tropical,0.16655091089247825,0.5139247078867953,0.6804756187792735,-0.3473737969943171
Carni,ssp126,2004,Tropical,0.1524705366865836,0.4450211551532703,0.5974916918398538,-0.2925506184666867
Carni,ssp126,2005,Tropical,0.13361127147722074,0.3876864223597382,0.5212976938369589,-0.2540751508825175
Carni,ssp126,2006,Tropical,0.15592274043238155,0.44655296034089936,0.6024757007732809,-0.2906302199085178
Carni,ssp126,2007,Tropical,0.1350466795962274,0.5970912380746799,0.7321379176709073,-0.4620445584784525
Carni,ssp126,2008,Tropical,0.1440452914448586,0.4672418257965329,0.6112871172413915,-0.3231965343516743
Carni,ssp126,2009,Tropical,0.09802617915746108,0.5721292930826584,0.6701554722401194,-0.4741031139251973
Carni,ssp126,2010,Tropical,0.08250582244645661,0.4911385082542516,0.5736443307007082,-0.408632685807795
Carni,ssp126,2011,Tropical,0.1139384677509323,0.6543721479691358,0.7683106157200681,-0.5404336802182035
Carni,ssp126,2012,Tropical,0.14605770502083945,0.6258347969744713,0.7718925019953108,-0.47977709195363183
Carni,ssp126,2013,Tropical,0.18050053456574697,0.4731399297970832,0.6536404643628302,-0.2926393952313362
Carni,ssp126,2014,Tropical,0.15976472100680567,0.5048932903965933,0.6646580114033989,-0.3451285693897876
Carni,ssp126,2015,Tropical,0.05029393274150484,0.8127512548248838,0.8630451875663886,-0.7624573220833789
Carni,ssp126,2016,Tropical,0.12055266493924358,0.4670375902829276,0.5875902552221711,-0.346484925343684
Carni,ssp126,2017,Tropical,0.16043510320993162,0.882662032359785,1.0430971355697167,-0.7222269291498534
Carni,ssp126,2018,Tropical,0.09152808402334521,0.5158102183495668,0.607338302372912,-0.4242821343262215
Carni,ssp126,2019,Tropical,0.16357549449387093,0.4481512625260012,0.6117267570198721,-0.28457576803213025
Carni,ssp126,2020,Tropical,0.141125188580783,0.5474688933515254,0.6885940819323084,-0.4063437047707424
Carni,ssp126,2021,Tropical,0.18379747153229065,0.5504168173916996,0.7342142889239902,-0.3666193458594089
Carni,ssp126,2022,Tropical,0.19233371099669985,0.5176759002078545,0.7100096112045543,-0.32534218921115465
Carni,ssp126,2023,Tropical,0.15395691808806802,0.6657908369148643,0.8197477550029323,-0.5118339188267963
Carni,ssp126,2024,Tropical,0.1398963616933583,0.5387021337468257,0.678598495440184,-0.39880577205346746
Carni,ssp126,2025,Tropical,0.15823261521584245,0.5556731089791159,0.7139057241949583,-0.3974404937632735
Carni,ssp126,2026,Tropical,0.15203783226310888,0.466443134601228,0.6184809668643368,-0.31440530233811914
Carni,ssp126,2027,Tropical,0.1757202481269815,0.492200250640338,0.6679204987673195,-0.3164800025133565
Carni,ssp126,2028,Tropical,0.18055807588144662,0.6586349397686587,0.8391930156501053,-0.4780768638872121
Carni,ssp126,2029,Tropical,0.19880119911437982,0.5560916035380219,0.7548928026524018,-0.35729040442364207
Carni,ssp126,2030,Tropical,0.23059670609435445,0.4905512875956797,0.7211479936900341,-0.2599545815013252
Carni,ssp126,2031,Tropical,0.22977970040869022,0.5105289655293369,0.7403086659380271,-0.2807492651206467
Carni,ssp126,2032,Tropical,0.21801513748825685,0.893217090823876,1.111232228312133,-0.6752019533356192
Carni,ssp126,2033,Tropical,0.28212856031163785,0.5214103382555069,0.8035388985671448,-0.239281777943869
Carni,ssp126,2034,Tropical,0.21151942455466516,0.5581767605473815,0.7696961851020467,-0.34665733599271636
Carni,ssp126,2035,Tropical,0.23242327766279003,0.515797940258374,0.748221217921164,-0.28337466259558397
Carni,ssp126,2036,Tropical,0.28453005599506,0.5193537986526079,0.8038838546476679,-0.2348237426575479
Carni,ssp126,2037,Tropical,0.2646512383458423,0.5573970886569393,0.8220483270027816,-0.29274585031109696
Carni,ssp126,2038,Tropical,0.2140043982803461,0.5605160931345621,0.7745204914149082,-0.34651169485421596
Carni,ssp126,2039,Tropical,0.22267246666408763,0.5472812173800379,0.7699536840441255,-0.32460875071595024
Carni,ssp126,2040,Tropical,0.20314780590343748,0.5161065295143985,0.719254335417836,-0.312958723610961
Carni,ssp126,2041,Tropical,0.23897641806671735,0.5056607600286356,0.7446371780953529,-0.26668434196191826
Carni,ssp126,2042,Tropical,0.29559968990119995,0.6253890599945289,0.9209887498957288,-0.3297893700933289
Carni,ssp126,2043,Tropical,0.3033537237812997,0.614351982183833,0.9177057059651328,-0.3109982584025333
Carni,ssp126,2044,Tropical,0.31180431524695945,0.6940142471363263,1.0058185623832858,-0.38220993188936686
Carni,ssp126,2045,Tropical,0.3065734048856876,0.5431157638608757,0.8496891687465633,-0.2365423589751881
Carni,ssp126,2046,Tropical,0.24918917928869957,0.6004539030566605,0.84964308234536,-0.3512647237679609
Carni,ssp126,2047,Tropical,0.2610109111060662,0.5995803440921109,0.8605912551981771,-0.3385694329860447
Carni,ssp126,2048,Tropical,0.25919187554789364,0.7360929740729192,0.9952848496208129,-0.47690109852502555
Carni,ssp126,2049,Tropical,0.2891679247563908,0.5273488900625859,0.8165168148189768,-0.2381809653061951
Carni,ssp126,2050,Tropical,0.2698271498828305,0.48015684333191955,0.7499839932147501,-0.21032969344908903
Carni,ssp126,2051,Tropical,0.3332944315753855,0.561530993557164,0.8948254251325495,-0.22823656198177844
Carni,ssp126,2052,Tropical,0.2758856771481088,0.5672248478240259,0.8431105249721347,-0.29133917067591714
Carni,ssp126,2053,Tropical,0.286252452651548,0.692285130749204,0.9785375834007519,-0.406032678097656
Carni,ssp126,2054,Tropical,0.2944254793013299,0.6011837991212291,0.895609278422559,-0.3067583198198992
Carni,ssp126,2055,Tropical,0.29719291888984195,0.5501957702090741,0.847388689098916,-0.2530028513192321
Carni,ssp126,2056,Tropical,0.3662125664669852,0.5493471097368245,0.9155596762038097,-0.18313454326983936
Carni,ssp126,2057,Tropical,0.26805184983838815,0.571398188213988,0.8394500380523762,-0.3033463383755999
Carni,ssp126,2058,Tropical,0.2584697718600618,0.7068140895907691,0.9652838614508309,-0.44834431773070726
Carni,ssp126,2059,Tropical,0.29868366066236884,0.5996671744479591,0.898350835110328,-0.3009835137855903
Carni,ssp126,2060,Tropical,0.263604228431311,0.7233988281809538,0.9870030566122647,-0.4597945997496428
Carni,ssp126,2061,Tropical,0.27207950866753594,0.6587189960559375,0.9307985047234735,-0.3866394873884016
Carni,ssp126,2062,Tropical,0.2775239986656027,0.7163435021035861,0.9938675007691888,-0.4388195034379834
Carni,ssp126,2063,Tropical,0.2612258359639741,0.595984118879544,0.857209954843518,-0.33475828291556986
Carni,ssp126,2064,Tropical,0.227947100569824,0.5972714288248506,0.8252185293946747,-0.3693243282550266
Carni,ssp126,2065,Tropical,0.2067927242050117,0.5983165183455078,0.8051092425505195,-0.3915237941404961
Carni,ssp126,2066,Tropical,0.3016601195075254,0.5512988289366826,0.8529589484442079,-0.24963870942915717
Carni,ssp126,2067,Tropical,0.3337472747898423,0.6419798076709236,0.9757270824607658,-0.30823253288108127
Carni,ssp126,2068,Tropical,0.31600211528106814,0.8225838600531987,1.1385859753342669,-0.5065817447721306
Carni,ssp126,2069,Tropical,0.3397912989316793,0.7584739282920971,1.0982652272237765,-0.41868262936041784
Carni,ssp126,2070,Tropical,0.3657735087967371,0.645799319883465,1.011572828680202,-0.28002581108672786
Carni,ssp126,2071,Tropical,0.28528904722123505,0.6431110284957828,0.9284000757170179,-0.3578219812745478
Carni,ssp126,2072,Tropical,0.2874914292880768,0.5844621397900567,0.8719535690781335,-0.2969707105019799
Carni,ssp126,2073,Tropical,0.2643121687915539,0.6855280818120828,0.9498402506036367,-0.4212159130205289
Carni,ssp126,2074,Tropical,0.30077200504687984,0.6425269707783533,0.9432989758252331,-0.34175496573147346
Carni,ssp126,2075,Tropical,0.21978221777833895,0.6138311248789183,0.8336133426572573,-0.3940489071005794
Carni,ssp126,2076,Tropical,0.2512728598867657,0.6821956913764791,0.9334685512632448,-0.4309228314897134
Carni,ssp126,2077,Tropical,0.2850655443974116,0.5626689844369169,0.8477345288343285,-0.2776034400395053
Carni,ssp126,2078,Tropical,0.34597294428886954,0.6700012790436939,1.0159742233325635,-0.32402833475482434
Carni,ssp126,2079,Tropical,0.2694492279944565,0.5506908398344517,0.8201400678289081,-0.2812416118399952
Carni,ssp126,2080,Tropical,0.31871499516077456,0.8122087722220898,1.1309237673828643,-0.4934937770613152
Carni,ssp126,2081,Tropical,0.3472034684240697,0.5674283119098147,0.9146317803338844,-0.220224843485745
Carni,ssp126,2082,Tropical,0.3918290061689791,0.688406694393437,1.0802357005624161,-0.29657768822445796
Carni,ssp126,2083,Tropical,0.33226959215208757,0.6892314375856663,1.0215010297377538,-0.35696184543357873
Carni,ssp126,2084,Tropical,0.2128640071008165,0.5682216161681738,0.7810856232689902,-0.3553576090673573
Carni,ssp126,2085,Tropical,0.20822771937884416,0.5560540139012933,0.7642817332801375,-0.3478262945224491
Carni,ssp126,2086,Tropical,0.2936333320536669,0.7624079231015468,1.0560412551552136,-0.46877459104787994
Carni,ssp126,2087,Tropical,0.2474497376086304,0.6090145111266223,0.8564642487352527,-0.3615647735179919
Carni,ssp126,2088,Tropical,0.26424900080813235,0.49102747206288955,0.755276472871022,-0.2267784712547572
Carni,ssp126,2089,Tropical,0.30255356151895163,0.5635029887894714,0.866056550308423,-0.26094942727051973
Carni,ssp126,2090,Tropical,0.28443437106660874,0.5036964135842081,0.7881307846508169,-0.2192620425175994
Carni,ssp126,2091,Tropical,0.28256774041993743,0.49648892240759346,0.7790566628275308,-0.21392118198765603
Carni,ssp126,2092,Tropical,0.3182532265797666,0.7015951521717214,1.019848378751488,-0.3833419255919548
Carni,ssp126,2093,Tropical,0.2284903408910086,0.8420985149633032,1.0705888558543117,-0.6136081740722946
Carni,ssp126,2094,Tropical,0.21497186329378098,0.6669251928015002,0.8818970560952812,-0.4519533295077192
Carni,ssp126,2095,Tropical,0.22465803344031327,0.6046661874514583,0.8293242208917715,-0.380008154011145
Carni,ssp126,2096,Tropical,0.20899461306130598,0.6570189726433658,0.8660135857046718,-0.4480243595820599
Carni,ssp126,2097,Tropical,0.270200553509678,0.6778074448306681,0.9480079983403461,-0.40760689132099015
Carni,ssp126,2098,Tropical,0.2568133273710357,0.5726441526868167,0.8294574800578524,-0.315830825315781
Carni,ssp126,2099,Tropical,0.31828248130778164,0.6559047311997892,0.9741872125075708,-0.33762224989200756
Carni,ssp126,2100,Tropical,0.3038338074167936,0.5489959730917298,0.8528297805085234,-0.24516216567493615
Carni,ssp370,1980,Tropical,-0.03085129896026213,0.5830328221158984,0.5521815231556362,-0.6138841210761605
Carni,ssp370,1981,Tropical,5.944780225138239e-4,0.9542382097494425,0.9548326877719563,-0.9536437317269287
Carni,ssp370,1982,Tropical,-0.007399475117175354,0.42081731943063866,0.4134178443134633,-0.42821679454781403
Carni,ssp370,1983,Tropical,-0.012251568531629934,0.5215856851691189,0.509334116637489,-0.5338372537007487
Carni,ssp370,1984,Tropical,-0.03508504668570297,0.6731100771878354,0.6380250305021324,-0.7081951238735384
Carni,ssp370,1985,Tropical,-0.09731215200715097,0.5029039774727454,0.4055918254655944,-0.6002161294798963
Carni,ssp370,1986,Tropical,0.03667736139857231,0.3849014854590498,0.4215788468576221,-0.3482241240604775
Carni,ssp370,1987,Tropical,-0.08459044255816606,0.6144724627502642,0.5298820201920982,-0.6990629053084303
Carni,ssp370,1988,Tropical,-0.01813840298961411,0.46564645475264266,0.44750805176302855,-0.48378485774225677
Carni,ssp370,1989,Tropical,0.023434277736646587,0.5975817133035446,0.6210159910401912,-0.574147435566898
Carni,ssp370,1990,Tropical,0.004048222974414667,0.4059565848081997,0.41000480778261433,-0.40190836183378503
Carni,ssp370,1991,Tropical,-0.04566909397731523,0.5042651696727664,0.45859607569545113,-0.5499342636500816
Carni,ssp370,1992,Tropical,-0.026495309974649228,0.423437127918758,0.39694181794410877,-0.4499324378934072
Carni,ssp370,1993,Tropical,-0.0031585646047243474,0.5820778375100458,0.5789192729053215,-0.5852364021147701
Carni,ssp370,1994,Tropical,0.008116499629848279,0.38450101571126954,0.39261751534111783,-0.37638451608142126
Carni,ssp370,1995,Tropical,0.020342068678484326,0.5404665365292622,0.5608086052077466,-0.5201244678507779
Carni,ssp370,1996,Tropical,0.020781485952662476,0.4204674493561531,0.4412489353088156,-0.3996859634034906
Carni,ssp370,1997,Tropical,0.0661700626349113,0.3377779430101892,0.4039480056451005,-0.2716078803752779
Carni,ssp370,1998,Tropical,0.0629279652646456,0.3843029243092948,0.4472308895739404,-0.3213749590446492
Carni,ssp370,1999,Tropical,0.06866094494825757,0.29955936513199005,0.36822031008024764,-0.23089842018373247
Carni,ssp370,2000,Tropical,0.049197988165433526,0.523899140925187,0.5730971290906205,-0.47470115275975344
Carni,ssp370,2001,Tropical,0.11945816925886767,0.40977197024045436,0.5292301394993221,-0.2903138009815867
Carni,ssp370,2002,Tropical,0.16072846717203032,0.5079439460384388,0.6686724132104691,-0.3472154788664085
Carni,ssp370,2003,Tropical,0.16655091089247825,0.5139247078867953,0.6804756187792735,-0.3473737969943171
Carni,ssp370,2004,Tropical,0.1524705366865836,0.4450211551532703,0.5974916918398538,-0.2925506184666867
Carni,ssp370,2005,Tropical,0.13361127147722074,0.3876864223597382,0.5212976938369589,-0.2540751508825175
Carni,ssp370,2006,Tropical,0.15592274043238155,0.44655296034089936,0.6024757007732809,-0.2906302199085178
Carni,ssp370,2007,Tropical,0.1350466795962274,0.5970912380746799,0.7321379176709073,-0.4620445584784525
Carni,ssp370,2008,Tropical,0.1440452914448586,0.4672418257965329,0.6112871172413915,-0.3231965343516743
Carni,ssp370,2009,Tropical,0.09802617915746108,0.5721292930826584,0.6701554722401194,-0.4741031139251973
Carni,ssp370,2010,Tropical,0.08250582244645661,0.4911385082542516,0.5736443307007082,-0.408632685807795
Carni,ssp370,2011,Tropical,0.1139384677509323,0.6543721479691358,0.7683106157200681,-0.5404336802182035
Carni,ssp370,2012,Tropical,0.14605770502083945,0.6258347969744713,0.7718925019953108,-0.47977709195363183
Carni,ssp370,2013,Tropical,0.18050053456574697,0.4731399297970832,0.6536404643628302,-0.2926393952313362
Carni,ssp370,2014,Tropical,0.15976472100680567,0.5048932903965933,0.6646580114033989,-0.3451285693897876
Carni,ssp370,2015,Tropical,0.046101552635207675,0.8726493686948862,0.9187509213300938,-0.8265478160596785
Carni,ssp370,2016,Tropical,0.16687821992978205,0.9256203048085754,1.0924985247383574,-0.7587420848787934
Carni,ssp370,2017,Tropical,0.22264193178502364,0.6708827985205159,0.8935247303055396,-0.44824086673549224
Carni,ssp370,2018,Tropical,0.1517705344373393,0.515230475228614,0.6670010096659533,-0.3634599407912747
Carni,ssp370,2019,Tropical,0.20957431753368966,0.49981334766313873,0.7093876651968284,-0.29023903012944907
Carni,ssp370,2020,Tropical,0.18956618855064708,0.38378596293601797,0.5733521514866651,-0.19421977438537089
Carni,ssp370,2021,Tropical,0.1584717014346895,0.459591252346156,0.6180629537808455,-0.30111955091146647
Carni,ssp370,2022,Tropical,0.15501972685961835,0.9066609457418328,1.0616806726014512,-0.7516412188822144
Carni,ssp370,2023,Tropical,0.10114606400167994,1.0846109709437997,1.1857570349454796,-0.9834649069421197
Carni,ssp370,2024,Tropical,0.22893198619339405,0.5469552918682044,0.7758872780615984,-0.3180233056748103
Carni,ssp370,2025,Tropical,0.19147943527986142,0.517619797078536,0.7090992323583974,-0.32614036179867456
Carni,ssp370,2026,Tropical,0.2155720933219126,0.5448288986809356,0.7604009920028483,-0.329256805359023
Carni,ssp370,2027,Tropical,0.17775138886977046,0.699413648830856,0.8771650377006265,-0.5216622599610855
Carni,ssp370,2028,Tropical,0.1849018810628072,0.5764641080632527,0.7613659891260598,-0.39156222700044546
Carni,ssp370,2029,Tropical,0.14463601855291722,0.5380119982115656,0.6826480167644828,-0.39337597965864846
Carni,ssp370,2030,Tropical,0.15198656635153351,0.4945581304386762,0.6465446967902098,-0.3425715640871427
Carni,ssp370,2031,Tropical,0.24747679354734067,0.6627576376288549,0.9102344311761955,-0.4152808440815142
Carni,ssp370,2032,Tropical,0.22755084703886094,0.5178969111161875,0.7454477581550485,-0.29034606407732655
Carni,ssp370,2033,Tropical,0.22522776520909452,0.5181110675378132,0.7433388327469077,-0.29288330232871873
Carni,ssp370,2034,Tropical,0.2726207425034129,0.5300712819962131,0.8026920244996261,-0.2574505394928002
Carni,ssp370,2035,Tropical,0.3085815211620527,0.4812738024868049,0.7898553236488576,-0.17269228132475223
Carni,ssp370,2036,Tropical,0.30460291085262686,0.49305820617822144,0.7976611170308483,-0.18845529532559457
Carni,ssp370,2037,Tropical,0.348728137730731,0.4986827302823613,0.8474108680130923,-0.1499545925516303
Carni,ssp370,2038,Tropical,0.32933199540493496,0.6588906785847268,0.9882226739896618,-0.32955868317979187
Carni,ssp370,2039,Tropical,0.2705157982157501,0.514948622028886,0.7854644202446361,-0.2444328238131359
Carni,ssp370,2040,Tropical,0.33292508248848374,0.5371126725554438,0.8700377550439276,-0.20418759006696008
Carni,ssp370,2041,Tropical,0.27864177207094437,0.6977193854819111,0.9763611575528555,-0.4190776134109668
Carni,ssp370,2042,Tropical,0.2815286602974586,0.5561212223723024,0.837649882669761,-0.27459256207484384
Carni,ssp370,2043,Tropical,0.3400490000674679,0.5897945544010588,0.9298435544685266,-0.24974555433359086
Carni,ssp370,2044,Tropical,0.259989790060866,0.539942295270293,0.799932085331159,-0.27995250520942705
Carni,ssp370,2045,Tropical,0.36272209029543356,0.5629908591986812,0.9257129494941148,-0.20026876890324763
Carni,ssp370,2046,Tropical,0.39727463919502465,0.5346773269398138,0.9319519661348385,-0.1374026877447892
Carni,ssp370,2047,Tropical,0.4201444028393753,0.6912671108183797,1.111411513657755,-0.27112270797900434
Carni,ssp370,2048,Tropical,0.39673043343637127,0.7068719930328091,1.1036024264691804,-0.31014155959643785
Carni,ssp370,2049,Tropical,0.35798679309708714,0.7731267852259252,1.1311135783230122,-0.415139992128838
Carni,ssp370,2050,Tropical,0.4068545713930488,0.7335094411685998,1.1403640125616485,-0.326654869775551
Carni,ssp370,2051,Tropical,0.378162822668788,0.8023893329373238,1.1805521556061118,-0.42422651026853586
Carni,ssp370,2052,Tropical,0.39698095230937874,0.6493693434035639,1.0463502957129427,-0.25238839109418515
Carni,ssp370,2053,Tropical,0.4027836117201084,0.6387465584483798,1.0415301701684883,-0.2359629467282714
Carni,ssp370,2054,Tropical,0.3849046322927948,0.6588732609336727,1.0437778932264674,-0.2739686286408779
Carni,ssp370,2055,Tropical,0.351107396888909,0.6060761053638067,0.9571835022527158,-0.2549687084748977
Carni,ssp370,2056,Tropical,0.3681813636871626,0.7177963096873793,1.0859776733745419,-0.3496149460002167
Carni,ssp370,2057,Tropical,0.41877303010215156,0.7774578330728982,1.1962308631750498,-0.3586848029707466
Carni,ssp370,2058,Tropical,0.3844494694670929,0.6752176017017487,1.0596670711688416,-0.2907681322346558
Carni,ssp370,2059,Tropical,0.425239615888922,0.9071617090369382,1.3324013249258602,-0.48192209314801615
Carni,ssp370,2060,Tropical,0.38975685001507976,0.9645144737042902,1.35427132371937,-0.5747576236892105
Carni,ssp370,2061,Tropical,0.4434118373923174,0.9314582039681655,1.3748700413604829,-0.4880463665758481
Carni,ssp370,2062,Tropical,0.41356136353663775,0.7713525492021143,1.184913912738752,-0.3577911856654765
Carni,ssp370,2063,Tropical,0.4679966261866601,0.7131409764589404,1.1811376026456004,-0.24514435027228026
Carni,ssp370,2064,Tropical,0.5400081922980496,0.732394935424675,1.2724031277227246,-0.1923867431266254
Carni,ssp370,2065,Tropical,0.47340178833802915,0.8794025042049554,1.3528042925429844,-0.4060007158669262
Carni,ssp370,2066,Tropical,0.4502189712144569,0.7606679745554252,1.210886945769882,-0.3104490033409683
Carni,ssp370,2067,Tropical,0.42989557940105744,0.8179354467607689,1.2478310261618264,-0.38803986735971147
Carni,ssp370,2068,Tropical,0.45219612699138906,0.7610949513040939,1.2132910782954829,-0.3088988243127048
Carni,ssp370,2069,Tropical,0.47629942641214207,0.7958558493099231,1.2721552757220653,-0.3195564228977811
Carni,ssp370,2070,Tropical,0.4155968166617215,0.9084979427532955,1.324094759415017,-0.49290112609157405
Carni,ssp370,2071,Tropical,0.4609012881184075,0.7019554338351579,1.1628567219535655,-0.24105414571675038
Carni,ssp370,2072,Tropical,0.5472826999157409,1.041812341186884,1.5890950411026248,-0.4945296412711432
Carni,ssp370,2073,Tropical,0.547945435766222,0.6910581382567815,1.2390035740230037,-0.14311270249055952
Carni,ssp370,2074,Tropical,0.5537004292493569,0.6953784655254375,1.2490788947747944,-0.14167803627608055
Carni,ssp370,2075,Tropical,0.5097654342920072,0.6878650577784425,1.1976304920704497,-0.17809962348643538
Carni,ssp370,2076,Tropical,0.5280814993343126,0.7312626382532316,1.259344137587544,-0.20318113891891898
Carni,ssp370,2077,Tropical,0.5744569853635418,0.9626101819044833,1.5370671672680252,-0.3881531965409415
Carni,ssp370,2078,Tropical,0.5163804278889371,0.8684667810045791,1.3848472088935162,-0.35208635311564196
Carni,ssp370,2079,Tropical,0.5098548896428957,0.7524235655816709,1.2622784552245667,-0.24256867593877518
Carni,ssp370,2080,Tropical,0.6185491281136565,0.7713535278363676,1.389902655950024,-0.1528043997227111
Carni,ssp370,2081,Tropical,0.5932835476956206,0.7635104725101545,1.356794020205775,-0.17022692481453383
Carni,ssp370,2082,Tropical,0.5783263867112766,0.7083702731817236,1.2866966598930003,-0.13004388647044707
Carni,ssp370,2083,Tropical,0.5615309295535897,0.7713897393634864,1.332920668917076,-0.20985880980989668
Carni,ssp370,2084,Tropical,0.5639861865843517,0.7245464328768425,1.2885326194611944,-0.16056024629249077
Carni,ssp370,2085,Tropical,0.6267522405111565,1.2618907469081782,1.8886429874193347,-0.6351385063970216
Carni,ssp370,2086,Tropical,0.6052586924083208,0.9953784090794321,1.6006371014877527,-0.39011971667111134
Carni,ssp370,2087,Tropical,0.6181694263989015,0.9008580777303908,1.5190275041292924,-0.28268865133148935
Carni,ssp370,2088,Tropical,0.6299469758483435,0.7644303036477299,1.3943772794960734,-0.13448332779938643
Carni,ssp370,2089,Tropical,0.6194742073023303,0.8614027181416788,1.480876925444009,-0.24192851083934852
Carni,ssp370,2090,Tropical,0.7149920553199638,0.7696919881728808,1.4846840434928446,-0.054699932852916966
Carni,ssp370,2091,Tropical,0.6588512118801338,0.97639316436334,1.6352443762434739,-0.31754195248320616
Carni,ssp370,2092,Tropical,0.6698846091994312,0.8995083645730352,1.5693929737724663,-0.22962375537360402
Carni,ssp370,2093,Tropical,0.7457986999435177,0.802767952435396,1.5485666523789137,-0.05696925249187834
Carni,ssp370,2094,Tropical,0.7112668412235054,1.0072688888276402,1.7185357300511455,-0.29600204760413484
Carni,ssp370,2095,Tropical,0.6684972801284561,0.8579940863394934,1.5264913664679494,-0.18949680621103726
Carni,ssp370,2096,Tropical,0.6945690553040288,0.8283354833274976,1.5229045386315265,-0.13376642802346883
Carni,ssp370,2097,Tropical,0.7129998034335872,0.9077123343183434,1.6207121377519305,-0.19471253088475626
Carni,ssp370,2098,Tropical,0.7714448808159295,0.8309874805953393,1.6024323614112688,-0.05954259977940979
Carni,ssp370,2099,Tropical,0.7533929956907017,0.9432322419494487,1.6966252376401503,-0.18983924625874693
Carni,ssp370,2100,Tropical,0.7913663619815097,0.962653955737235,1.7540203177187448,-0.17128759375572533
Carni,ssp585,1980,Tropical,-0.03085129896026213,0.5830328221158984,0.5521815231556362,-0.6138841210761605
Carni,ssp585,1981,Tropical,5.944780225138239e-4,0.9542382097494425,0.9548326877719563,-0.9536437317269287
Carni,ssp585,1982,Tropical,-0.007399475117175354,0.42081731943063866,0.4134178443134633,-0.42821679454781403
Carni,ssp585,1983,Tropical,-0.012251568531629934,0.5215856851691189,0.509334116637489,-0.5338372537007487
Carni,ssp585,1984,Tropical,-0.03508504668570297,0.6731100771878354,0.6380250305021324,-0.7081951238735384
Carni,ssp585,1985,Tropical,-0.09731215200715097,0.5029039774727454,0.4055918254655944,-0.6002161294798963
Carni,ssp585,1986,Tropical,0.03667736139857231,0.3849014854590498,0.4215788468576221,-0.3482241240604775
Carni,ssp585,1987,Tropical,-0.08459044255816606,0.6144724627502642,0.5298820201920982,-0.6990629053084303
Carni,ssp585,1988,Tropical,-0.01813840298961411,0.46564645475264266,0.44750805176302855,-0.48378485774225677
Carni,ssp585,1989,Tropical,0.023434277736646587,0.5975817133035446,0.6210159910401912,-0.574147435566898
Carni,ssp585,1990,Tropical,0.004048222974414667,0.4059565848081997,0.41000480778261433,-0.40190836183378503
Carni,ssp585,1991,Tropical,-0.04566909397731523,0.5042651696727664,0.45859607569545113,-0.5499342636500816
Carni,ssp585,1992,Tropical,-0.026495309974649228,0.423437127918758,0.39694181794410877,-0.4499324378934072
Carni,ssp585,1993,Tropical,-0.0031585646047243474,0.5820778375100458,0.5789192729053215,-0.5852364021147701
Carni,ssp585,1994,Tropical,0.008116499629848279,0.38450101571126954,0.39261751534111783,-0.37638451608142126
Carni,ssp585,1995,Tropical,0.020342068678484326,0.5404665365292622,0.5608086052077466,-0.5201244678507779
Carni,ssp585,1996,Tropical,0.020781485952662476,0.4204674493561531,0.4412489353088156,-0.3996859634034906
Carni,ssp585,1997,Tropical,0.0661700626349113,0.3377779430101892,0.4039480056451005,-0.2716078803752779
Carni,ssp585,1998,Tropical,0.0629279652646456,0.3843029243092948,0.4472308895739404,-0.3213749590446492
Carni,ssp585,1999,Tropical,0.06866094494825757,0.29955936513199005,0.36822031008024764,-0.23089842018373247
Carni,ssp585,2000,Tropical,0.049197988165433526,0.523899140925187,0.5730971290906205,-0.47470115275975344
Carni,ssp585,2001,Tropical,0.11945816925886767,0.40977197024045436,0.5292301394993221,-0.2903138009815867
Carni,ssp585,2002,Tropical,0.16072846717203032,0.5079439460384388,0.6686724132104691,-0.3472154788664085
Carni,ssp585,2003,Tropical,0.16655091089247825,0.5139247078867953,0.6804756187792735,-0.3473737969943171
Carni,ssp585,2004,Tropical,0.1524705366865836,0.4450211551532703,0.5974916918398538,-0.2925506184666867
Carni,ssp585,2005,Tropical,0.13361127147722074,0.3876864223597382,0.5212976938369589,-0.2540751508825175
Carni,ssp585,2006,Tropical,0.15592274043238155,0.44655296034089936,0.6024757007732809,-0.2906302199085178
Carni,ssp585,2007,Tropical,0.1350466795962274,0.5970912380746799,0.7321379176709073,-0.4620445584784525
Carni,ssp585,2008,Tropical,0.1440452914448586,0.4672418257965329,0.6112871172413915,-0.3231965343516743
Carni,ssp585,2009,Tropical,0.09802617915746108,0.5721292930826584,0.6701554722401194,-0.4741031139251973
Carni,ssp585,2010,Tropical,0.08250582244645661,0.4911385082542516,0.5736443307007082,-0.408632685807795
Carni,ssp585,2011,Tropical,0.1139384677509323,0.6543721479691358,0.7683106157200681,-0.5404336802182035
Carni,ssp585,2012,Tropical,0.14605770502083945,0.6258347969744713,0.7718925019953108,-0.47977709195363183
Carni,ssp585,2013,Tropical,0.18050053456574697,0.4731399297970832,0.6536404643628302,-0.2926393952313362
Carni,ssp585,2014,Tropical,0.15976472100680567,0.5048932903965933,0.6646580114033989,-0.3451285693897876
Carni,ssp585,2015,Tropical,0.10048763437452594,0.6933943494395015,0.7938819838140274,-0.5929067150649756
Carni,ssp585,2016,Tropical,0.17632169588225757,0.6242865879371186,0.8006082838193761,-0.447964892054861
Carni,ssp585,2017,Tropical,0.10434940624108173,0.564337659461133,0.6686870657022147,-0.45998825322005127
Carni,ssp585,2018,Tropical,0.14182455815901795,0.9328429439970863,1.0746675021561043,-0.7910183858380684
Carni,ssp585,2019,Tropical,0.2204581991829147,0.8252685364858597,1.0457267356687745,-0.604810337302945
Carni,ssp585,2020,Tropical,0.20672726619521478,0.46173128317019096,0.6684585493654057,-0.2550040169749762
Carni,ssp585,2021,Tropical,0.18848733564701692,0.45643064702357006,0.644917982670587,-0.26794331137655314
Carni,ssp585,2022,Tropical,0.19661649711346044,0.5514740107449982,0.7480905078584587,-0.35485751363153784
Carni,ssp585,2023,Tropical,0.18491945108750657,0.5237161265968615,0.708635577684368,-0.33879667550935494
Carni,ssp585,2024,Tropical,0.12488937527183844,0.9370013874097082,1.0618907626815466,-0.8121120121378698
Carni,ssp585,2025,Tropical,0.15928584086384862,0.4398996843859966,0.5991855252498453,-0.28061384352214797
Carni,ssp585,2026,Tropical,0.2073428937497746,0.5173584321724267,0.7247013259222013,-0.3100155384226521
Carni,ssp585,2027,Tropical,0.2237387774367674,0.5227831380331416,0.746521915469909,-0.2990443605963742
Carni,ssp585,2028,Tropical,0.1789156319000672,0.48746913707286754,0.6663847689729347,-0.30855350517280034
Carni,ssp585,2029,Tropical,0.18082456523142904,0.5669655342833015,0.7477900995147306,-0.3861409690518725
Carni,ssp585,2030,Tropical,0.21136032384900375,0.5450441909473875,0.7564045147963913,-0.3336838670983838
Carni,ssp585,2031,Tropical,0.24879106902069617,0.5749152418637159,0.823706310884412,-0.32612417284301976
Carni,ssp585,2032,Tropical,0.27148615689846567,0.7912929888941083,1.062779145792574,-0.5198068319956426
Carni,ssp585,2033,Tropical,0.2763866597518672,0.5387619441747515,0.8151486039266187,-0.2623752844228843
Carni,ssp585,2034,Tropical,0.2615083427549148,0.5149383968581849,0.7764467396130996,-0.2534300541032701
Carni,ssp585,2035,Tropical,0.24910418695052697,0.6625525560074491,0.911656742957976,-0.41344836905692217
Carni,ssp585,2036,Tropical,0.2730483402158811,0.5728918752678837,0.8459402154837647,-0.29984353505200256
Carni,ssp585,2037,Tropical,0.2908117193149305,0.5984811876793232,0.8892929069942537,-0.30766946836439274
Carni,ssp585,2038,Tropical,0.2863001959347695,0.5360597980348842,0.8223599939696538,-0.24975960210011472
Carni,ssp585,2039,Tropical,0.2834376704552204,0.54210110933613,0.8255387797913504,-0.2586634388809096
Carni,ssp585,2040,Tropical,0.3692822121765601,0.6157999089434976,0.9850821211200577,-0.24651769676693747
Carni,ssp585,2041,Tropical,0.3096300956467566,0.6217335661371753,0.9313636617839319,-0.31210347049041876
Carni,ssp585,2042,Tropical,0.3353664261711397,0.5538137387549219,0.8891801649260616,-0.2184473125837822
Carni,ssp585,2043,Tropical,0.3769258386178539,0.5908591942001182,0.9677850328179721,-0.21393335558226434
Carni,ssp585,2044,Tropical,0.4032485094342994,0.5700233908297566,0.973271900264056,-0.1667748813954572
Carni,ssp585,2045,Tropical,0.3541659662801025,0.6383371820029916,0.9925031482830942,-0.2841712157228891
Carni,ssp585,2046,Tropical,0.361497345636262,0.6674938000988827,1.0289911457351448,-0.3059964544626207
Carni,ssp585,2047,Tropical,0.36461989126321886,0.6775270167744921,1.042146908037711,-0.31290712551127325
Carni,ssp585,2048,Tropical,0.4334266133547058,0.6443284499325878,1.0777550632872934,-0.21090183657788197
Carni,ssp585,2049,Tropical,0.4382404693722813,0.7565439889427336,1.194784458315015,-0.3183035195704523
Carni,ssp585,2050,Tropical,0.402269489481383,0.6508710794355125,1.0531405689168956,-0.24860158995412945
Carni,ssp585,2051,Tropical,0.48421830735841,0.5962399614712175,1.0804582688296276,-0.11202165411280751
Carni,ssp585,2052,Tropical,0.47205882155961326,0.7885505967738031,1.2606094183334164,-0.31649177521418986
Carni,ssp585,2053,Tropical,0.44961841471782726,0.7030445684506895,1.1526629831685167,-0.25342615373286226
Carni,ssp585,2054,Tropical,0.5087175705204972,0.6603847076541289,1.169102278174626,-0.15166713713363178
Carni,ssp585,2055,Tropical,0.47833873484214506,0.8781929527101805,1.3565316875523257,-0.39985421786803543
Carni,ssp585,2056,Tropical,0.4191478179119582,0.7042479413090205,1.1233957592209787,-0.28510012339706226
Carni,ssp585,2057,Tropical,0.47898493632449873,0.6740947080870092,1.153079644411508,-0.1951097717625105
Carni,ssp585,2058,Tropical,0.48430407515707696,0.6101319789593276,1.0944360541164047,-0.12582790380225062
Carni,ssp585,2059,Tropical,0.4576237726406913,0.7729390443381009,1.230562816978792,-0.3153152716974096
Carni,ssp585,2060,Tropical,0.5049811390766263,0.7683561321507608,1.2733372712273872,-0.2633749930741345
Carni,ssp585,2061,Tropical,0.5353440183077689,0.8079101349314964,1.3432541532392652,-0.27256611662372754
Carni,ssp585,2062,Tropical,0.521812215978267,0.832629088331394,1.354441304309661,-0.31081687235312705
Carni,ssp585,2063,Tropical,0.5466510643904048,0.6351742779045552,1.1818253422949598,-0.08852321351415038
Carni,ssp585,2064,Tropical,0.5739805409004868,0.8662977498181693,1.440278290718656,-0.29231720891768254
Carni,ssp585,2065,Tropical,0.5556759821234849,0.8671970192485241,1.422873001372009,-0.3115210371250392
Carni,ssp585,2066,Tropical,0.5413553671255847,0.6764616160245243,1.217816983150109,-0.13510624889893952
Carni,ssp585,2067,Tropical,0.5673192628813539,0.8852526742550921,1.452571937136446,-0.3179334113737382
Carni,ssp585,2068,Tropical,0.532484882881112,0.789415664035629,1.321900546916741,-0.25693078115451706
Carni,ssp585,2069,Tropical,0.6188797897653564,0.8198327023528459,1.4387124921182024,-0.20095291258748949
Carni,ssp585,2070,Tropical,0.6470962774472332,0.7102422100242711,1.3573384874715044,-0.06314593257703793
Carni,ssp585,2071,Tropical,0.5669393238804725,0.7579412956632012,1.3248806195436738,-0.1910019717827287
Carni,ssp585,2072,Tropical,0.5722036820712634,0.6999784210666311,1.2721821031378946,-0.12777473899536773
Carni,ssp585,2073,Tropical,0.6456327699563232,0.8303898146982894,1.4760225846546127,-0.1847570447419662
Carni,ssp585,2074,Tropical,0.5867994540948316,0.709904173679808,1.2967036277746395,-0.12310471958497637
Carni,ssp585,2075,Tropical,0.5629840446841372,0.8415303769690874,1.4045144216532246,-0.2785463322849502
Carni,ssp585,2076,Tropical,0.5658761546818589,1.0363996558739235,1.6022758105557824,-0.47052350119206454
Carni,ssp585,2077,Tropical,0.6342151566700467,0.9352512058288979,1.5694663624989444,-0.3010360491588512
Carni,ssp585,2078,Tropical,0.6857595639550127,0.7822458164080638,1.4680053803630764,-0.09648625245305109
Carni,ssp585,2079,Tropical,0.600071370414169,0.8208136303713117,1.4208850007854807,-0.2207422599571427
Carni,ssp585,2080,Tropical,0.6427132793981418,0.8673739344071477,1.5100872138052894,-0.2246606550090059
Carni,ssp585,2081,Tropical,0.7742222152247968,0.7874735298802266,1.5616957451050233,-0.013251314655429725
Carni,ssp585,2082,Tropical,0.7097609595108918,0.7586122173894505,1.4683731769003423,-0.04885125787855871
Carni,ssp585,2083,Tropical,0.7064237817718836,0.7398433552404756,1.4462671370123592,-0.033419573468592034
Carni,ssp585,2084,Tropical,0.6838742056839682,0.774224966408565,1.4580991720925331,-0.0903507607245968
Carni,ssp585,2085,Tropical,0.6999917753766846,0.9087585076173301,1.6087502829940146,-0.20876673224064557
Carni,ssp585,2086,Tropical,0.7073637455163597,0.9539060204261366,1.6612697659424964,-0.24654227490977687
Carni,ssp585,2087,Tropical,0.6349132053127416,0.8099789161712786,1.4448921214840202,-0.17506571085853695
Carni,ssp585,2088,Tropical,0.832523896632097,0.9152829809570853,1.7478068775891824,-0.08275908432498824
Carni,ssp585,2089,Tropical,0.8210468818426273,0.8541799410283732,1.6752268228710006,-0.03313305918574594
Carni,ssp585,2090,Tropical,0.708967797570042,0.7780829563097352,1.4870507538797773,-0.0691151587396932
Carni,ssp585,2091,Tropical,0.7215087101427803,0.9545104149076319,1.6760191250504122,-0.2330017047648516
Carni,ssp585,2092,Tropical,0.7291198987834777,0.8258614255256147,1.5549813243090924,-0.09674152674213699
Carni,ssp585,2093,Tropical,0.7073632042501556,0.9244733741741651,1.6318365784243207,-0.21711016992400944
Carni,ssp585,2094,Tropical,0.7654733466446134,0.9839043754841391,1.7493777221287525,-0.2184310288395257
Carni,ssp585,2095,Tropical,0.8587740657591955,0.964621786712587,1.8233958524717826,-0.10584772095339157
Carni,ssp585,2096,Tropical,0.8025318780804584,0.9887731419595003,1.7913050200399587,-0.18624126387904183
Carni,ssp585,2097,Tropical,0.7213547285120336,0.9394389437233042,1.6607936722353378,-0.21808421521127053
Carni,ssp585,2098,Tropical,0.8321092110989876,0.945170443708983,1.7772796548079706,-0.11306123260999534
Carni,ssp585,2099,Tropical,0.8255285118645853,0.8961017651456531,1.7216302770102385,-0.07057325328106778
Carni,ssp585,2100,Tropical,0.8806192260874667,0.8653973374426397,1.7460165635301064,0.015221888644826986
Omni,ssp126,1980,Global,-6.041459203278626e-5,0.13417301115325614,0.13411259656122335,-0.13423342574528893
Omni,ssp126,1981,Global,-0.002108661604894688,0.16489653199726814,0.16278787039237344,-0.16700519360216284
Omni,ssp126,1982,Global,-0.005449663295241821,0.14888534577965243,0.1434356824844106,-0.15433500907489425
Omni,ssp126,1983,Global,0.003316279246401925,0.16114305565026743,0.16445933489666936,-0.1578267764038655
Omni,ssp126,1984,Global,0.0117449455780156,0.16109264883221977,0.17283759441023538,-0.14934770325420416
Omni,ssp126,1985,Global,0.013394177810095038,0.15741784322215013,0.17081202103224516,-0.1440236654120551
Omni,ssp126,1986,Global,0.003927490098219456,0.1934776758547266,0.19740516595294608,-0.18955018575650714
Omni,ssp126,1987,Global,0.0020369639363718357,0.15402109268899256,0.1560580566253644,-0.1519841287526207
Omni,ssp126,1988,Global,0.002410350161792688,0.14422516605487587,0.14663551621666857,-0.14181481589308317
Omni,ssp126,1989,Global,-0.004076829258091734,0.15209234922787015,0.1480155199697784,-0.1561691784859619
Omni,ssp126,1990,Global,-7.852133890856218e-4,0.13573310864008623,0.1349478952510006,-0.13651832202917186
Omni,ssp126,1991,Global,0.002650637152669541,0.15982752970874858,0.16247816686141814,-0.15717689255607903
Omni,ssp126,1992,Global,7.830013909720097e-5,0.199125871536686,0.19920417167578322,-0.1990475713975888
Omni,ssp126,1993,Global,0.008005352836666075,0.14571054645836942,0.15371589929503549,-0.13770519362170336
Omni,ssp126,1994,Global,-0.002058559860109446,0.135181786222582,0.13312322636247256,-0.13724034608269145
Omni,ssp126,1995,Global,0.00270727649332781,0.18067262445084203,0.18337990094416984,-0.17796534795751423
Omni,ssp126,1996,Global,0.011940337264354964,0.1562934496525043,0.16823378691685925,-0.14435311238814935
Omni,ssp126,1997,Global,-0.009394599717720394,0.18778339067189162,0.17838879095417123,-0.197177990389612
Omni,ssp126,1998,Global,-0.012608039855526415,0.14915215183758426,0.13654411198205785,-0.16176019169311068
Omni,ssp126,1999,Global,-0.015624786108436511,0.14735273201344998,0.13172794590501347,-0.1629775181218865
Omni,ssp126,2000,Global,-0.010045343035872546,0.1559318244912063,0.14588648145533376,-0.16597716752707883
Omni,ssp126,2001,Global,-0.014707926017003398,0.16167960137587004,0.14697167535886663,-0.17638752739287344
Omni,ssp126,2002,Global,-0.023601428333552985,0.18743978568842046,0.16383835735486746,-0.21104121402197346
Omni,ssp126,2003,Global,-0.045102922391412385,0.1983255934445419,0.1532226710531295,-0.2434285158359543
Omni,ssp126,2004,Global,-0.021043855678651444,0.15809960785820543,0.13705575217955399,-0.17914346353685687
Omni,ssp126,2005,Global,-0.02732548951311337,0.15684477521258627,0.1295192856994729,-0.18417026472569964
Omni,ssp126,2006,Global,-0.031776307943878014,0.17275797208438368,0.14098166414050567,-0.20453428002826168
Omni,ssp126,2007,Global,-0.018294558686561553,0.14506152708666412,0.12676696840010257,-0.16335608577322566
Omni,ssp126,2008,Global,-0.025980569006775353,0.1598110707916742,0.13383050178489886,-0.18579163979844954
Omni,ssp126,2009,Global,-0.018496690031279822,0.1607234801748347,0.14222679014355488,-0.17922017020611453
Omni,ssp126,2010,Global,-0.015652498787074587,0.17129236807982431,0.15563986929274973,-0.1869448668668989
Omni,ssp126,2011,Global,-0.02446305411412048,0.15172682589194775,0.12726377177782727,-0.17618988000606822
Omni,ssp126,2012,Global,-0.020749017070674322,0.19701741382099935,0.17626839675032502,-0.2177664308916737
Omni,ssp126,2013,Global,-0.03139589498496462,0.15362817307716978,0.12223227809220516,-0.1850240680621344
Omni,ssp126,2014,Global,-0.031742683854438195,0.17695692670663357,0.14521424285219536,-0.20869961056107178
Omni,ssp126,2015,Global,-0.013712503657152202,0.16600645662526195,0.15229395296810974,-0.17971896028241416
Omni,ssp126,2016,Global,-0.024772888383905716,0.1462582100281445,0.12148532164423877,-0.1710310984120502
Omni,ssp126,2017,Global,-0.028367303601745202,0.1887176684159967,0.1603503648142515,-0.21708497201774188
Omni,ssp126,2018,Global,-0.022129985044983036,0.18186064617117462,0.15973066112619158,-0.20399063121615765
Omni,ssp126,2019,Global,-0.03513866121259519,0.18485400479907424,0.14971534358647903,-0.21999266601166945
Omni,ssp126,2020,Global,-0.027129881145224466,0.1680781542350014,0.14094827308977692,-0.19520803538022585
Omni,ssp126,2021,Global,-0.03471472649310627,0.17130716274741353,0.13659243625430725,-0.2060218892405198
Omni,ssp126,2022,Global,-0.03358046317771492,0.1682539337333195,0.13467347055560458,-0.20183439691103444
Omni,ssp126,2023,Global,-0.03223563120474267,0.1746016061286252,0.14236597492388253,-0.20683723733336784
Omni,ssp126,2024,Global,-0.025508485109098034,0.17182720277636818,0.14631871766727014,-0.1973356878854662
Omni,ssp126,2025,Global,-0.0387583751154957,0.19497168244239677,0.15621330732690106,-0.23373005755789247
Omni,ssp126,2026,Global,-0.026504176153136515,0.18204067168027158,0.15553649552713505,-0.2085448478334081
Omni,ssp126,2027,Global,-0.028042361888347578,0.16751894365863557,0.139476581770288,-0.19556130554698314
Omni,ssp126,2028,Global,-0.03794331776503446,0.18887210022036033,0.15092878245532587,-0.22681541798539478
Omni,ssp126,2029,Global,-0.03599869473754448,0.17386210926473114,0.13786341452718665,-0.20986080400227564
Omni,ssp126,2030,Global,-0.044388090336807955,0.17998389457198968,0.13559580423518172,-0.22437198490879764
Omni,ssp126,2031,Global,-0.04369617477796694,0.20844470849338664,0.1647485337154197,-0.2521408832713536
Omni,ssp126,2032,Global,-0.03711362688457506,0.19023490518747646,0.1531212783029014,-0.22734853207205152
Omni,ssp126,2033,Global,-0.04802094971325915,0.1839775689492798,0.13595661923602065,-0.23199851866253896
Omni,ssp126,2034,Global,-0.04236205582538653,0.20200360542784643,0.1596415496024599,-0.24436566125323295
Omni,ssp126,2035,Global,-0.04618012564012067,0.20733523109526988,0.16115510545514922,-0.25351535673539055
Omni,ssp126,2036,Global,-0.051024537810836545,0.18900321429929418,0.13797867648845763,-0.24002775211013072
Omni,ssp126,2037,Global,-0.048609479126118314,0.20263940711290024,0.15402992798678192,-0.25124888623901853
Omni,ssp126,2038,Global,-0.03479235289265757,0.2000151407045779,0.16522278781192035,-0.23480749359723546
Omni,ssp126,2039,Global,-0.03791359071385318,0.19699024680556343,0.15907665609171023,-0.23490383751941663
Omni,ssp126,2040,Global,-0.03855804591925195,0.20163046255528208,0.16307241663603012,-0.24018850847453405
Omni,ssp126,2041,Global,-0.04622524936130467,0.21400093230849096,0.16777568294718628,-0.2602261816697956
Omni,ssp126,2042,Global,-0.05461746006733373,0.20806724060493811,0.15344978053760439,-0.26268470067227184
Omni,ssp126,2043,Global,-0.056984210906197055,0.21331802862242613,0.15633381771622906,-0.2703022395286232
Omni,ssp126,2044,Global,-0.05211986736709416,0.2137947586280986,0.16167489126100443,-0.2659146259951928
Omni,ssp126,2045,Global,-0.05548776575769272,0.21730560461215306,0.16181783885446033,-0.2727933703698458
Omni,ssp126,2046,Global,-0.04342408788439623,0.21914160516421766,0.17571751727982143,-0.2625656930486139
Omni,ssp126,2047,Global,-0.04693252945929037,0.2016825978964863,0.1547500684371959,-0.24861512735577668
Omni,ssp126,2048,Global,-0.04782413763281258,0.2045581989769927,0.1567340613441801,-0.2523823366098053
Omni,ssp126,2049,Global,-0.052776029645226256,0.21933376215395897,0.1665577325087327,-0.2721097917991852
Omni,ssp126,2050,Global,-0.04996365928569681,0.22566306876255932,0.17569940947686252,-0.2756267280482561
Omni,ssp126,2051,Global,-0.05581656103158125,0.2044593435668343,0.14864278253525304,-0.26027590459841554
Omni,ssp126,2052,Global,-0.04427895938542677,0.20294277638301852,0.15866381699759174,-0.2472217357684453
Omni,ssp126,2053,Global,-0.048148171706111,0.2257860825208216,0.17763791081471061,-0.2739342542269326
Omni,ssp126,2054,Global,-0.05682291905025398,0.1992656849335998,0.1424427658833458,-0.2560886039838538
Omni,ssp126,2055,Global,-0.050938518495286605,0.21478880567691655,0.16385028718162994,-0.2657273241722031
Omni,ssp126,2056,Global,-0.06399842750885204,0.22475674438991075,0.1607583168810587,-0.28875517189876276
Omni,ssp126,2057,Global,-0.05231281784067936,0.21444361175734838,0.162130793916669,-0.26675642959802776
Omni,ssp126,2058,Global,-0.043489257967459165,0.21084927202681544,0.16736001405935627,-0.2543385299942746
Omni,ssp126,2059,Global,-0.05022510042378838,0.22630854479182358,0.1760834443680352,-0.27653364521561197
Omni,ssp126,2060,Global,-0.04628463896965229,0.22585712493480414,0.17957248596515185,-0.27214176390445644
Omni,ssp126,2061,Global,-0.047936937160178994,0.23944137156678733,0.19150443440660833,-0.28737830872696635
Omni,ssp126,2062,Global,-0.044786682222850704,0.20945734882258554,0.16467066659973484,-0.25424403104543625
Omni,ssp126,2063,Global,-0.047960012643874006,0.2310848606501815,0.1831248480063075,-0.2790448732940555
Omni,ssp126,2064,Global,-0.041326921215779855,0.23756536698143813,0.19623844576565827,-0.278892288197218
Omni,ssp126,2065,Global,-0.042047755058911,0.2212521243526277,0.1792043692937167,-0.2632998794115387
Omni,ssp126,2066,Global,-0.0490271090985218,0.2359824081993644,0.18695529910084258,-0.2850095172978862
Omni,ssp126,2067,Global,-0.057624399519555926,0.23316650594894753,0.1755421064293916,-0.29079090546850345
Omni,ssp126,2068,Global,-0.057724609156879034,0.2240308488181504,0.1663062396612714,-0.28175545797502943
Omni,ssp126,2069,Global,-0.05621804649445382,0.22286248961237703,0.1666444431179232,-0.27908053610683087
Omni,ssp126,2070,Global,-0.05908624004679157,0.23892413993258138,0.1798378998857898,-0.29801037997937296
Omni,ssp126,2071,Global,-0.05030717887452811,0.22025585768145614,0.16994867880692804,-0.27056303655598424
Omni,ssp126,2072,Global,-0.054360483699238196,0.2147038951246913,0.1603434114254531,-0.2690643788239295
Omni,ssp126,2073,Global,-0.04973412018356477,0.239361192515689,0.18962707233212422,-0.28909531269925376
Omni,ssp126,2074,Global,-0.04909413847644785,0.2157424953801734,0.16664835690372554,-0.26483663385662126
Omni,ssp126,2075,Global,-0.042364150931872235,0.22582437068327776,0.18346021975140553,-0.26818852161515
Omni,ssp126,2076,Global,-0.04418814318862519,0.21594879608782258,0.1717606528991974,-0.26013693927644777
Omni,ssp126,2077,Global,-0.05547304430192344,0.21370221488909816,0.15822917058717473,-0.2691752591910216
Omni,ssp126,2078,Global,-0.06534432911931934,0.23424825887393383,0.1689039297546145,-0.29959258799325317
Omni,ssp126,2079,Global,-0.05187423732615694,0.22817875271814655,0.1763045153919896,-0.2800529900443035
Omni,ssp126,2080,Global,-0.057543614079637734,0.23501244613965333,0.1774688320600156,-0.29255606021929104
Omni,ssp126,2081,Global,-0.056806323109587054,0.22826875716524012,0.17146243405565306,-0.2850750802748272
Omni,ssp126,2082,Global,-0.0677091332781975,0.22579622776010258,0.15808709448190508,-0.29350536103830005
Omni,ssp126,2083,Global,-0.05993039297016436,0.2401992052397904,0.18026881226962604,-0.3001295982099548
Omni,ssp126,2084,Global,-0.04574163597429751,0.23880776323141725,0.19306612725711975,-0.28454939920571476
Omni,ssp126,2085,Global,-0.04497063749224903,0.24373848799965533,0.1987678505074063,-0.28870912549190436
Omni,ssp126,2086,Global,-0.05673436890314339,0.24112791836844794,0.18439354946530456,-0.2978622872715913
Omni,ssp126,2087,Global,-0.05616110677080329,0.2349769075094225,0.1788158007386192,-0.2911380142802258
Omni,ssp126,2088,Global,-0.05223495825111745,0.23669818842720677,0.18446323017608932,-0.2889331466783242
Omni,ssp126,2089,Global,-0.06161038231607404,0.22465250918104285,0.1630421268649688,-0.28626289149711687
Omni,ssp126,2090,Global,-0.05694045556403145,0.2519545904030455,0.19501413483901409,-0.30889504596707695
Omni,ssp126,2091,Global,-0.05538394282880797,0.22690507659042583,0.17152113376161787,-0.2822890194192338
Omni,ssp126,2092,Global,-0.06370828905136494,0.2132582758442216,0.14954998679285667,-0.2769665648955866
Omni,ssp126,2093,Global,-0.04722888618944593,0.2615136853928113,0.21428479920336535,-0.3087425715822572
Omni,ssp126,2094,Global,-0.04151472006270403,0.2286849418075223,0.1871702217448183,-0.2701996618702263
Omni,ssp126,2095,Global,-0.0436276124674184,0.2584814770364813,0.21485386456906289,-0.3021090895038997
Omni,ssp126,2096,Global,-0.03975939718566002,0.23624304997955314,0.19648365279389313,-0.27600244716521316
Omni,ssp126,2097,Global,-0.05568966453420897,0.2424865427934022,0.18679687825919322,-0.2981762073276112
Omni,ssp126,2098,Global,-0.053179380272332696,0.26235329646862077,0.20917391619628806,-0.3155326767409535
Omni,ssp126,2099,Global,-0.05907462734478172,0.22604737646511683,0.1669727491203351,-0.28512200380989855
Omni,ssp126,2100,Global,-0.058250609283055546,0.2132946921380329,0.15504408285497734,-0.27154530142108846
Omni,ssp370,1980,Global,-6.041459203278626e-5,0.13417301115325614,0.13411259656122335,-0.13423342574528893
Omni,ssp370,1981,Global,-0.002108661604894688,0.16489653199726814,0.16278787039237344,-0.16700519360216284
Omni,ssp370,1982,Global,-0.005449663295241821,0.14888534577965243,0.1434356824844106,-0.15433500907489425
Omni,ssp370,1983,Global,0.003316279246401925,0.16114305565026743,0.16445933489666936,-0.1578267764038655
Omni,ssp370,1984,Global,0.0117449455780156,0.16109264883221977,0.17283759441023538,-0.14934770325420416
Omni,ssp370,1985,Global,0.013394177810095038,0.15741784322215013,0.17081202103224516,-0.1440236654120551
Omni,ssp370,1986,Global,0.003927490098219456,0.1934776758547266,0.19740516595294608,-0.18955018575650714
Omni,ssp370,1987,Global,0.0020369639363718357,0.15402109268899256,0.1560580566253644,-0.1519841287526207
Omni,ssp370,1988,Global,0.002410350161792688,0.14422516605487587,0.14663551621666857,-0.14181481589308317
Omni,ssp370,1989,Global,-0.004076829258091734,0.15209234922787015,0.1480155199697784,-0.1561691784859619
Omni,ssp370,1990,Global,-7.852133890856218e-4,0.13573310864008623,0.1349478952510006,-0.13651832202917186
Omni,ssp370,1991,Global,0.002650637152669541,0.15982752970874858,0.16247816686141814,-0.15717689255607903
Omni,ssp370,1992,Global,7.830013909720097e-5,0.199125871536686,0.19920417167578322,-0.1990475713975888
Omni,ssp370,1993,Global,0.008005352836666075,0.14571054645836942,0.15371589929503549,-0.13770519362170336
Omni,ssp370,1994,Global,-0.002058559860109446,0.135181786222582,0.13312322636247256,-0.13724034608269145
Omni,ssp370,1995,Global,0.00270727649332781,0.18067262445084203,0.18337990094416984,-0.17796534795751423
Omni,ssp370,1996,Global,0.011940337264354964,0.1562934496525043,0.16823378691685925,-0.14435311238814935
Omni,ssp370,1997,Global,-0.009394599717720394,0.18778339067189162,0.17838879095417123,-0.197177990389612
Omni,ssp370,1998,Global,-0.012608039855526415,0.14915215183758426,0.13654411198205785,-0.16176019169311068
Omni,ssp370,1999,Global,-0.015624786108436511,0.14735273201344998,0.13172794590501347,-0.1629775181218865
Omni,ssp370,2000,Global,-0.010045343035872546,0.1559318244912063,0.14588648145533376,-0.16597716752707883
Omni,ssp370,2001,Global,-0.014707926017003398,0.16167960137587004,0.14697167535886663,-0.17638752739287344
Omni,ssp370,2002,Global,-0.023601428333552985,0.18743978568842046,0.16383835735486746,-0.21104121402197346
Omni,ssp370,2003,Global,-0.045102922391412385,0.1983255934445419,0.1532226710531295,-0.2434285158359543
Omni,ssp370,2004,Global,-0.021043855678651444,0.15809960785820543,0.13705575217955399,-0.17914346353685687
Omni,ssp370,2005,Global,-0.02732548951311337,0.15684477521258627,0.1295192856994729,-0.18417026472569964
Omni,ssp370,2006,Global,-0.031776307943878014,0.17275797208438368,0.14098166414050567,-0.20453428002826168
Omni,ssp370,2007,Global,-0.018294558686561553,0.14506152708666412,0.12676696840010257,-0.16335608577322566
Omni,ssp370,2008,Global,-0.025980569006775353,0.1598110707916742,0.13383050178489886,-0.18579163979844954
Omni,ssp370,2009,Global,-0.018496690031279822,0.1607234801748347,0.14222679014355488,-0.17922017020611453
Omni,ssp370,2010,Global,-0.015652498787074587,0.17129236807982431,0.15563986929274973,-0.1869448668668989
Omni,ssp370,2011,Global,-0.02446305411412048,0.15172682589194775,0.12726377177782727,-0.17618988000606822
Omni,ssp370,2012,Global,-0.020749017070674322,0.19701741382099935,0.17626839675032502,-0.2177664308916737
Omni,ssp370,2013,Global,-0.03139589498496462,0.15362817307716978,0.12223227809220516,-0.1850240680621344
Omni,ssp370,2014,Global,-0.031742683854438195,0.17695692670663357,0.14521424285219536,-0.20869961056107178
Omni,ssp370,2015,Global,-0.007403083746604685,0.19754442903162978,0.1901413452850251,-0.20494751277823445
Omni,ssp370,2016,Global,-0.023590697358398804,0.17323425571725842,0.14964355835885962,-0.19682495307565723
Omni,ssp370,2017,Global,-0.02373438252254909,0.15252191841574572,0.12878753589319664,-0.1762563009382948
Omni,ssp370,2018,Global,-0.0260588319060117,0.15075229134460885,0.12469345943859715,-0.17681112325062054
Omni,ssp370,2019,Global,-0.04104326331221382,0.19133037255404298,0.15028710924182914,-0.2323736358662568
Omni,ssp370,2020,Global,-0.03381793056364304,0.1541680991243416,0.12035016856069855,-0.18798602968798464
Omni,ssp370,2021,Global,-0.021626110799599696,0.17024086725465545,0.14861475645505576,-0.19186697805425515
Omni,ssp370,2022,Global,-0.022183914113781327,0.15783815045642083,0.1356542363426395,-0.18002206457020214
Omni,ssp370,2023,Global,-0.033535239992764754,0.19693366348464197,0.16339842349187722,-0.23046890347740673
Omni,ssp370,2024,Global,-0.038924897576635434,0.16640100356259724,0.12747610598596182,-0.20532590113923266
Omni,ssp370,2025,Global,-0.036034568755316146,0.16107278353365687,0.1250382147783407,-0.19710735228897303
Omni,ssp370,2026,Global,-0.039193614198271484,0.16382998007436983,0.12463636587609835,-0.20302359427264133
Omni,ssp370,2027,Global,-0.03173470701878091,0.19048492856733776,0.15875022154855684,-0.22221963558611868
Omni,ssp370,2028,Global,-0.033936675958614396,0.16644843786375474,0.13251176190514036,-0.20038511382236912
Omni,ssp370,2029,Global,-0.024780293932093432,0.17161944650854197,0.14683915257644853,-0.1963997404406354
Omni,ssp370,2030,Global,-0.028184939893211792,0.181251700367761,0.1530667604745492,-0.2094366402609728
Omni,ssp370,2031,Global,-0.041215483475928655,0.18620436990721945,0.1449888864312908,-0.2274198533831481
Omni,ssp370,2032,Global,-0.0376674252344792,0.17681283386280114,0.13914540862832195,-0.21448025909728033
Omni,ssp370,2033,Global,-0.034900791525835806,0.18893703559808206,0.15403624407224625,-0.22383782712391787
Omni,ssp370,2034,Global,-0.049214448808928,0.18335237092542367,0.13413792211649567,-0.23256681973435167
Omni,ssp370,2035,Global,-0.04538759164142494,0.1818296764937018,0.13644208485227685,-0.22721726813512674
Omni,ssp370,2036,Global,-0.046131362414289855,0.20694278594421164,0.16081142352992178,-0.2530741483585015
Omni,ssp370,2037,Global,-0.052652501773806926,0.21081631240229906,0.15816381062849214,-0.263468814176106
Omni,ssp370,2038,Global,-0.04943765621210641,0.2259548829983552,0.1765172267862488,-0.2753925392104616
Omni,ssp370,2039,Global,-0.04426686836763585,0.19368962290249733,0.14942275453486148,-0.23795649127013319
Omni,ssp370,2040,Global,-0.05669452724032473,0.19565056684125193,0.1389560396009272,-0.2523450940815767
Omni,ssp370,2041,Global,-0.05317758776875735,0.19121757234245318,0.13803998457369582,-0.24439516011121054
Omni,ssp370,2042,Global,-0.042191563507620905,0.1788829136845686,0.1366913501769477,-0.2210744771921895
Omni,ssp370,2043,Global,-0.06184906422091989,0.20146763895050154,0.13961857472958167,-0.2633167031714214
Omni,ssp370,2044,Global,-0.04807262981226265,0.203521352671007,0.15544872285874434,-0.25159398248326964
Omni,ssp370,2045,Global,-0.0579904254336325,0.20503940621774827,0.14704898078411577,-0.2630298316513808
Omni,ssp370,2046,Global,-0.06571938450057235,0.20629968224937392,0.14058029774880157,-0.27201906674994625
Omni,ssp370,2047,Global,-0.06799996909985401,0.2165631054861672,0.1485631363863132,-0.2845630745860212
Omni,ssp370,2048,Global,-0.06586657923054182,0.20277963385620773,0.13691305462566591,-0.2686462130867495
Omni,ssp370,2049,Global,-0.05786286821594186,0.21521313465827266,0.1573502664423308,-0.2730760028742145
Omni,ssp370,2050,Global,-0.06592393459038798,0.2067115882161413,0.14078765362575332,-0.27263552280652925
Omni,ssp370,2051,Global,-0.06278216329132419,0.2243802514636527,0.1615980881723285,-0.2871624147549769
Omni,ssp370,2052,Global,-0.06139881656297269,0.23702205697656478,0.1756232404135921,-0.2984208735395375
Omni,ssp370,2053,Global,-0.06659126534800278,0.22537104350393894,0.15877977815593616,-0.29196230885194174
Omni,ssp370,2054,Global,-0.062345633331879424,0.21168868345720115,0.14934305012532173,-0.2740343167890806
Omni,ssp370,2055,Global,-0.06214843308550756,0.23163737998389736,0.16948894689838978,-0.29378581306940493
Omni,ssp370,2056,Global,-0.06223809359667748,0.22348255079153054,0.16124445719485306,-0.285720644388208
Omni,ssp370,2057,Global,-0.07227214591637704,0.24751952129818008,0.17524737538180304,-0.3197916672145571
Omni,ssp370,2058,Global,-0.060464796295376363,0.23009250638326859,0.16962771008789224,-0.29055730267864494
Omni,ssp370,2059,Global,-0.07393700927193946,0.23451645927236464,0.16057945000042517,-0.3084534685443041
Omni,ssp370,2060,Global,-0.06387364009494395,0.23379713407310934,0.1699234939781654,-0.2976707741680533
Omni,ssp370,2061,Global,-0.07293099899386224,0.2484055906361156,0.17547459164225335,-0.3213365896299778
Omni,ssp370,2062,Global,-0.07066196801529263,0.2362006637563823,0.16553869574108965,-0.30686263177167494
Omni,ssp370,2063,Global,-0.07856790842170056,0.2381404765001023,0.15957256807840176,-0.31670838492180287
Omni,ssp370,2064,Global,-0.08578442253507293,0.24583103684887705,0.16004661431380413,-0.33161545938395
Omni,ssp370,2065,Global,-0.07541950212793128,0.24571948586482836,0.1702999837368971,-0.32113898799275964
Omni,ssp370,2066,Global,-0.08370217083591637,0.24972231153686297,0.16602014070094662,-0.33342448237277933
Omni,ssp370,2067,Global,-0.08189838691379833,0.25428591894517466,0.17238753203137633,-0.33618430585897296
Omni,ssp370,2068,Global,-0.07646837390865693,0.2694555548008342,0.19298718089217728,-0.3459239287094912
Omni,ssp370,2069,Global,-0.07789962824416087,0.24981559204927536,0.17191596380511448,-0.32771522029343625
Omni,ssp370,2070,Global,-0.07808700506485412,0.28061895668716585,0.20253195162231175,-0.35870596175201996
Omni,ssp370,2071,Global,-0.08803482237927361,0.26723493000763865,0.17920010762836502,-0.3552697523869123
Omni,ssp370,2072,Global,-0.09710745938675311,0.2706554635248535,0.17354800413810037,-0.3677629229116066
Omni,ssp370,2073,Global,-0.09967540386538704,0.26898695330825245,0.16931154944286542,-0.3686623571736395
Omni,ssp370,2074,Global,-0.09900887503468594,0.2756284417490653,0.17661956671437937,-0.37463731678375123
Omni,ssp370,2075,Global,-0.09187072623893541,0.2589283262251636,0.16705759998622818,-0.35079905246409904
Omni,ssp370,2076,Global,-0.0961376086761386,0.27039972839934245,0.17426211972320385,-0.3665373370754811
Omni,ssp370,2077,Global,-0.10359070807075578,0.27515081044186046,0.1715601023711047,-0.3787415185126162
Omni,ssp370,2078,Global,-0.09388125347555769,0.2708197168789587,0.17693846340340103,-0.36470097035451643
Omni,ssp370,2079,Global,-0.09574046141034556,0.27515432754168306,0.1794138661313375,-0.37089478895202865
Omni,ssp370,2080,Global,-0.11244553844561753,0.2703990072431507,0.15795346879753316,-0.38284454568876825
Omni,ssp370,2081,Global,-0.10547526606419506,0.2812275326882042,0.17575226662400917,-0.38670279875239927
Omni,ssp370,2082,Global,-0.10669869927732972,0.2875630273732819,0.18086432809595215,-0.3942617266506116
Omni,ssp370,2083,Global,-0.09772901411626755,0.2960913687469449,0.19836235463067736,-0.39382038286321247
Omni,ssp370,2084,Global,-0.0993022241870122,0.29861917085308987,0.19931694666607766,-0.39792139504010204
Omni,ssp370,2085,Global,-0.10973377718663034,0.31271648887977826,0.2029827116931479,-0.4224502660664086
Omni,ssp370,2086,Global,-0.11014054673337101,0.30895239133413577,0.19881184460076476,-0.4190929380675068
Omni,ssp370,2087,Global,-0.1153936949505859,0.30041413573329684,0.18502044078271093,-0.4158078306838827
Omni,ssp370,2088,Global,-0.11902753940182476,0.28317477418637926,0.1641472347845545,-0.402202313588204
Omni,ssp370,2089,Global,-0.11058663460982507,0.29490771291683426,0.1843210783070092,-0.40549434752665936
Omni,ssp370,2090,Global,-0.1236890139229738,0.2890668518492187,0.16537783792624491,-0.4127558657721925
Omni,ssp370,2091,Global,-0.12035348096692328,0.3000724939053467,0.1797190129384234,-0.42042597487226996
Omni,ssp370,2092,Global,-0.1291691573831425,0.30157942583996994,0.17241026845682744,-0.43074858322311244
Omni,ssp370,2093,Global,-0.1376834694564616,0.2944159457398354,0.15673247628337383,-0.432099415196297
Omni,ssp370,2094,Global,-0.12749362371209957,0.29157905469279943,0.16408543098069986,-0.41907267840489903
Omni,ssp370,2095,Global,-0.1246132451546953,0.29256598011350565,0.16795273495881036,-0.41717922526820095
Omni,ssp370,2096,Global,-0.1337966499650019,0.3058398142501078,0.1720431642851059,-0.4396364642151097
Omni,ssp370,2097,Global,-0.1258750358323072,0.30965385434572223,0.18377881851341504,-0.4355288901780294
Omni,ssp370,2098,Global,-0.13474548144432763,0.32202197851701075,0.18727649707268312,-0.4567674599613384
Omni,ssp370,2099,Global,-0.13825864623363776,0.32054202801431886,0.1822833817806811,-0.4588006742479566
Omni,ssp370,2100,Global,-0.14083943604476962,0.3169571088956323,0.17611767285086266,-0.4577965449404019
Omni,ssp585,1980,Global,-6.041459203278626e-5,0.13417301115325614,0.13411259656122335,-0.13423342574528893
Omni,ssp585,1981,Global,-0.002108661604894688,0.16489653199726814,0.16278787039237344,-0.16700519360216284
Omni,ssp585,1982,Global,-0.005449663295241821,0.14888534577965243,0.1434356824844106,-0.15433500907489425
Omni,ssp585,1983,Global,0.003316279246401925,0.16114305565026743,0.16445933489666936,-0.1578267764038655
Omni,ssp585,1984,Global,0.0117449455780156,0.16109264883221977,0.17283759441023538,-0.14934770325420416
Omni,ssp585,1985,Global,0.013394177810095038,0.15741784322215013,0.17081202103224516,-0.1440236654120551
Omni,ssp585,1986,Global,0.003927490098219456,0.1934776758547266,0.19740516595294608,-0.18955018575650714
Omni,ssp585,1987,Global,0.0020369639363718357,0.15402109268899256,0.1560580566253644,-0.1519841287526207
Omni,ssp585,1988,Global,0.002410350161792688,0.14422516605487587,0.14663551621666857,-0.14181481589308317
Omni,ssp585,1989,Global,-0.004076829258091734,0.15209234922787015,0.1480155199697784,-0.1561691784859619
Omni,ssp585,1990,Global,-7.852133890856218e-4,0.13573310864008623,0.1349478952510006,-0.13651832202917186
Omni,ssp585,1991,Global,0.002650637152669541,0.15982752970874858,0.16247816686141814,-0.15717689255607903
Omni,ssp585,1992,Global,7.830013909720097e-5,0.199125871536686,0.19920417167578322,-0.1990475713975888
Omni,ssp585,1993,Global,0.008005352836666075,0.14571054645836942,0.15371589929503549,-0.13770519362170336
Omni,ssp585,1994,Global,-0.002058559860109446,0.135181786222582,0.13312322636247256,-0.13724034608269145
Omni,ssp585,1995,Global,0.00270727649332781,0.18067262445084203,0.18337990094416984,-0.17796534795751423
Omni,ssp585,1996,Global,0.011940337264354964,0.1562934496525043,0.16823378691685925,-0.14435311238814935
Omni,ssp585,1997,Global,-0.009394599717720394,0.18778339067189162,0.17838879095417123,-0.197177990389612
Omni,ssp585,1998,Global,-0.012608039855526415,0.14915215183758426,0.13654411198205785,-0.16176019169311068
Omni,ssp585,1999,Global,-0.015624786108436511,0.14735273201344998,0.13172794590501347,-0.1629775181218865
Omni,ssp585,2000,Global,-0.010045343035872546,0.1559318244912063,0.14588648145533376,-0.16597716752707883
Omni,ssp585,2001,Global,-0.014707926017003398,0.16167960137587004,0.14697167535886663,-0.17638752739287344
Omni,ssp585,2002,Global,-0.023601428333552985,0.18743978568842046,0.16383835735486746,-0.21104121402197346
Omni,ssp585,2003,Global,-0.045102922391412385,0.1983255934445419,0.1532226710531295,-0.2434285158359543
Omni,ssp585,2004,Global,-0.021043855678651444,0.15809960785820543,0.13705575217955399,-0.17914346353685687
Omni,ssp585,2005,Global,-0.02732548951311337,0.15684477521258627,0.1295192856994729,-0.18417026472569964
Omni,ssp585,2006,Global,-0.031776307943878014,0.17275797208438368,0.14098166414050567,-0.20453428002826168
Omni,ssp585,2007,Global,-0.018294558686561553,0.14506152708666412,0.12676696840010257,-0.16335608577322566
Omni,ssp585,2008,Global,-0.025980569006775353,0.1598110707916742,0.13383050178489886,-0.18579163979844954
Omni,ssp585,2009,Global,-0.018496690031279822,0.1607234801748347,0.14222679014355488,-0.17922017020611453
Omni,ssp585,2010,Global,-0.015652498787074587,0.17129236807982431,0.15563986929274973,-0.1869448668668989
Omni,ssp585,2011,Global,-0.02446305411412048,0.15172682589194775,0.12726377177782727,-0.17618988000606822
Omni,ssp585,2012,Global,-0.020749017070674322,0.19701741382099935,0.17626839675032502,-0.2177664308916737
Omni,ssp585,2013,Global,-0.03139589498496462,0.15362817307716978,0.12223227809220516,-0.1850240680621344
Omni,ssp585,2014,Global,-0.031742683854438195,0.17695692670663357,0.14521424285219536,-0.20869961056107178
Omni,ssp585,2015,Global,-0.011164078334959426,0.17277761105574657,0.16161353272078716,-0.183941689390706
Omni,ssp585,2016,Global,-0.02902772459392383,0.1757818292253179,0.14675410463139407,-0.20480955381924174
Omni,ssp585,2017,Global,-0.01504008298635464,0.17785597809480277,0.16281589510844813,-0.19289606108115742
Omni,ssp585,2018,Global,-0.01806292693971251,0.16601687374694807,0.14795394680723556,-0.18407980068666058
Omni,ssp585,2019,Global,-0.03239702860028278,0.16576548353639053,0.13336845493610774,-0.19816251213667332
Omni,ssp585,2020,Global,-0.03921783083609343,0.14332285826339253,0.1041050274272991,-0.18254068909948595
Omni,ssp585,2021,Global,-0.0254295962379067,0.1656703348697617,0.14024073863185502,-0.1910999311076684
Omni,ssp585,2022,Global,-0.030294415138835535,0.21208887893480471,0.18179446379596917,-0.24238329407364026
Omni,ssp585,2023,Global,-0.03540086355761829,0.16549055820083775,0.13008969464321946,-0.20089142175845603
Omni,ssp585,2024,Global,-0.024046557538648216,0.1763564217961658,0.1523098642575176,-0.20040297933481402
Omni,ssp585,2025,Global,-0.029193477528799024,0.17588993169398068,0.14669645416518165,-0.2050834092227797
Omni,ssp585,2026,Global,-0.03479581853541809,0.17583603481525673,0.14104021627983865,-0.2106318533506748
Omni,ssp585,2027,Global,-0.03697178794837502,0.19571987601643145,0.15874808806805643,-0.23269166396480648
Omni,ssp585,2028,Global,-0.0315520498670399,0.1760064940913297,0.14445444422428982,-0.2075585439583696
Omni,ssp585,2029,Global,-0.029849821474249638,0.20494887358355318,0.17509905210930354,-0.23479869505780282
Omni,ssp585,2030,Global,-0.03801915860138366,0.18607162577180095,0.14805246717041728,-0.2240907843731846
Omni,ssp585,2031,Global,-0.046176862830372936,0.21957307435395473,0.1733962115235818,-0.26574993718432766
Omni,ssp585,2032,Global,-0.05013130387161027,0.2060713408520254,0.15594003698041511,-0.25620264472363563
Omni,ssp585,2033,Global,-0.05294677954570443,0.17786457092436153,0.1249177913786571,-0.23081135047006596
Omni,ssp585,2034,Global,-0.04337990252811598,0.18682251062202845,0.14344260809391246,-0.23020241315014445
Omni,ssp585,2035,Global,-0.05099696675311567,0.18640021669033383,0.13540324993721814,-0.2373971834434495
Omni,ssp585,2036,Global,-0.04867804218323761,0.19944213118612777,0.15076408900289018,-0.24812017336936537
Omni,ssp585,2037,Global,-0.049679973191570054,0.20750127182590075,0.1578212986343307,-0.2571812450174708
Omni,ssp585,2038,Global,-0.05046082764826035,0.19928044181365648,0.14881961416539613,-0.24974126946191683
Omni,ssp585,2039,Global,-0.0502465398174395,0.21281093843603052,0.162564398618591,-0.26305747825347003
Omni,ssp585,2040,Global,-0.052803499089117203,0.21482087252357152,0.16201737343445433,-0.2676243716126887
Omni,ssp585,2041,Global,-0.050328242822706884,0.20432057587615948,0.1539923330534526,-0.25464881869886635
Omni,ssp585,2042,Global,-0.058804602519586184,0.2103959107349817,0.15159130821539551,-0.2692005132545679
Omni,ssp585,2043,Global,-0.06631471072889555,0.22118108968510042,0.15486637895620486,-0.28749580041399597
Omni,ssp585,2044,Global,-0.06985508521322704,0.2220948351845154,0.15223974997128836,-0.2919499203977424
Omni,ssp585,2045,Global,-0.06353453610894647,0.21846469424129852,0.15493015813235206,-0.281999230350245
Omni,ssp585,2046,Global,-0.058311531477314146,0.21867948352828848,0.16036795205097432,-0.27699101500560264
Omni,ssp585,2047,Global,-0.06237479342710403,0.21904496554837194,0.1566701721212679,-0.281419758975476
Omni,ssp585,2048,Global,-0.07486298895378929,0.21843887523274197,0.14357588627895268,-0.29330186418653126
Omni,ssp585,2049,Global,-0.07466188223113665,0.2286413723055159,0.15397949007437925,-0.3033032545366525
Omni,ssp585,2050,Global,-0.07133334513867495,0.23020102220942582,0.15886767707075086,-0.3015343673481008
Omni,ssp585,2051,Global,-0.08273436289247699,0.23523018321884082,0.15249582032636383,-0.3179645461113178
Omni,ssp585,2052,Global,-0.08167037552683046,0.24770876372156544,0.166038388194735,-0.3293791392483959
Omni,ssp585,2053,Global,-0.07733217869537767,0.23718347159248537,0.1598512928971077,-0.31451565028786305
Omni,ssp585,2054,Global,-0.08642032931672416,0.25095999661257207,0.1645396672958479,-0.33738032592929623
Omni,ssp585,2055,Global,-0.07139092197220377,0.24705112261956838,0.1756602006473646,-0.31844204459177217
Omni,ssp585,2056,Global,-0.06736002036684477,0.23852767738161545,0.17116765701477069,-0.30588769774846025
Omni,ssp585,2057,Global,-0.08171583054595265,0.2231462358105496,0.14143040526459694,-0.30486206635650226
Omni,ssp585,2058,Global,-0.08555878250473388,0.21805785326994365,0.13249907076520978,-0.3036166357746775
Omni,ssp585,2059,Global,-0.07502921821521147,0.2447906003097124,0.16976138209450092,-0.31981981852492386
Omni,ssp585,2060,Global,-0.0888106157237323,0.24918880068847124,0.16037818496473893,-0.33799941641220355
Omni,ssp585,2061,Global,-0.09196215338517576,0.25916655321484555,0.16720439982966978,-0.3511287066000213
Omni,ssp585,2062,Global,-0.08557397623530774,0.25358492225306106,0.16801094601775332,-0.3391588984883688
Omni,ssp585,2063,Global,-0.10128854725828976,0.26040150119244415,0.1591129539341544,-0.36169004845073394
Omni,ssp585,2064,Global,-0.09596168324043175,0.2546088047321421,0.15864712149171034,-0.35057048797257384
Omni,ssp585,2065,Global,-0.09226529630531648,0.27962041107557084,0.18735511477025435,-0.37188570738088733
Omni,ssp585,2066,Global,-0.10490968794371205,0.27378008921398433,0.16887040127027228,-0.37868977715769636
Omni,ssp585,2067,Global,-0.09894512855941706,0.26278938891143516,0.1638442603520181,-0.3617345174708522
Omni,ssp585,2068,Global,-0.10446268310306184,0.25546469051672926,0.15100200741366743,-0.3599273736197911
Omni,ssp585,2069,Global,-0.11317411689501317,0.28759317976852405,0.1744190628735109,-0.4007672966635372
Omni,ssp585,2070,Global,-0.11961149704886481,0.28702944176075207,0.16741794471188726,-0.4066409388096169
Omni,ssp585,2071,Global,-0.10527862544555894,0.30351542746896776,0.19823680202340882,-0.4087940529145267
Omni,ssp585,2072,Global,-0.10616732985062474,0.2795708016612614,0.17340347181063667,-0.3857381315118862
Omni,ssp585,2073,Global,-0.11723618592752294,0.2918555616798631,0.17461937575234016,-0.40909174760738604
Omni,ssp585,2074,Global,-0.11137902513177522,0.29077743291627234,0.17939840778449712,-0.40215645804804756
Omni,ssp585,2075,Global,-0.10291667478133464,0.2761756872327018,0.17325901245136716,-0.37909236201403645
Omni,ssp585,2076,Global,-0.10722970730072048,0.29302460139852093,0.18579489409780045,-0.4002543086992414
Omni,ssp585,2077,Global,-0.11873522235182482,0.28607108860236613,0.1673358662505413,-0.40480631095419095
Omni,ssp585,2078,Global,-0.12650398475013358,0.3052513702084682,0.17874738545833463,-0.4317553549586018
Omni,ssp585,2079,Global,-0.10906231379974018,0.2882291624675674,0.17916684866782723,-0.3972914762673076
Omni,ssp585,2080,Global,-0.11682483809290746,0.30046126819623803,0.18363643010333058,-0.4172861062891455
Omni,ssp585,2081,Global,-0.13823720901545067,0.30671454735762094,0.16847733834217027,-0.4449517563730716
Omni,ssp585,2082,Global,-0.1372206208078393,0.3145415606915941,0.1773209398837548,-0.4517621814994334
Omni,ssp585,2083,Global,-0.13215868018718652,0.3119829302573436,0.17982425007015707,-0.4441416104445301
Omni,ssp585,2084,Global,-0.12598802865796274,0.3210025663165653,0.19501453765860258,-0.4469905949745281
Omni,ssp585,2085,Global,-0.13049070593191547,0.3218391056826923,0.19134839975077683,-0.4523298116146078
Omni,ssp585,2086,Global,-0.13461129674490857,0.32005646196559845,0.18544516522068988,-0.454667758710507
Omni,ssp585,2087,Global,-0.12498098312284792,0.32392129309470485,0.19894030997185694,-0.44890227621755274
Omni,ssp585,2088,Global,-0.14797513814001498,0.3282597637105173,0.18028462557050232,-0.4762349018505323
Omni,ssp585,2089,Global,-0.14887798854097783,0.3069880723488747,0.15811008380789687,-0.45586606088985254
Omni,ssp585,2090,Global,-0.13667825249472376,0.320494574085309,0.18381632159058525,-0.4571728265800328
Omni,ssp585,2091,Global,-0.13562124294186573,0.3029313395107823,0.1673100965689166,-0.43855258245264805
Omni,ssp585,2092,Global,-0.13762556682145977,0.3152676946584434,0.17764212783698363,-0.45289326147990316
Omni,ssp585,2093,Global,-0.13207751509990495,0.3313012466875991,0.19922373158769413,-0.46337876178750403
Omni,ssp585,2094,Global,-0.14351578478138632,0.3244803575038565,0.18096457272247018,-0.46799614228524283
Omni,ssp585,2095,Global,-0.1613829087048806,0.32485135376901325,0.16346844506413266,-0.48623426247389384
Omni,ssp585,2096,Global,-0.14870188876923773,0.32655548631931247,0.17785359755007474,-0.4752573750885502
Omni,ssp585,2097,Global,-0.139439607268535,0.3492812449068023,0.2098416376382673,-0.4887208521753373
Omni,ssp585,2098,Global,-0.1542624758375698,0.343164405554572,0.1889019297170022,-0.4974268813921418
Omni,ssp585,2099,Global,-0.15402423923372072,0.34713502098432,0.19311078175059926,-0.5011592602180407
Omni,ssp585,2100,Global,-0.16276356212118098,0.3355056268498087,0.17274206472862774,-0.4982691889709897
Omni,ssp126,1980,Polar,-0.016139036562715835,0.18905114434147738,0.17291210777876154,-0.20519018090419322
Omni,ssp126,1981,Polar,-4.4766779865743723e-4,0.250043072477536,0.24959540467887856,-0.25049074027619345
Omni,ssp126,1982,Polar,-0.02234914532339794,0.22319913626431456,0.20084999094091663,-0.2455482815877125
Omni,ssp126,1983,Polar,0.006274115126070701,0.24733983136110166,0.25361394648717234,-0.24106571623503095
Omni,ssp126,1984,Polar,0.030662323752989787,0.24949250107922777,0.28015482483221754,-0.218830177326238
Omni,ssp126,1985,Polar,0.0053252772288751955,0.24503297869013121,0.2503582559190064,-0.23970770146125603
Omni,ssp126,1986,Polar,0.009349847699093325,0.3184099714061382,0.3277598191052315,-0.3090601237070449
Omni,ssp126,1987,Polar,-0.027729241899495084,0.23801918766623442,0.21028994576673934,-0.2657484295657295
Omni,ssp126,1988,Polar,0.005556814869752357,0.21162263458469116,0.2171794494544435,-0.2060658197149388
Omni,ssp126,1989,Polar,0.0027290264998244204,0.22705536259054493,0.22978438909036936,-0.2243263360907205
Omni,ssp126,1990,Polar,0.008809583340774148,0.20012326906753886,0.208932852408313,-0.19131368572676472
Omni,ssp126,1991,Polar,0.009470747549125573,0.24295546150009653,0.2524262090492221,-0.23348471395097095
Omni,ssp126,1992,Polar,-0.00783197226166347,0.325436244555778,0.31760427229411453,-0.3332682168174415
Omni,ssp126,1993,Polar,0.019534610293657554,0.21973664751856664,0.2392712578122242,-0.2002020372249091
Omni,ssp126,1994,Polar,0.004129416921085707,0.20524175156470842,0.20937116848579412,-0.20111233464362271
Omni,ssp126,1995,Polar,0.0032693408382992745,0.2913258272172143,0.29459516805551356,-0.288056486378915
Omni,ssp126,1996,Polar,0.04165104827261357,0.24134073714366058,0.2829917854162741,-0.19968968887104702
Omni,ssp126,1997,Polar,-0.015414540806691496,0.30603208761701606,0.2906175468103246,-0.3214466284237075
Omni,ssp126,1998,Polar,-0.025993532535265814,0.23508138841107137,0.20908785587580556,-0.26107492094633716
Omni,ssp126,1999,Polar,-0.01990107978012754,0.23578637593507001,0.21588529615494248,-0.2556874557151976
Omni,ssp126,2000,Polar,-0.01095593542414686,0.23833274229319393,0.22737680686904707,-0.24928867771734078
Omni,ssp126,2001,Polar,-0.00843163595118785,0.24258989396131045,0.2341582580101226,-0.2510215299124983
Omni,ssp126,2002,Polar,-0.024496928845758804,0.29097170355377405,0.2664747747080152,-0.3154686323995329
Omni,ssp126,2003,Polar,-0.06799160030167348,0.31580134540315574,0.24780974510148226,-0.38379294570482925
Omni,ssp126,2004,Polar,-0.01056903234488293,0.23905527741201515,0.22848624506713222,-0.2496243097568981
Omni,ssp126,2005,Polar,-0.03811006909084792,0.23854954448515892,0.200439475394311,-0.2766596135760068
Omni,ssp126,2006,Polar,-0.04431078166779335,0.2696612055624181,0.22535042389462479,-0.31397198723021147
Omni,ssp126,2007,Polar,-0.01778550594638828,0.20685571787203927,0.189070211925651,-0.22464122381842755
Omni,ssp126,2008,Polar,-0.02967966246828184,0.2400602524275224,0.21038058995924058,-0.26973991489580423
Omni,ssp126,2009,Polar,-0.042293287238057045,0.23322030899988375,0.1909270217618267,-0.2755135962379408
Omni,ssp126,2010,Polar,-0.03911435129003324,0.2593241245783018,0.22020977328826855,-0.29843847586833505
Omni,ssp126,2011,Polar,-0.03598935330349982,0.22272225921362165,0.18673290591012184,-0.2587116125171215
Omni,ssp126,2012,Polar,-0.013802671473600633,0.3061275551527373,0.29232488367913667,-0.31993022662633797
Omni,ssp126,2013,Polar,-0.03713873862383529,0.22188932340400835,0.18475058478017306,-0.2590280620278437
Omni,ssp126,2014,Polar,-0.0429449341857701,0.27172191617523356,0.22877698198946345,-0.31466685036100367
Omni,ssp126,2015,Polar,-0.03677272888505183,0.22740386823927794,0.1906311393542261,-0.2641765971243298
Omni,ssp126,2016,Polar,-0.022543683836678798,0.21762988256005658,0.1950861987233778,-0.24017356639673537
Omni,ssp126,2017,Polar,-0.007404784707713627,0.288731102775663,0.2813263180679494,-0.2961358874833766
Omni,ssp126,2018,Polar,-0.029195689340596125,0.2773955536433482,0.2481998643027521,-0.30659124298394436
Omni,ssp126,2019,Polar,-0.04571803200022788,0.28852123463587676,0.24280320263564886,-0.33423926663610465
Omni,ssp126,2020,Polar,-0.03395641091148768,0.254780305033351,0.2208238941218633,-0.28873671594483863
Omni,ssp126,2021,Polar,-0.04236708901774417,0.24818820957764795,0.2058211205599038,-0.29055529859539214
Omni,ssp126,2022,Polar,-0.03669025398436513,0.25070297222381577,0.21401271823945064,-0.2873932262081809
Omni,ssp126,2023,Polar,-0.035284819627527685,0.25996531303903136,0.22468049341150367,-0.29525013266655903
Omni,ssp126,2024,Polar,-0.024735851615473585,0.2540028366463806,0.22926698503090703,-0.2787386882618542
Omni,ssp126,2025,Polar,-0.052154672488978315,0.2999776787792648,0.24782300629028647,-0.3521323512682431
Omni,ssp126,2026,Polar,-0.03842795793562635,0.2768523800265813,0.23842442209095493,-0.31528033796220767
Omni,ssp126,2027,Polar,-0.041536633812622015,0.24984137715762197,0.20830474334499996,-0.29137801097024396
Omni,ssp126,2028,Polar,-0.06379551044775941,0.2859277370703064,0.22213222662254697,-0.3497232475180658
Omni,ssp126,2029,Polar,-0.054711284843543255,0.2576961550043354,0.20298487016079214,-0.31240743984787867
Omni,ssp126,2030,Polar,-0.05457072735470732,0.26755401754620894,0.21298329019150164,-0.32212474490091625
Omni,ssp126,2031,Polar,-0.05153888973363796,0.32386595784339217,0.2723270681097542,-0.37540484757703013
Omni,ssp126,2032,Polar,-0.04689694123959949,0.27950085993777246,0.23260391869817298,-0.32639780117737194
Omni,ssp126,2033,Polar,-0.051137531552207474,0.2683470814018331,0.21720954984962565,-0.31948461295404057
Omni,ssp126,2034,Polar,-0.0739214685379573,0.29391490482047244,0.21999343628251516,-0.3678363733584297
Omni,ssp126,2035,Polar,-0.06929974042692275,0.32359000501516044,0.25429026458823767,-0.3928897454420832
Omni,ssp126,2036,Polar,-0.06184584339837447,0.2872336523047783,0.22538780890640386,-0.3490794957031528
Omni,ssp126,2037,Polar,-0.07169410643974855,0.3055910746844001,0.23389696824465156,-0.37728518112414866
Omni,ssp126,2038,Polar,-0.06355420891874874,0.2935962598254871,0.23004205090673835,-0.35715046874423584
Omni,ssp126,2039,Polar,-0.066530641068618,0.2872970082002976,0.22076636713167958,-0.3538276492689156
Omni,ssp126,2040,Polar,-0.07664569896944795,0.2968021409331597,0.22015644196371176,-0.37344783990260766
Omni,ssp126,2041,Polar,-0.059785549957324345,0.3272085768395483,0.26742302688222397,-0.3869941267968726
Omni,ssp126,2042,Polar,-0.06822790536621687,0.30628379510360115,0.23805588973738429,-0.374511700469818
Omni,ssp126,2043,Polar,-0.0886377320132008,0.317401927014019,0.22876419500081818,-0.4060396590272198
Omni,ssp126,2044,Polar,-0.06253036308508504,0.31873207083242194,0.2562017077473369,-0.38126243391750697
Omni,ssp126,2045,Polar,-0.0785854278540123,0.32475904557525137,0.24617361772123908,-0.40334447342926366
Omni,ssp126,2046,Polar,-0.08101572647088309,0.3190579243509625,0.23804219788007938,-0.40007365082184554
Omni,ssp126,2047,Polar,-0.07598853301894817,0.28824237104832173,0.21225383802937356,-0.3642309040672699
Omni,ssp126,2048,Polar,-0.07672151952172601,0.28909573278013545,0.21237421325840944,-0.36581725230186146
Omni,ssp126,2049,Polar,-0.07260065575441857,0.33598493962793935,0.26338428387352075,-0.40858559538235795
Omni,ssp126,2050,Polar,-0.07676007968302237,0.3433400478651286,0.2665799681821063,-0.42010012754815096
Omni,ssp126,2051,Polar,-0.06124178885608912,0.29555408337277106,0.23431229451668195,-0.35679587222886017
Omni,ssp126,2052,Polar,-0.07132245202996998,0.2922652923188987,0.22094284028892872,-0.36358774434886865
Omni,ssp126,2053,Polar,-0.08392487475081864,0.33577493220600363,0.25185005745518496,-0.4196998069568223
Omni,ssp126,2054,Polar,-0.08344067557464374,0.2926613964048405,0.20922072083019677,-0.37610207197948425
Omni,ssp126,2055,Polar,-0.07284313839290057,0.3167361839858758,0.2438930455929752,-0.38957932237877635
Omni,ssp126,2056,Polar,-0.09566770348429027,0.33760016781493046,0.2419324643306402,-0.43326787129922073
Omni,ssp126,2057,Polar,-0.10298308487282282,0.3099949364508321,0.20701185157800928,-0.4129780213236549
Omni,ssp126,2058,Polar,-0.05975976473313596,0.30799756586014077,0.2482378011270048,-0.36775733059327675
Omni,ssp126,2059,Polar,-0.06905379656268658,0.33535712629044695,0.2663033297277604,-0.4044109228531335
Omni,ssp126,2060,Polar,-0.07400054049423296,0.3331131149103706,0.25911257441613766,-0.40711365540460354
Omni,ssp126,2061,Polar,-0.07771946829658055,0.3595294187128684,0.28180995041628787,-0.43724888700944897
Omni,ssp126,2062,Polar,-0.07614778335867647,0.2971571168427053,0.22100933348402882,-0.37330490020138174
Omni,ssp126,2063,Polar,-0.08982193136186838,0.3457882536027835,0.2559663222409151,-0.43561018496465187
Omni,ssp126,2064,Polar,-0.07824202294839797,0.3500387191022512,0.27179669615385327,-0.42828074205064914
Omni,ssp126,2065,Polar,-0.11014873700996264,0.31905307723966203,0.2089043402296994,-0.42920181424962467
Omni,ssp126,2066,Polar,-0.08570422506671121,0.3518419714820192,0.26613774641530796,-0.4375461965487304
Omni,ssp126,2067,Polar,-0.09471542684904023,0.3425072977555584,0.24779187090651816,-0.4372227246045986
Omni,ssp126,2068,Polar,-0.09506017918439391,0.32151307729710743,0.22645289811271352,-0.41657325648150134
Omni,ssp126,2069,Polar,-0.07370722194875229,0.33264552965512717,0.2589383077063749,-0.40635275160387946
Omni,ssp126,2070,Polar,-0.07112765111954691,0.35671921664567685,0.28559156552612996,-0.42784686776522374
Omni,ssp126,2071,Polar,-0.0833226782514882,0.3198120571880564,0.23648937893656818,-0.4031347354395446
Omni,ssp126,2072,Polar,-0.09641697352011858,0.31403529210140263,0.21761831858128405,-0.4104522656215212
Omni,ssp126,2073,Polar,-0.09565262441234451,0.3587097477187531,0.26305712330640857,-0.4543623721310976
Omni,ssp126,2074,Polar,-0.09400233417798978,0.31319856162205184,0.21919622744406206,-0.4072008958000416
Omni,ssp126,2075,Polar,-0.10055074660276805,0.3347966362538115,0.23424588965104345,-0.4353473828565796
Omni,ssp126,2076,Polar,-0.08710297652163848,0.31698001131005954,0.22987703478842106,-0.40408298783169805
Omni,ssp126,2077,Polar,-0.08412031261347383,0.31835346937716574,0.2342331567636919,-0.40247378199063955
Omni,ssp126,2078,Polar,-0.09587014986534548,0.3489557167107404,0.2530855668453949,-0.44482586657608586
Omni,ssp126,2079,Polar,-0.10891773663127252,0.34041377014191687,0.23149603351064435,-0.4493315067731894
Omni,ssp126,2080,Polar,-0.1059696149042257,0.34024312790225775,0.23427351299803206,-0.44621274280648343
Omni,ssp126,2081,Polar,-0.09710184698725335,0.3449327212480665,0.24783087426081316,-0.44203456823531984
Omni,ssp126,2082,Polar,-0.11361063778345216,0.323248206819202,0.20963756903574987,-0.4368588446026542
Omni,ssp126,2083,Polar,-0.11590130671620202,0.353088584772821,0.237187278056619,-0.46898989148902304
Omni,ssp126,2084,Polar,-0.11993433513356064,0.34903542950806754,0.2291010943745069,-0.4689697646416282
Omni,ssp126,2085,Polar,-0.07773829063031906,0.376614861133335,0.2988765705030159,-0.45435315176365404
Omni,ssp126,2086,Polar,-0.1162191849079977,0.35796187873131907,0.24174269382332136,-0.4741810636393168
Omni,ssp126,2087,Polar,-0.10871982438382705,0.35122571114689405,0.242505886763067,-0.4599455355307211
Omni,ssp126,2088,Polar,-0.08898681418651422,0.35471666764450105,0.26572985345798683,-0.44370348183101527
Omni,ssp126,2089,Polar,-0.10766122674380352,0.32705843103458887,0.21939720429078535,-0.4347196577783924
Omni,ssp126,2090,Polar,-0.09709456203725852,0.3947330838205963,0.2976385217833378,-0.4918276458578548
Omni,ssp126,2091,Polar,-0.11335526086079734,0.33883706293452054,0.2254818020737232,-0.4521923237953179
Omni,ssp126,2092,Polar,-0.12612691916187535,0.31195564765441164,0.1858287284925363,-0.438082566816287
Omni,ssp126,2093,Polar,-0.11359769327087463,0.3853307578592114,0.2717330645883368,-0.498928451130086
Omni,ssp126,2094,Polar,-0.11857740422662436,0.3398118606049507,0.22123445637832637,-0.45838926483157505
Omni,ssp126,2095,Polar,-0.09698884736620529,0.38815641340430956,0.2911675660381043,-0.48514526077051484
Omni,ssp126,2096,Polar,-0.09092219938060038,0.3510247916500745,0.26010259226947413,-0.44194699103067486
Omni,ssp126,2097,Polar,-0.10553296432663183,0.36247138554637687,0.25693842121974503,-0.4680043498730087
Omni,ssp126,2098,Polar,-0.09698031071436404,0.4091688654562767,0.31218855474191265,-0.5061491761706407
Omni,ssp126,2099,Polar,-0.12276127057028641,0.3274293072904917,0.20466803672020528,-0.4501905778607781
Omni,ssp126,2100,Polar,-0.12411376924005951,0.308069925387373,0.18395615614731348,-0.4321836946274325
Omni,ssp370,1980,Polar,-0.016139036562715835,0.18905114434147738,0.17291210777876154,-0.20519018090419322
Omni,ssp370,1981,Polar,-4.4766779865743723e-4,0.250043072477536,0.24959540467887856,-0.25049074027619345
Omni,ssp370,1982,Polar,-0.02234914532339794,0.22319913626431456,0.20084999094091663,-0.2455482815877125
Omni,ssp370,1983,Polar,0.006274115126070701,0.24733983136110166,0.25361394648717234,-0.24106571623503095
Omni,ssp370,1984,Polar,0.030662323752989787,0.24949250107922777,0.28015482483221754,-0.218830177326238
Omni,ssp370,1985,Polar,0.0053252772288751955,0.24503297869013121,0.2503582559190064,-0.23970770146125603
Omni,ssp370,1986,Polar,0.009349847699093325,0.3184099714061382,0.3277598191052315,-0.3090601237070449
Omni,ssp370,1987,Polar,-0.027729241899495084,0.23801918766623442,0.21028994576673934,-0.2657484295657295
Omni,ssp370,1988,Polar,0.005556814869752357,0.21162263458469116,0.2171794494544435,-0.2060658197149388
Omni,ssp370,1989,Polar,0.0027290264998244204,0.22705536259054493,0.22978438909036936,-0.2243263360907205
Omni,ssp370,1990,Polar,0.008809583340774148,0.20012326906753886,0.208932852408313,-0.19131368572676472
Omni,ssp370,1991,Polar,0.009470747549125573,0.24295546150009653,0.2524262090492221,-0.23348471395097095
Omni,ssp370,1992,Polar,-0.00783197226166347,0.325436244555778,0.31760427229411453,-0.3332682168174415
Omni,ssp370,1993,Polar,0.019534610293657554,0.21973664751856664,0.2392712578122242,-0.2002020372249091
Omni,ssp370,1994,Polar,0.004129416921085707,0.20524175156470842,0.20937116848579412,-0.20111233464362271
Omni,ssp370,1995,Polar,0.0032693408382992745,0.2913258272172143,0.29459516805551356,-0.288056486378915
Omni,ssp370,1996,Polar,0.04165104827261357,0.24134073714366058,0.2829917854162741,-0.19968968887104702
Omni,ssp370,1997,Polar,-0.015414540806691496,0.30603208761701606,0.2906175468103246,-0.3214466284237075
Omni,ssp370,1998,Polar,-0.025993532535265814,0.23508138841107137,0.20908785587580556,-0.26107492094633716
Omni,ssp370,1999,Polar,-0.01990107978012754,0.23578637593507001,0.21588529615494248,-0.2556874557151976
Omni,ssp370,2000,Polar,-0.01095593542414686,0.23833274229319393,0.22737680686904707,-0.24928867771734078
Omni,ssp370,2001,Polar,-0.00843163595118785,0.24258989396131045,0.2341582580101226,-0.2510215299124983
Omni,ssp370,2002,Polar,-0.024496928845758804,0.29097170355377405,0.2664747747080152,-0.3154686323995329
Omni,ssp370,2003,Polar,-0.06799160030167348,0.31580134540315574,0.24780974510148226,-0.38379294570482925
Omni,ssp370,2004,Polar,-0.01056903234488293,0.23905527741201515,0.22848624506713222,-0.2496243097568981
Omni,ssp370,2005,Polar,-0.03811006909084792,0.23854954448515892,0.200439475394311,-0.2766596135760068
Omni,ssp370,2006,Polar,-0.04431078166779335,0.2696612055624181,0.22535042389462479,-0.31397198723021147
Omni,ssp370,2007,Polar,-0.01778550594638828,0.20685571787203927,0.189070211925651,-0.22464122381842755
Omni,ssp370,2008,Polar,-0.02967966246828184,0.2400602524275224,0.21038058995924058,-0.26973991489580423
Omni,ssp370,2009,Polar,-0.042293287238057045,0.23322030899988375,0.1909270217618267,-0.2755135962379408
Omni,ssp370,2010,Polar,-0.03911435129003324,0.2593241245783018,0.22020977328826855,-0.29843847586833505
Omni,ssp370,2011,Polar,-0.03598935330349982,0.22272225921362165,0.18673290591012184,-0.2587116125171215
Omni,ssp370,2012,Polar,-0.013802671473600633,0.3061275551527373,0.29232488367913667,-0.31993022662633797
Omni,ssp370,2013,Polar,-0.03713873862383529,0.22188932340400835,0.18475058478017306,-0.2590280620278437
Omni,ssp370,2014,Polar,-0.0429449341857701,0.27172191617523356,0.22877698198946345,-0.31466685036100367
Omni,ssp370,2015,Polar,-0.010349932086718729,0.29818043485447326,0.2878305027677545,-0.308530366941192
Omni,ssp370,2016,Polar,-0.016101101889065654,0.2530513720251307,0.23695027013606507,-0.2691524739141964
Omni,ssp370,2017,Polar,-0.01286564962890978,0.21508126635572195,0.20221561672681215,-0.22794691598463174
Omni,ssp370,2018,Polar,-0.037208832030428005,0.21112986149997476,0.17392102946954674,-0.24833869353040278
Omni,ssp370,2019,Polar,-0.0447318711828706,0.29644915468755445,0.25171728350468386,-0.34118102587042504
Omni,ssp370,2020,Polar,-0.04029788774445579,0.2277828601048485,0.1874849723603927,-0.2680807478493043
Omni,ssp370,2021,Polar,-0.023040856125813074,0.25984887998242806,0.23680802385661498,-0.28288973610824114
Omni,ssp370,2022,Polar,-0.023715456093655468,0.21786350842736887,0.1941480523337134,-0.24157896452102434
Omni,ssp370,2023,Polar,-0.06341491965734188,0.28590471290959096,0.2224897932522491,-0.3493196325669328
Omni,ssp370,2024,Polar,-0.03260864590818978,0.256251883095644,0.2236432371874542,-0.2888605290038338
Omni,ssp370,2025,Polar,-0.04525810647259538,0.22988217607749722,0.18462406960490185,-0.2751402825500926
Omni,ssp370,2026,Polar,-0.03387411280293161,0.24571890708323607,0.21184479428030445,-0.2795930198861677
Omni,ssp370,2027,Polar,-0.037208171838511495,0.29408117337233536,0.25687300153382386,-0.33128934521084685
Omni,ssp370,2028,Polar,-0.04493629594013103,0.24079240077350247,0.19585610483337146,-0.2857286967136335
Omni,ssp370,2029,Polar,-0.032906340198064654,0.24072738163938215,0.2078210414413175,-0.27363372183744683
Omni,ssp370,2030,Polar,-0.04077810307084059,0.27253828404252584,0.23176018097168524,-0.3133163871133664
Omni,ssp370,2031,Polar,-0.0506552836063566,0.27451277496215365,0.22385749135579705,-0.3251680585685103
Omni,ssp370,2032,Polar,-0.055007030652512195,0.25490983325954225,0.19990280260703006,-0.3099168639120544
Omni,ssp370,2033,Polar,-0.03748784531784838,0.28084964712817906,0.24336180181033068,-0.31833749244602744
Omni,ssp370,2034,Polar,-0.0598495328128105,0.2711982194508653,0.2113486866380548,-0.33104775226367583
Omni,ssp370,2035,Polar,-0.03619733985172827,0.2708790087241239,0.23468166887239564,-0.3070763485758522
Omni,ssp370,2036,Polar,-0.049410924816374255,0.3138987464216116,0.2644878216052373,-0.36330967123798585
Omni,ssp370,2037,Polar,-0.03655093925540087,0.3264057276263865,0.2898547883709856,-0.36295666688178735
Omni,ssp370,2038,Polar,-0.059286637353684155,0.3494864215292247,0.29019978417554054,-0.4087730588829089
Omni,ssp370,2039,Polar,-0.050488075971347315,0.29246157746037504,0.24197350148902774,-0.34294965343172235
Omni,ssp370,2040,Polar,-0.06018003166378294,0.2988376818702982,0.23865765020651525,-0.35901771353408113
Omni,ssp370,2041,Polar,-0.047181167163156505,0.28892949511860344,0.24174832795544693,-0.33611066228175995
Omni,ssp370,2042,Polar,-0.0341101831282761,0.25861893792991536,0.22450875480163926,-0.2927291210581915
Omni,ssp370,2043,Polar,-0.06652970392430504,0.297168914259793,0.23063921033548798,-0.3636986181840981
Omni,ssp370,2044,Polar,-0.06174222888664897,0.3070791774972509,0.2453369486106019,-0.3688214063838999
Omni,ssp370,2045,Polar,-0.06522124686173758,0.30664474986991497,0.2414235030081774,-0.37186599673165255
Omni,ssp370,2046,Polar,-0.06839218473448369,0.30675585971418,0.23836367497969632,-0.3751480444486637
Omni,ssp370,2047,Polar,-0.060685762526596715,0.3253656741351968,0.26467991160860005,-0.38605143666179353
Omni,ssp370,2048,Polar,-0.06342339222816451,0.2985925683972535,0.235169176169089,-0.362015960625418
Omni,ssp370,2049,Polar,-0.05563325068802786,0.31733378678403046,0.2617005360960026,-0.37296703747205834
Omni,ssp370,2050,Polar,-0.041685941440865404,0.3033324307130237,0.2616464892721583,-0.3450183721538891
Omni,ssp370,2051,Polar,-0.07411566825256088,0.321229614695776,0.2471139464432151,-0.3953452829483369
Omni,ssp370,2052,Polar,-0.041662780090855084,0.35901811750688617,0.31735533741603106,-0.4006808975977413
Omni,ssp370,2053,Polar,-0.06129653066701793,0.3349302334255163,0.2736337027584984,-0.3962267640925342
Omni,ssp370,2054,Polar,-0.058817704466735975,0.30885119725128546,0.2500334927845495,-0.3676689017180214
Omni,ssp370,2055,Polar,-0.07404008022313478,0.3496255598669811,0.2755854796438463,-0.42366564009011587
Omni,ssp370,2056,Polar,-0.047896763452110025,0.3358195064964214,0.28792274304431137,-0.3837162699485314
Omni,ssp370,2057,Polar,-0.06731523209449031,0.3772515645413409,0.3099363324468506,-0.4445667966358312
Omni,ssp370,2058,Polar,-0.05310089645572459,0.3427797359835689,0.28967883952784435,-0.3958806324392935
Omni,ssp370,2059,Polar,-0.06958573232724866,0.34765823758813147,0.2780725052608828,-0.41724396991538015
Omni,ssp370,2060,Polar,-0.06361191358811165,0.34830297694969603,0.2846910633615844,-0.41191489053780767
Omni,ssp370,2061,Polar,-0.060889877660887645,0.3738041024262386,0.31291422476535097,-0.4346939800871263
Omni,ssp370,2062,Polar,-0.06845003237244202,0.3495200443308931,0.2810700119584511,-0.41797007670333514
Omni,ssp370,2063,Polar,-0.06847413905633842,0.3542712936829938,0.2857971546266554,-0.42274543273933224
Omni,ssp370,2064,Polar,-0.0910865565753036,0.3624153636921666,0.271328807116863,-0.45350192026747016
Omni,ssp370,2065,Polar,-0.07525009421790371,0.3647715239118337,0.28952142969393,-0.4400216181297374
Omni,ssp370,2066,Polar,-0.08761599374915122,0.3659576744660596,0.27834168071690835,-0.45357366821521083
Omni,ssp370,2067,Polar,-0.08589673811858073,0.3714519225432512,0.2855551844246705,-0.45734866066183194
Omni,ssp370,2068,Polar,-0.0633501223015045,0.41295295467975046,0.34960283237824596,-0.47630307698125496
Omni,ssp370,2069,Polar,-0.08324146326583853,0.36411126117846143,0.2808697979126229,-0.44735272444429997
Omni,ssp370,2070,Polar,-0.09544610042463816,0.41827720919823513,0.322831108773597,-0.5137233096228733
Omni,ssp370,2071,Polar,-0.10801589781193845,0.40020987702607524,0.2921939792141368,-0.5082257748380137
Omni,ssp370,2072,Polar,-0.07758371674805184,0.4067525952329783,0.3291688784849265,-0.4843363119810301
Omni,ssp370,2073,Polar,-0.067501904060395565,0.41012505090273416,0.3426231468423386,-0.47762695496312974
Omni,ssp370,2074,Polar,-0.08543385258980499,0.41304583420903795,0.327611981619233,-0.4984796867988429
Omni,ssp370,2075,Polar,-0.07399322167133747,0.38926600885275964,0.31527278718142215,-0.4632592305240971
Omni,ssp370,2076,Polar,-0.0795386303870528,0.4027820229331998,0.323243392546147,-0.48232065332025265
Omni,ssp370,2077,Polar,-0.090617526751525,0.4067549983066753,0.31613747155515026,-0.4973725250582003
Omni,ssp370,2078,Polar,-0.10154256201202828,0.4027322869409176,0.30118972492888935,-0.5042748489529459
Omni,ssp370,2079,Polar,-0.08604821018915369,0.4095676324646074,0.3235194222754537,-0.49561584265376113
Omni,ssp370,2080,Polar,-0.10138236276565299,0.4114990162113849,0.3101166534457319,-0.5128813789770379
Omni,ssp370,2081,Polar,-0.06016125321449073,0.43107911018774747,0.37091785697325674,-0.4912403634022382
Omni,ssp370,2082,Polar,-0.08740133877460682,0.4334262430764632,0.3460249043018564,-0.52082758185107
Omni,ssp370,2083,Polar,-0.08235337971158357,0.4477689442835065,0.3654155645719229,-0.5301223239950901
Omni,ssp370,2084,Polar,-0.09473677372787065,0.45310705094439246,0.3583702772165218,-0.5478438246722631
Omni,ssp370,2085,Polar,-0.08125841086736071,0.4651757956568709,0.3839173847895102,-0.5464342065242316
Omni,ssp370,2086,Polar,-0.07230707299539856,0.4686203364790921,0.39631326348369356,-0.5409274094744907
Omni,ssp370,2087,Polar,-0.09292865009347366,0.45467094625538074,0.36174229616190706,-0.5475995963488544
Omni,ssp370,2088,Polar,-0.11221469911856405,0.4236657111529569,0.31145101203439285,-0.535880410271521
Omni,ssp370,2089,Polar,-0.1063731686350233,0.43795406681021165,0.3315808981751883,-0.544327235445235
Omni,ssp370,2090,Polar,-0.08859444203629274,0.43026866016626975,0.341674218129977,-0.5188631022025625
Omni,ssp370,2091,Polar,-0.09956030404134128,0.4428668742257166,0.34330657018437527,-0.5424271782670579
Omni,ssp370,2092,Polar,-0.11963296145277255,0.4526890637292263,0.33305610227645377,-0.5723220251819988
Omni,ssp370,2093,Polar,-0.1183669831329616,0.43484700233495244,0.31648001920199087,-0.553213985467914
Omni,ssp370,2094,Polar,-0.11833100186919683,0.42299609010890493,0.3046650882397081,-0.5413270919781018
Omni,ssp370,2095,Polar,-0.11643340755084455,0.4302123012513896,0.313778893700545,-0.5466457088022342
Omni,ssp370,2096,Polar,-0.10731889389762654,0.463268143942947,0.35594925004532046,-0.5705870378405735
Omni,ssp370,2097,Polar,-0.11791888848932858,0.45779546732165,0.3398765788323214,-0.5757143558109785
Omni,ssp370,2098,Polar,-0.11609082449146915,0.4862954089456219,0.3702045844541527,-0.6023862334370911
Omni,ssp370,2099,Polar,-0.150171352613779,0.4785518492314291,0.3283804966176501,-0.6287232018452081
Omni,ssp370,2100,Polar,-0.1371926693612872,0.4694660154152277,0.3322733460539405,-0.606658684776515
Omni,ssp585,1980,Polar,-0.016139036562715835,0.18905114434147738,0.17291210777876154,-0.20519018090419322
Omni,ssp585,1981,Polar,-4.4766779865743723e-4,0.250043072477536,0.24959540467887856,-0.25049074027619345
Omni,ssp585,1982,Polar,-0.02234914532339794,0.22319913626431456,0.20084999094091663,-0.2455482815877125
Omni,ssp585,1983,Polar,0.006274115126070701,0.24733983136110166,0.25361394648717234,-0.24106571623503095
Omni,ssp585,1984,Polar,0.030662323752989787,0.24949250107922777,0.28015482483221754,-0.218830177326238
Omni,ssp585,1985,Polar,0.0053252772288751955,0.24503297869013121,0.2503582559190064,-0.23970770146125603
Omni,ssp585,1986,Polar,0.009349847699093325,0.3184099714061382,0.3277598191052315,-0.3090601237070449
Omni,ssp585,1987,Polar,-0.027729241899495084,0.23801918766623442,0.21028994576673934,-0.2657484295657295
Omni,ssp585,1988,Polar,0.005556814869752357,0.21162263458469116,0.2171794494544435,-0.2060658197149388
Omni,ssp585,1989,Polar,0.0027290264998244204,0.22705536259054493,0.22978438909036936,-0.2243263360907205
Omni,ssp585,1990,Polar,0.008809583340774148,0.20012326906753886,0.208932852408313,-0.19131368572676472
Omni,ssp585,1991,Polar,0.009470747549125573,0.24295546150009653,0.2524262090492221,-0.23348471395097095
Omni,ssp585,1992,Polar,-0.00783197226166347,0.325436244555778,0.31760427229411453,-0.3332682168174415
Omni,ssp585,1993,Polar,0.019534610293657554,0.21973664751856664,0.2392712578122242,-0.2002020372249091
Omni,ssp585,1994,Polar,0.004129416921085707,0.20524175156470842,0.20937116848579412,-0.20111233464362271
Omni,ssp585,1995,Polar,0.0032693408382992745,0.2913258272172143,0.29459516805551356,-0.288056486378915
Omni,ssp585,1996,Polar,0.04165104827261357,0.24134073714366058,0.2829917854162741,-0.19968968887104702
Omni,ssp585,1997,Polar,-0.015414540806691496,0.30603208761701606,0.2906175468103246,-0.3214466284237075
Omni,ssp585,1998,Polar,-0.025993532535265814,0.23508138841107137,0.20908785587580556,-0.26107492094633716
Omni,ssp585,1999,Polar,-0.01990107978012754,0.23578637593507001,0.21588529615494248,-0.2556874557151976
Omni,ssp585,2000,Polar,-0.01095593542414686,0.23833274229319393,0.22737680686904707,-0.24928867771734078
Omni,ssp585,2001,Polar,-0.00843163595118785,0.24258989396131045,0.2341582580101226,-0.2510215299124983
Omni,ssp585,2002,Polar,-0.024496928845758804,0.29097170355377405,0.2664747747080152,-0.3154686323995329
Omni,ssp585,2003,Polar,-0.06799160030167348,0.31580134540315574,0.24780974510148226,-0.38379294570482925
Omni,ssp585,2004,Polar,-0.01056903234488293,0.23905527741201515,0.22848624506713222,-0.2496243097568981
Omni,ssp585,2005,Polar,-0.03811006909084792,0.23854954448515892,0.200439475394311,-0.2766596135760068
Omni,ssp585,2006,Polar,-0.04431078166779335,0.2696612055624181,0.22535042389462479,-0.31397198723021147
Omni,ssp585,2007,Polar,-0.01778550594638828,0.20685571787203927,0.189070211925651,-0.22464122381842755
Omni,ssp585,2008,Polar,-0.02967966246828184,0.2400602524275224,0.21038058995924058,-0.26973991489580423
Omni,ssp585,2009,Polar,-0.042293287238057045,0.23322030899988375,0.1909270217618267,-0.2755135962379408
Omni,ssp585,2010,Polar,-0.03911435129003324,0.2593241245783018,0.22020977328826855,-0.29843847586833505
Omni,ssp585,2011,Polar,-0.03598935330349982,0.22272225921362165,0.18673290591012184,-0.2587116125171215
Omni,ssp585,2012,Polar,-0.013802671473600633,0.3061275551527373,0.29232488367913667,-0.31993022662633797
Omni,ssp585,2013,Polar,-0.03713873862383529,0.22188932340400835,0.18475058478017306,-0.2590280620278437
Omni,ssp585,2014,Polar,-0.0429449341857701,0.27172191617523356,0.22877698198946345,-0.31466685036100367
Omni,ssp585,2015,Polar,-0.006733032469317007,0.2472369501792107,0.2405039177098937,-0.2539699826485277
Omni,ssp585,2016,Polar,-0.007004859203008496,0.2658547963196106,0.25884993711660215,-0.2728596555226191
Omni,ssp585,2017,Polar,-0.014294938484410148,0.2618980131839806,0.24760307469957044,-0.27619295166839075
Omni,ssp585,2018,Polar,-0.010750316818049013,0.2363454170743841,0.2255951002563351,-0.2470957338924331
Omni,ssp585,2019,Polar,-0.032762546801785614,0.24214811954603366,0.20938557274424804,-0.27491066634781924
Omni,ssp585,2020,Polar,-0.036609380796942106,0.20525474033015295,0.16864535953321086,-0.24186412112709504
Omni,ssp585,2021,Polar,-0.015918182551498117,0.24983570496560586,0.23391752241410774,-0.265753887517104
Omni,ssp585,2022,Polar,-0.02834524061132416,0.33674924249903726,0.3084040018877131,-0.3650944831103614
Omni,ssp585,2023,Polar,-0.0520399282886017,0.23841341186321677,0.18637348357461508,-0.29045334015181845
Omni,ssp585,2024,Polar,-0.04450363192151647,0.24319378907883274,0.19869015715731628,-0.28769742100034923
Omni,ssp585,2025,Polar,-0.06439843239829202,0.2655139585524375,0.20111552615414546,-0.3299123909507295
Omni,ssp585,2026,Polar,-0.03761773507674111,0.2623891643625818,0.2247714292858407,-0.3000068994393229
Omni,ssp585,2027,Polar,-0.048241517574450055,0.30351775326676494,0.2552762356923149,-0.351759270841215
Omni,ssp585,2028,Polar,-0.046144276321663444,0.2597761511907976,0.21363187486913415,-0.30592042751246107
Omni,ssp585,2029,Polar,-0.05029831739046553,0.3078820972908975,0.25758377990043196,-0.358180414681363
Omni,ssp585,2030,Polar,-0.05568372148352464,0.26961748290254506,0.21393376141902043,-0.3253012043860697
Omni,ssp585,2031,Polar,-0.07091146837402795,0.34032215324547455,0.2694106848714466,-0.4112336216195025
Omni,ssp585,2032,Polar,-0.06746750713401109,0.30831857662620127,0.24085106949219018,-0.3757860837602124
Omni,ssp585,2033,Polar,-0.07786445513308816,0.2593489040305086,0.18148444889742044,-0.33721335916359674
Omni,ssp585,2034,Polar,-0.06369237904200212,0.27198681348438747,0.20829443444238535,-0.33567919252638956
Omni,ssp585,2035,Polar,-0.08195512143379635,0.26958219753709556,0.1876270761032992,-0.3515373189708919
Omni,ssp585,2036,Polar,-0.05386558979595203,0.3003923849877379,0.24652679519178589,-0.3542579747836899
Omni,ssp585,2037,Polar,-0.0797892092459365,0.31016128889938177,0.23037207965344528,-0.38995049814531824
Omni,ssp585,2038,Polar,-0.077468547503184,0.2939068848219745,0.21643833731879053,-0.3713754323251585
Omni,ssp585,2039,Polar,-0.06025010027536498,0.3239092175685889,0.26365911729322394,-0.3841593178439539
Omni,ssp585,2040,Polar,-0.035033007134190594,0.323230535533917,0.2881975283997264,-0.3582635426681076
Omni,ssp585,2041,Polar,-0.054638201024669875,0.30546990840942695,0.2508317073847571,-0.3601081094340968
Omni,ssp585,2042,Polar,-0.0738554086319946,0.31703092450909043,0.24317551587709582,-0.390886333141085
Omni,ssp585,2043,Polar,-0.07318350566778394,0.3295272806610191,0.2563437749932352,-0.402710786328803
Omni,ssp585,2044,Polar,-0.08697570488491746,0.3345920807961372,0.24761637591121977,-0.4215677856810547
Omni,ssp585,2045,Polar,-0.07526252582968966,0.32367405022579127,0.2484115243961016,-0.39893657605548094
Omni,ssp585,2046,Polar,-0.0760090169832982,0.31729632886523385,0.24128731188193564,-0.39330534584853205
Omni,ssp585,2047,Polar,-0.08228115482677938,0.3184011449127553,0.2361199900859759,-0.4006822997395347
Omni,ssp585,2048,Polar,-0.08560820010991554,0.32362013752181307,0.23801193741189752,-0.4092283376317286
Omni,ssp585,2049,Polar,-0.07502881416668855,0.3392209504298377,0.26419213626314914,-0.41424976459652624
Omni,ssp585,2050,Polar,-0.07745653198342935,0.33500302463312315,0.2575464926496938,-0.4124595566165525
Omni,ssp585,2051,Polar,-0.08576080935278127,0.34518371623793437,0.2594229068851531,-0.4309445255907156
Omni,ssp585,2052,Polar,-0.08382101576894205,0.36676934877100154,0.28294833300205946,-0.4505903645399436
Omni,ssp585,2053,Polar,-0.1044072191533017,0.3495197883570043,0.2451125692037026,-0.453927007510306
Omni,ssp585,2054,Polar,-0.08276248164335305,0.3785668019667239,0.29580432032337084,-0.4613292836100769
Omni,ssp585,2055,Polar,-0.06667438589553223,0.36734078039059065,0.3006663944950584,-0.4340151662861229
Omni,ssp585,2056,Polar,-0.07622514879959807,0.3498384871278987,0.27361333832830065,-0.4260636359274968
Omni,ssp585,2057,Polar,-0.061442345476171834,0.3300702152801597,0.26862786980398784,-0.3915125607563315
Omni,ssp585,2058,Polar,-0.09048506686075569,0.32215217988638983,0.23166711302563414,-0.4126372467471455
Omni,ssp585,2059,Polar,-0.07679258993871971,0.3628405197697575,0.2860479298310378,-0.43963310970847724
Omni,ssp585,2060,Polar,-0.07923181803811491,0.36565062028456424,0.28641880224644933,-0.44488243832267915
Omni,ssp585,2061,Polar,-0.09518424869955247,0.39355887260416117,0.29837462390460867,-0.48874312130371367
Omni,ssp585,2062,Polar,-0.0806148685634622,0.3700226923166739,0.2894078237532117,-0.45063756088013607
Omni,ssp585,2063,Polar,-0.11448081222212603,0.39308809095852215,0.2786072787363961,-0.5075689031806482
Omni,ssp585,2064,Polar,-0.10654286637645975,0.36334213966993006,0.2567992732934703,-0.46988500604638983
Omni,ssp585,2065,Polar,-0.10573868039274673,0.4158905457373899,0.31015186534464323,-0.5216292261301366
Omni,ssp585,2066,Polar,-0.11865838253758507,0.41223683897052144,0.29357845643293634,-0.5308952215081065
Omni,ssp585,2067,Polar,-0.10206026081516492,0.3834405355103984,0.2813802746952335,-0.4855007963255633
Omni,ssp585,2068,Polar,-0.11415817783799659,0.3790984646078527,0.2649402867698561,-0.49325664244584927
Omni,ssp585,2069,Polar,-0.11527191063216931,0.44045676979964565,0.32518485916747636,-0.555728680431815
Omni,ssp585,2070,Polar,-0.12395440736238486,0.4387539401448157,0.3147995327824309,-0.5627083475072006
Omni,ssp585,2071,Polar,-0.1201309603393351,0.46229881887446217,0.3421678585351271,-0.5824297792137972
Omni,ssp585,2072,Polar,-0.10241949692387156,0.4201748820062901,0.3177553850824185,-0.5225943789301617
Omni,ssp585,2073,Polar,-0.11564288805670934,0.4337085183895467,0.31806563033283736,-0.549351406446256
Omni,ssp585,2074,Polar,-0.11445115605099981,0.4363056455228178,0.321854489471818,-0.5507568015738176
Omni,ssp585,2075,Polar,-0.1291822969462832,0.41011497098330035,0.28093267403701716,-0.5392972679295835
Omni,ssp585,2076,Polar,-0.1466344040560263,0.43281605510765675,0.28618165105163046,-0.5794504591636831
Omni,ssp585,2077,Polar,-0.13472167513389038,0.4199924426126907,0.2852707674788003,-0.5547141177465811
Omni,ssp585,2078,Polar,-0.14732887966202127,0.46118908629039185,0.31386020662837055,-0.6085179659524131
Omni,ssp585,2079,Polar,-0.11226356148296956,0.4272643955465126,0.315000834063543,-0.5395279570294822
Omni,ssp585,2080,Polar,-0.1327804494329378,0.44883774535295706,0.3160572959200193,-0.5816181947858948
Omni,ssp585,2081,Polar,-0.14003250912845222,0.45711380138493,0.3170812922564778,-0.5971463105133823
Omni,ssp585,2082,Polar,-0.15692506768337866,0.47145964521737843,0.31453457753399977,-0.6283847129007571
Omni,ssp585,2083,Polar,-0.14243929034016567,0.4692214605317838,0.32678217019161815,-0.6116607508719495
Omni,ssp585,2084,Polar,-0.12119375969960396,0.48099261013515354,0.3597988504355496,-0.6021863698347575
Omni,ssp585,2085,Polar,-0.14644749197605306,0.4862163528732654,0.33976886089721237,-0.6326638448493185
Omni,ssp585,2086,Polar,-0.13293611689325238,0.4812315485384602,0.3482954316452078,-0.6141676654317125
Omni,ssp585,2087,Polar,-0.15726238129907785,0.48330208237019223,0.32603970107111435,-0.6405644636692701
Omni,ssp585,2088,Polar,-0.13753164268991155,0.4974148456667814,0.3598832029768698,-0.634946488356693
Omni,ssp585,2089,Polar,-0.1320451503383105,0.4520647868502966,0.3200196365119861,-0.5841099371886072
Omni,ssp585,2090,Polar,-0.12653166959172085,0.4808666023796169,0.3543349327878961,-0.6073982719713378
Omni,ssp585,2091,Polar,-0.14919583533300235,0.4439811065302149,0.29478527119721254,-0.5931769418632172
Omni,ssp585,2092,Polar,-0.15672098204960386,0.4658757279022991,0.3091547458526952,-0.622596709951903
Omni,ssp585,2093,Polar,-0.1524263610512923,0.505703520842805,0.35327715979151275,-0.6581298818940973
Omni,ssp585,2094,Polar,-0.18404330475335595,0.47993800924021085,0.2958947044868549,-0.6639813139935669
Omni,ssp585,2095,Polar,-0.16590878692799282,0.4766040233829661,0.31069523645497327,-0.642512810310959
Omni,ssp585,2096,Polar,-0.14726700877746313,0.47713804537683857,0.32987103659937544,-0.6244050541543017
Omni,ssp585,2097,Polar,-0.1309094013650506,0.5244062405127101,0.39349683914765954,-0.6553156418777607
Omni,ssp585,2098,Polar,-0.15724972161917672,0.5075778235579951,0.35032810193881836,-0.6648275451771718
Omni,ssp585,2099,Polar,-0.15086251368019798,0.5139826721055936,0.3631201584253956,-0.6648451857857915
Omni,ssp585,2100,Polar,-0.14135316667716552,0.5031653494201682,0.3618121827430027,-0.6445185160973337
Omni,ssp126,1980,Temperate,0.004529204858674687,0.07302509395514675,0.07755429881382143,-0.06849588909647207
Omni,ssp126,1981,Temperate,-0.007363052676168924,0.07440020249457613,0.06703714981840721,-0.08176325517074505
Omni,ssp126,1982,Temperate,0.004357254503981446,0.07388738354037953,0.07824463804436098,-0.06953012903639809
Omni,ssp126,1983,Temperate,0.0011283511013826476,0.0765818761246517,0.07771022722603435,-0.07545352502326905
Omni,ssp126,1984,Temperate,-0.007169723056996413,0.07537497910035179,0.06820525604335538,-0.0825447021573482
Omni,ssp126,1985,Temperate,0.005316887447066345,0.0722484069092235,0.07756529435628985,-0.06693151946215715
Omni,ssp126,1986,Temperate,0.016884565510094034,0.07451564584907366,0.0914002113591677,-0.05763108033897963
Omni,ssp126,1987,Temperate,0.018568498153659928,0.0741572973786385,0.09272579553229843,-0.05558879922497858
Omni,ssp126,1988,Temperate,-0.0023621210006295424,0.07698461483976399,0.07462249383913444,-0.07934673584039353
Omni,ssp126,1989,Temperate,-0.011770767683229428,0.08304022899943117,0.07126946131620174,-0.0948109966826606
Omni,ssp126,1990,Temperate,-0.008907199424070826,0.07318999200902752,0.0642827925849567,-0.08209719143309835
Omni,ssp126,1991,Temperate,-0.013153894745526465,0.0827951792915768,0.06964128454605034,-0.09594907403710326
Omni,ssp126,1992,Temperate,-0.006199379406032953,0.07075325931573176,0.06455387990969881,-0.07695263872176471
Omni,ssp126,1993,Temperate,0.003756982634705681,0.0780221796950423,0.08177916232974798,-0.07426519706033662
Omni,ssp126,1994,Temperate,-0.004932192964813069,0.0863477277485492,0.08141553478373613,-0.09127992071336226
Omni,ssp126,1995,Temperate,0.011072244508757937,0.08332682977132165,0.09439907428007958,-0.07225458526256372
Omni,ssp126,1996,Temperate,-0.0035762540350891543,0.07421914467513824,0.07064289064004908,-0.07779539871022739
Omni,ssp126,1997,Temperate,0.004034026132388419,0.08068803332380871,0.08472205945619712,-0.07665400719142029
Omni,ssp126,1998,Temperate,0.012393924704772621,0.07139770919980178,0.08379163390457439,-0.05900378449502915
Omni,ssp126,1999,Temperate,-0.01449427326935196,0.07434876368858662,0.05985449041923466,-0.08884303695793858
Omni,ssp126,2000,Temperate,-0.0021130812935761063,0.0880947200111229,0.085981638717546785,-0.090207801304699
Omni,ssp126,2001,Temperate,0.0024158895037410828,0.09925456291519583,0.10167045241893691,-0.09683867341145475
Omni,ssp126,2002,Temperate,-2.420036953911215e-5,0.08653672395207669,0.08651252358253758,-0.0865609243216158
Omni,ssp126,2003,Temperate,-0.028873083755582975,0.08711776409412544,0.058244680338542465,-0.11599084784970842
Omni,ssp126,2004,Temperate,-0.009728485205416717,0.09271013488450314,0.08298164967908642,-0.10243862008991986
Omni,ssp126,2005,Temperate,-0.007050414755987683,0.09177611805202768,0.08472570329604,-0.09882653280801536
Omni,ssp126,2006,Temperate,-0.013616706776304588,0.09175993012537302,0.07814322334906844,-0.1053766369016776
Omni,ssp126,2007,Temperate,0.0052454135869088,0.09284651108297426,0.09809192466988306,-0.08760109749606546
Omni,ssp126,2008,Temperate,-0.007170642416478472,0.10538174122233884,0.09821109880586038,-0.11255238363881731
Omni,ssp126,2009,Temperate,0.023192735546226573,0.10303814913824942,0.126230884684476,-0.07984541359202285
Omni,ssp126,2010,Temperate,0.026993684353385526,0.09583479507778445,0.12282847943116998,-0.06884111072439891
Omni,ssp126,2011,Temperate,-0.00555306920983944,0.08191590759814293,0.07636283838830349,-0.08746897680798238
Omni,ssp126,2012,Temperate,0.0027127992550079914,0.09203791135848614,0.09475071061349413,-0.08932511210347815
Omni,ssp126,2013,Temperate,-0.004414119089891767,0.08461214804893874,0.08019802895904697,-0.08902626713883051
Omni,ssp126,2014,Temperate,-0.014078070099139951,0.09011154632725123,0.07603347622811127,-0.10418961642639119
Omni,ssp126,2015,Temperate,5.902882121881106e-4,0.09167887229597062,0.09226916050815873,-0.09108858408378251
Omni,ssp126,2016,Temperate,-0.017471514057306195,0.08833482438391033,0.07086331032660413,-0.10580633844121652
Omni,ssp126,2017,Temperate,-0.03519846371680834,0.09804819976992359,0.06284973605311525,-0.13324666348673192
Omni,ssp126,2018,Temperate,-0.0183158209744693,0.09738582506095314,0.07907000408648385,-0.11570164603542243
Omni,ssp126,2019,Temperate,-0.022451204077537805,0.09669638258565248,0.07424517850811468,-0.11914758666319028
Omni,ssp126,2020,Temperate,-0.0016896473946064184,0.10060474758053466,0.09891510018592824,-0.10229439497514108
Omni,ssp126,2021,Temperate,-0.016063702035671774,0.11054392785948386,0.09448022582381209,-0.12660762989515564
Omni,ssp126,2022,Temperate,-0.013637853473358878,0.0905454663620967,0.07690761288873782,-0.10418331983545559
Omni,ssp126,2023,Temperate,-0.02518881669842344,0.09438839629674013,0.06919957959831669,-0.11957721299516358
Omni,ssp126,2024,Temperate,-0.0060837445125023655,0.10363136048761105,0.09754761597510869,-0.10971510500011342
Omni,ssp126,2025,Temperate,-0.02846794003610708,0.1034571058552043,0.07498916581909723,-0.13192504589131138
Omni,ssp126,2026,Temperate,0.0057769974759263425,0.09981852284153404,0.10559552031746039,-0.0940415253656077
Omni,ssp126,2027,Temperate,0.007121921142266114,0.101688780057647,0.10881070119991312,-0.09456685891538089
Omni,ssp126,2028,Temperate,-0.006233602950686729,0.10137654924599239,0.09514294629530566,-0.10761015219667912
Omni,ssp126,2029,Temperate,0.0029719945219452495,0.10194269466030101,0.10491468918224625,-0.09897070013835577
Omni,ssp126,2030,Temperate,-0.018093559587248384,0.10119688149632426,0.08310332190907588,-0.11929044108357265
Omni,ssp126,2031,Temperate,-0.02007729843648369,0.09409549035126569,0.074018191914782,-0.11417278878774938
Omni,ssp126,2032,Temperate,-0.004080190643955605,0.10136579825794127,0.09728560761398566,-0.10544598890189688
Omni,ssp126,2033,Temperate,-0.006720469751197682,0.1036120688240679,0.09689159907287022,-0.11033253857526558
Omni,ssp126,2034,Temperate,1.5941701998325346e-4,0.10435340517386504,0.1045128221938483,-0.10419398815388178
Omni,ssp126,2035,Temperate,-0.019431044822862363,0.09179938984175212,0.07236834501888975,-0.11123043466461449
Omni,ssp126,2036,Temperate,-0.007344365027906035,0.10931729250977952,0.10197292748187349,-0.11666165753768555
Omni,ssp126,2037,Temperate,-4.418172698111314e-4,0.10997821568972961,0.10953639841991848,-0.11042003295954074
Omni,ssp126,2038,Temperate,0.017443758525169276,0.10255385075241073,0.11999760927758,-0.08511009222724146
Omni,ssp126,2039,Temperate,0.014942181522455775,0.11949158432135588,0.13443376584381167,-0.10454940279890011
Omni,ssp126,2040,Temperate,0.021858820125399185,0.12058425711117125,0.14244307723657043,-0.09872543698577207
Omni,ssp126,2041,Temperate,-4.292146275491882e-4,0.11582571437711635,0.11539649974956716,-0.11625492900466554
Omni,ssp126,2042,Temperate,-0.008924190587451024,0.1092311972739918,0.10030700668654077,-0.11815538786144283
Omni,ssp126,2043,Temperate,-0.009248829391715872,0.10523861360606618,0.09598978421435031,-0.11448744299778205
Omni,ssp126,2044,Temperate,0.012358568712629917,0.11821109646660972,0.13056966517923965,-0.10585252775397981
Omni,ssp126,2045,Temperate,-0.01316371216633904,0.11159055718075404,0.09842684501441501,-0.12475426934709308
Omni,ssp126,2046,Temperate,0.019012094799786473,0.11877162253478174,0.1377837173345682,-0.09975952773499527
Omni,ssp126,2047,Temperate,0.014860814677387119,0.11505925213179212,0.12992006680917922,-0.100198437454405
Omni,ssp126,2048,Temperate,0.008621670785237675,0.12214776717712089,0.13076943796235857,-0.11352609639188321
Omni,ssp126,2049,Temperate,-0.0024247469655531034,0.11871244995433133,0.11628770298877823,-0.12113719691988444
Omni,ssp126,2050,Temperate,0.007922649251021584,0.1286772317723893,0.1365998810234109,-0.12075458252136771
Omni,ssp126,2051,Temperate,-0.004127476792605151,0.12608809520972453,0.12196061841711937,-0.13021557200232967
Omni,ssp126,2052,Temperate,0.024050203474197264,0.12584346442606065,0.1498936679002579,-0.10179326095186339
Omni,ssp126,2053,Temperate,0.020938957116282676,0.134156472050964,0.1550954291672467,-0.11321751493468134
Omni,ssp126,2054,Temperate,0.003992182797603588,0.12474015695536665,0.12873233975297024,-0.12074797415776306
Omni,ssp126,2055,Temperate,0.012402384415023476,0.1309841277834415,0.143386512198465,-0.11858174336841804
Omni,ssp126,2056,Temperate,0.012526095335416395,0.115619309756805,0.1281454050922214,-0.10309321442138861
Omni,ssp126,2057,Temperate,-0.004215434761132175,0.12574881221672315,0.12153337745559098,-0.12996424697785533
Omni,ssp126,2058,Temperate,0.008690370626886573,0.12640292366771855,0.13509329429460512,-0.11771255304083197
Omni,ssp126,2059,Temperate,0.029257626265791835,0.1292543527707636,0.15851197903655545,-0.09999672650497177
Omni,ssp126,2060,Temperate,0.017603222468923648,0.12970579994838055,0.1473090224173042,-0.1121025774794569
Omni,ssp126,2061,Temperate,0.014283329996887709,0.12255367481134852,0.13683700480823624,-0.10827034481446081
Omni,ssp126,2062,Temperate,0.03830847082190021,0.12041595595516935,0.15872442677706955,-0.08210748513326914
Omni,ssp126,2063,Temperate,0.003821890470169868,0.12225274268202993,0.1260746331521998,-0.11843085221186006
Omni,ssp126,2064,Temperate,0.018577503013789447,0.12763737123467742,0.14621487424846685,-0.10905986822088796
Omni,ssp126,2065,Temperate,0.009031542377735999,0.1236053137137331,0.13263685609146908,-0.1145737713359971
Omni,ssp126,2066,Temperate,0.024730739860193862,0.12408525266601454,0.14881599252620842,-0.09935451280582068
Omni,ssp126,2067,Temperate,0.0014110803871529628,0.12825879527105657,0.12966987565820953,-0.12684771488390362
Omni,ssp126,2068,Temperate,-0.00419250400469799,0.11090006238800955,0.10670755838331156,-0.11509256639270754
Omni,ssp126,2069,Temperate,-0.004660014395207094,0.11432108511817407,0.10966107072296698,-0.11898109951338116
Omni,ssp126,2070,Temperate,0.02284556282499672,0.11847283951752245,0.14131840234251916,-0.09562727669252573
Omni,ssp126,2071,Temperate,0.0032344133835888076,0.12944100627504007,0.1326754196586289,-0.12620659289145125
Omni,ssp126,2072,Temperate,8.426714387636157e-4,0.128371013471905,0.12921368491066862,-0.12752834203314137
Omni,ssp126,2073,Temperate,-0.0017159267833046195,0.11815755887919187,0.11644163209588725,-0.11987348566249649
Omni,ssp126,2074,Temperate,0.018139839657832765,0.12204934039916081,0.14018918005699357,-0.10390950074132804
Omni,ssp126,2075,Temperate,0.0026819909282364586,0.10962870478212246,0.11231069571035891,-0.106946713853886
Omni,ssp126,2076,Temperate,0.0019010900877393217,0.11840015920493792,0.12030124929267724,-0.1164990691171986
Omni,ssp126,2077,Temperate,-0.01791911866640413,0.11583452382494829,0.09791540515854416,-0.1337536424913524
Omni,ssp126,2078,Temperate,-0.016504467262794677,0.12717190003564674,0.11066743277285207,-0.1436763672984414
Omni,ssp126,2079,Temperate,3.9860771583924616e-4,0.12313354461316474,0.12353215232900398,-0.1227349368973255
Omni,ssp126,2080,Temperate,0.018340845207204876,0.12110007012200895,0.13944091532921382,-0.10275922491480408
Omni,ssp126,2081,Temperate,0.00629617597307485,0.10813587974264315,0.11443205571571799,-0.1018397037695683
Omni,ssp126,2082,Temperate,-0.0056559995447462985,0.11334564295536675,0.10768964341062046,-0.11900164250011305
Omni,ssp126,2083,Temperate,-0.013329917867498176,0.11327540492831542,0.09994548706081724,-0.1266053227958136
Omni,ssp126,2084,Temperate,-0.007207506836785166,0.12428568291413104,0.11707817607734587,-0.1314931897509162
Omni,ssp126,2085,Temperate,-0.016866373641336557,0.1173514243089848,0.10048505066764825,-0.13421779795032135
Omni,ssp126,2086,Temperate,7.012898566705708e-4,0.12211314526472306,0.12281443512139363,-0.12141185540805248
Omni,ssp126,2087,Temperate,-0.019198231517195782,0.12672484165467482,0.10752661013747904,-0.1459230731718706
Omni,ssp126,2088,Temperate,-0.01740943887780852,0.13831521991570095,0.12090578103789243,-0.15572465879350947
Omni,ssp126,2089,Temperate,-0.018215594973691695,0.1393660965451042,0.12115050157141251,-0.1575816915187959
Omni,ssp126,2090,Temperate,-0.01814343959005363,0.12314635622535333,0.1050029166352997,-0.14128979581540696
Omni,ssp126,2091,Temperate,-0.0046697781347578085,0.13474827320157745,0.13007849506681965,-0.13941805133633525
Omni,ssp126,2092,Temperate,-0.012787575607344268,0.11798970426611759,0.10520212865877332,-0.13077727987346185
Omni,ssp126,2093,Temperate,0.002522487299391552,0.14860455722033883,0.15112704451973039,-0.14608206992094727
Omni,ssp126,2094,Temperate,0.0040085671712775045,0.14474582902934982,0.14875439620062733,-0.1407372618580723
Omni,ssp126,2095,Temperate,0.007773782108148211,0.1440615566669644,0.15183533877511263,-0.1362877745588162
Omni,ssp126,2096,Temperate,0.0033916267397266567,0.13975954856748568,0.14315117530721233,-0.13636792182775903
Omni,ssp126,2097,Temperate,-0.022532633428216934,0.1297697786920005,0.10723714526378356,-0.15230241212021742
Omni,ssp126,2098,Temperate,-0.019515702000226846,0.13196343792530157,0.11244773592507473,-0.15147913992552842
Omni,ssp126,2099,Temperate,0.002067544057674688,0.1335919484300332,0.13565949248770787,-0.13152440437235852
Omni,ssp126,2100,Temperate,-0.0031139683530078577,0.12101906025314504,0.11790509190013719,-0.1241330286061529
Omni,ssp370,1980,Temperate,0.004529204858674687,0.07302509395514675,0.07755429881382143,-0.06849588909647207
Omni,ssp370,1981,Temperate,-0.007363052676168924,0.07440020249457613,0.06703714981840721,-0.08176325517074505
Omni,ssp370,1982,Temperate,0.004357254503981446,0.07388738354037953,0.07824463804436098,-0.06953012903639809
Omni,ssp370,1983,Temperate,0.0011283511013826476,0.0765818761246517,0.07771022722603435,-0.07545352502326905
Omni,ssp370,1984,Temperate,-0.007169723056996413,0.07537497910035179,0.06820525604335538,-0.0825447021573482
Omni,ssp370,1985,Temperate,0.005316887447066345,0.0722484069092235,0.07756529435628985,-0.06693151946215715
Omni,ssp370,1986,Temperate,0.016884565510094034,0.07451564584907366,0.0914002113591677,-0.05763108033897963
Omni,ssp370,1987,Temperate,0.018568498153659928,0.0741572973786385,0.09272579553229843,-0.05558879922497858
Omni,ssp370,1988,Temperate,-0.0023621210006295424,0.07698461483976399,0.07462249383913444,-0.07934673584039353
Omni,ssp370,1989,Temperate,-0.011770767683229428,0.08304022899943117,0.07126946131620174,-0.0948109966826606
Omni,ssp370,1990,Temperate,-0.008907199424070826,0.07318999200902752,0.0642827925849567,-0.08209719143309835
Omni,ssp370,1991,Temperate,-0.013153894745526465,0.0827951792915768,0.06964128454605034,-0.09594907403710326
Omni,ssp370,1992,Temperate,-0.006199379406032953,0.07075325931573176,0.06455387990969881,-0.07695263872176471
Omni,ssp370,1993,Temperate,0.003756982634705681,0.0780221796950423,0.08177916232974798,-0.07426519706033662
Omni,ssp370,1994,Temperate,-0.004932192964813069,0.0863477277485492,0.08141553478373613,-0.09127992071336226
Omni,ssp370,1995,Temperate,0.011072244508757937,0.08332682977132165,0.09439907428007958,-0.07225458526256372
Omni,ssp370,1996,Temperate,-0.0035762540350891543,0.07421914467513824,0.07064289064004908,-0.07779539871022739
Omni,ssp370,1997,Temperate,0.004034026132388419,0.08068803332380871,0.08472205945619712,-0.07665400719142029
Omni,ssp370,1998,Temperate,0.012393924704772621,0.07139770919980178,0.08379163390457439,-0.05900378449502915
Omni,ssp370,1999,Temperate,-0.01449427326935196,0.07434876368858662,0.05985449041923466,-0.08884303695793858
Omni,ssp370,2000,Temperate,-0.0021130812935761063,0.0880947200111229,0.085981638717546785,-0.090207801304699
Omni,ssp370,2001,Temperate,0.0024158895037410828,0.09925456291519583,0.10167045241893691,-0.09683867341145475
Omni,ssp370,2002,Temperate,-2.420036953911215e-5,0.08653672395207669,0.08651252358253758,-0.0865609243216158
Omni,ssp370,2003,Temperate,-0.028873083755582975,0.08711776409412544,0.058244680338542465,-0.11599084784970842
Omni,ssp370,2004,Temperate,-0.009728485205416717,0.09271013488450314,0.08298164967908642,-0.10243862008991986
Omni,ssp370,2005,Temperate,-0.007050414755987683,0.09177611805202768,0.08472570329604,-0.09882653280801536
Omni,ssp370,2006,Temperate,-0.013616706776304588,0.09175993012537302,0.07814322334906844,-0.1053766369016776
Omni,ssp370,2007,Temperate,0.0052454135869088,0.09284651108297426,0.09809192466988306,-0.08760109749606546
Omni,ssp370,2008,Temperate,-0.007170642416478472,0.10538174122233884,0.09821109880586038,-0.11255238363881731
Omni,ssp370,2009,Temperate,0.023192735546226573,0.10303814913824942,0.126230884684476,-0.07984541359202285
Omni,ssp370,2010,Temperate,0.026993684353385526,0.09583479507778445,0.12282847943116998,-0.06884111072439891
Omni,ssp370,2011,Temperate,-0.00555306920983944,0.08191590759814293,0.07636283838830349,-0.08746897680798238
Omni,ssp370,2012,Temperate,0.0027127992550079914,0.09203791135848614,0.09475071061349413,-0.08932511210347815
Omni,ssp370,2013,Temperate,-0.004414119089891767,0.08461214804893874,0.08019802895904697,-0.08902626713883051
Omni,ssp370,2014,Temperate,-0.014078070099139951,0.09011154632725123,0.07603347622811127,-0.10418961642639119
Omni,ssp370,2015,Temperate,0.001914683185919272,0.09867868786604747,0.10059337105196674,-0.0967640046801282
Omni,ssp370,2016,Temperate,0.003125845917672565,0.09048703169105389,0.09361287760872646,-0.08736118577338133
Omni,ssp370,2017,Temperate,0.01734458978394341,0.08314615156927425,0.10049074135321767,-0.06580156178533084
Omni,ssp370,2018,Temperate,0.0021809825204351417,0.0986107730653549,0.10079175558579004,-0.09642979054491976
Omni,ssp370,2019,Temperate,-0.03045558467172206,0.09451434858517285,0.06405876391345079,-0.12496993325689491
Omni,ssp370,2020,Temperate,-0.007756518361713205,0.10266693888477682,0.09491042052306362,-0.11042345724649003
Omni,ssp370,2021,Temperate,0.006425450281473122,0.08525078752292392,0.09167623780439704,-0.0788253372414508
Omni,ssp370,2022,Temperate,0.0066884806506237165,0.10195822030900145,0.10864670095962517,-0.09526973965837773
Omni,ssp370,2023,Temperate,-0.026125157350195813,0.1013335811208369,0.07520842377064109,-0.12745873847103273
Omni,ssp370,2024,Temperate,-0.0200612559255312,0.09835119220349932,0.07828993627796813,-0.11841244812903051
Omni,ssp370,2025,Temperate,-0.0028670751474900885,0.10077861243440807,0.09791153728691798,-0.10364568758189815
Omni,ssp370,2026,Temperate,-0.02211307250639675,0.09416786418424693,0.07205479167785017,-0.11628093669064368
Omni,ssp370,2027,Temperate,-0.013297745708789374,0.09488603316577456,0.08158828745698518,-0.10818377887456393
Omni,ssp370,2028,Temperate,-0.00768835915429659,0.09933774606285169,0.09164938690855509,-0.10702610521714828
Omni,ssp370,2029,Temperate,-0.0038098802652058793,0.102828589240912,0.09901870897570612,-0.10663846950611787
Omni,ssp370,2030,Temperate,-0.005576586550541841,0.09846710736271727,0.09289052081217543,-0.10404369391325911
Omni,ssp370,2031,Temperate,-0.006550631241509735,0.11015560883246157,0.10360497759095184,-0.1167062400739713
Omni,ssp370,2032,Temperate,0.01033405466414903,0.11726053607618812,0.12759459074033716,-0.10692648141203909
Omni,ssp370,2033,Temperate,0.006199873630594568,0.12008641347272929,0.12628628710332385,-0.11388653984213472
Omni,ssp370,2034,Temperate,-0.015585533002876243,0.11724912003349643,0.10166358703062019,-0.13283465303637268
Omni,ssp370,2035,Temperate,-0.0022382775092380934,0.11501425941613726,0.11277598190689916,-0.11725253692537535
Omni,ssp370,2036,Temperate,0.001998621320122001,0.11668407863161337,0.11868269995173537,-0.11468545731149137
Omni,ssp370,2037,Temperate,-0.005468472711399509,0.11769795919428716,0.11222948648288765,-0.12316643190568667
Omni,ssp370,2038,Temperate,0.008943512333199434,0.10767197722198785,0.11661548955518727,-0.09872846488878842
Omni,ssp370,2039,Temperate,-0.002020721775255572,0.10575381546368187,0.1037330936884263,-0.10777453723893744
Omni,ssp370,2040,Temperate,-0.012328899765639709,0.1013138791206794,0.0889849793550397,-0.11364277888631912
Omni,ssp370,2041,Temperate,-0.03264991008619826,0.10934515718771513,0.07669524710151687,-0.1419950672739134
Omni,ssp370,2042,Temperate,0.0016114586740374882,0.10674328492269264,0.10835474359673013,-0.10513182624865515
Omni,ssp370,2043,Temperate,-0.032429539107902194,0.10564982287352793,0.07322028376562574,-0.13807936198143012
Omni,ssp370,2044,Temperate,-0.012035019247722788,0.11707186718790699,0.1050368479401842,-0.1291068864356298
Omni,ssp370,2045,Temperate,0.0020288309784987114,0.10883778557539932,0.11086661655389803,-0.10680895459690061
Omni,ssp370,2046,Temperate,-0.015840794569088365,0.11150945349038706,0.0956686589212987,-0.12735024805947542
Omni,ssp370,2047,Temperate,-0.0014313002120882616,0.11481940550425077,0.1133881052921625,-0.11625070571633903
Omni,ssp370,2048,Temperate,-0.01352907192068482,0.1080344807306465,0.09450540880996168,-0.12156355265133133
Omni,ssp370,2049,Temperate,-0.008677441110737878,0.1094802859022311,0.10080284479149323,-0.11815772701296898
Omni,ssp370,2050,Temperate,-0.01859715063530754,0.12127798790353227,0.10268083726822473,-0.13987513853883982
Omni,ssp370,2051,Temperate,0.0020689513751901843,0.11292979427889208,0.11499874565408226,-0.11086084290370189
Omni,ssp370,2052,Temperate,0.001347468610475098,0.12193386583015985,0.12328133444063494,-0.12058639721968475
Omni,ssp370,2053,Temperate,-0.0012435547125288179,0.11339963885969848,0.11215608414716965,-0.1146431935722273
Omni,ssp370,2054,Temperate,-0.012140996179943884,0.11182765032532825,0.09968665414538437,-0.12396864650527213
Omni,ssp370,2055,Temperate,-0.01485983403378869,0.10634868835539861,0.09148885432160991,-0.1212085223891873
Omni,ssp370,2056,Temperate,-0.014634898462579246,0.12149937439556044,0.10686447593298119,-0.13613427285813967
Omni,ssp370,2057,Temperate,-0.02183285994196304,0.11202114516455097,0.09018828522258793,-0.13385400510651402
Omni,ssp370,2058,Temperate,-0.012296288964263663,0.11336168023485224,0.10106539127058858,-0.1256579691991159
Omni,ssp370,2059,Temperate,-0.019606835837086674,0.12823778062645086,0.10863094478936419,-0.14784461646353753
Omni,ssp370,2060,Temperate,0.005398658891626799,0.12094767877907668,0.12634633767070347,-0.11554901988744988
Omni,ssp370,2061,Temperate,-0.005114464685673262,0.12593226194519214,0.12081779725951887,-0.1310467266308654
Omni,ssp370,2062,Temperate,-0.013829457208791737,0.11663757943131992,0.10280812222252818,-0.13046703664011167
Omni,ssp370,2063,Temperate,0.0015826203442720526,0.12071099997917058,0.12229362032344263,-0.11912837963489853
Omni,ssp370,2064,Temperate,0.003844224293689901,0.13271828994824608,0.136562514241936,-0.12887406565455617
Omni,ssp370,2065,Temperate,-0.008345360000805387,0.11946569115414807,0.11112033115334269,-0.12781105115495345
Omni,ssp370,2066,Temperate,-0.03003225850279887,0.13410113289072909,0.10406887438793022,-0.16413339139352795
Omni,ssp370,2067,Temperate,-0.025626224575932117,0.14733127600496937,0.12170505142903726,-0.17295750058090148
Omni,ssp370,2068,Temperate,-0.010434713776763933,0.13507426104030282,0.12463954726353889,-0.14550897481706676
Omni,ssp370,2069,Temperate,-0.007896437537083738,0.1396399520558671,0.13174351451878336,-0.14753638959295085
Omni,ssp370,2070,Temperate,-0.014199292023489265,0.16272621283915223,0.14852692081566296,-0.1769255048626415
Omni,ssp370,2071,Temperate,-0.014867187139014415,0.16191316538327713,0.14704597824426272,-0.17678035252229155
Omni,ssp370,2072,Temperate,-0.032023352556776866,0.14399543802604328,0.11197208546926642,-0.17601879058282016
Omni,ssp370,2073,Temperate,-0.021348436282701715,0.13998555306996058,0.11863711678725886,-0.1613339893526623
Omni,ssp370,2074,Temperate,-0.02483749847735646,0.13858892976948417,0.11375143129212771,-0.16342642824684062
Omni,ssp370,2075,Temperate,-0.037421689650297935,0.1466029308021847,0.10918124115188677,-0.18402462045248263
Omni,ssp370,2076,Temperate,-0.030719162320661846,0.13668047939234157,0.10596131707167972,-0.16739964171300342
Omni,ssp370,2077,Temperate,-0.014138248102302258,0.15106339118605103,0.13692514308374876,-0.1652016392883533
Omni,ssp370,2078,Temperate,-0.015418581550204176,0.14916681074141747,0.1337482291912133,-0.16458539229162164
Omni,ssp370,2079,Temperate,-0.03336447146377314,0.15391760621757986,0.12055313475380672,-0.187282077681353
Omni,ssp370,2080,Temperate,-0.029273996368272413,0.14071826233488652,0.11144426596661411,-0.16999225870315893
Omni,ssp370,2081,Temperate,-0.036093217247462776,0.1469445471226096,0.11085132987514681,-0.18303776437007238
Omni,ssp370,2082,Temperate,-0.02758088818259611,0.1651802453977874,0.1375993572151913,-0.1927611335803835
Omni,ssp370,2083,Temperate,-0.009231621923756555,0.15251764188221298,0.1432860199584564,-0.16174926380596955
Omni,ssp370,2084,Temperate,-0.007416842423373836,0.1624037737596123,0.15498693133623845,-0.16982061618298613
Omni,ssp370,2085,Temperate,-0.002858330965414495,0.18386568399318118,0.1810073530277667,-0.18672401495859567
Omni,ssp370,2086,Temperate,-0.021660050649170745,0.16808111918319907,0.1464210685340283,-0.18974116983236983
Omni,ssp370,2087,Temperate,-0.012040080278481975,0.16992019501768127,0.1578801147391993,-0.18196027529616324
Omni,ssp370,2088,Temperate,-0.027085759108453955,0.15371080440368842,0.12662504529523447,-0.18079656351214238
Omni,ssp370,2089,Temperate,-0.0011708316156875636,0.1776070425476471,0.17643621093195952,-0.17877787416333465
Omni,ssp370,2090,Temperate,-0.039475232172664285,0.15913914231146165,0.11966391013879736,-0.19861437448412594
Omni,ssp370,2091,Temperate,-0.030056826576109186,0.1726659374822904,0.1426091109061812,-0.2027227640583996
Omni,ssp370,2092,Temperate,-0.04235829903196554,0.18144338572899,0.13908508669702446,-0.22380168476095552
Omni,ssp370,2093,Temperate,-0.02459168507933967,0.18320257944146517,0.1586108943621255,-0.20779426452080485
Omni,ssp370,2094,Temperate,-0.02747915513429542,0.1760031819702067,0.1485240268359113,-0.20348233710450211
Omni,ssp370,2095,Temperate,-0.0263015807307507,0.1869419552867918,0.1606403745560411,-0.2132435360175425
Omni,ssp370,2096,Temperate,-0.03586026530555021,0.18532964176657052,0.14946937646102032,-0.22118990707212072
Omni,ssp370,2097,Temperate,-0.021995755356869245,0.17469739829799624,0.152701642941127,-0.19669315365486548
Omni,ssp370,2098,Temperate,-0.02580828233512417,0.1729902614660694,0.14718197913094525,-0.19879854380119358
Omni,ssp370,2099,Temperate,-0.034359178806477694,0.18475236495740166,0.15039318615092395,-0.21911154376387937
Omni,ssp370,2100,Temperate,-0.03492336648746223,0.17890213856243128,0.14397877207496906,-0.2138255050498935
Omni,ssp585,1980,Temperate,0.004529204858674687,0.07302509395514675,0.07755429881382143,-0.06849588909647207
Omni,ssp585,1981,Temperate,-0.007363052676168924,0.07440020249457613,0.06703714981840721,-0.08176325517074505
Omni,ssp585,1982,Temperate,0.004357254503981446,0.07388738354037953,0.07824463804436098,-0.06953012903639809
Omni,ssp585,1983,Temperate,0.0011283511013826476,0.0765818761246517,0.07771022722603435,-0.07545352502326905
Omni,ssp585,1984,Temperate,-0.007169723056996413,0.07537497910035179,0.06820525604335538,-0.0825447021573482
Omni,ssp585,1985,Temperate,0.005316887447066345,0.0722484069092235,0.07756529435628985,-0.06693151946215715
Omni,ssp585,1986,Temperate,0.016884565510094034,0.07451564584907366,0.0914002113591677,-0.05763108033897963
Omni,ssp585,1987,Temperate,0.018568498153659928,0.0741572973786385,0.09272579553229843,-0.05558879922497858
Omni,ssp585,1988,Temperate,-0.0023621210006295424,0.07698461483976399,0.07462249383913444,-0.07934673584039353
Omni,ssp585,1989,Temperate,-0.011770767683229428,0.08304022899943117,0.07126946131620174,-0.0948109966826606
Omni,ssp585,1990,Temperate,-0.008907199424070826,0.07318999200902752,0.0642827925849567,-0.08209719143309835
Omni,ssp585,1991,Temperate,-0.013153894745526465,0.0827951792915768,0.06964128454605034,-0.09594907403710326
Omni,ssp585,1992,Temperate,-0.006199379406032953,0.07075325931573176,0.06455387990969881,-0.07695263872176471
Omni,ssp585,1993,Temperate,0.003756982634705681,0.0780221796950423,0.08177916232974798,-0.07426519706033662
Omni,ssp585,1994,Temperate,-0.004932192964813069,0.0863477277485492,0.08141553478373613,-0.09127992071336226
Omni,ssp585,1995,Temperate,0.011072244508757937,0.08332682977132165,0.09439907428007958,-0.07225458526256372
Omni,ssp585,1996,Temperate,-0.0035762540350891543,0.07421914467513824,0.07064289064004908,-0.07779539871022739
Omni,ssp585,1997,Temperate,0.004034026132388419,0.08068803332380871,0.08472205945619712,-0.07665400719142029
Omni,ssp585,1998,Temperate,0.012393924704772621,0.07139770919980178,0.08379163390457439,-0.05900378449502915
Omni,ssp585,1999,Temperate,-0.01449427326935196,0.07434876368858662,0.05985449041923466,-0.08884303695793858
Omni,ssp585,2000,Temperate,-0.0021130812935761063,0.0880947200111229,0.085981638717546785,-0.090207801304699
Omni,ssp585,2001,Temperate,0.0024158895037410828,0.09925456291519583,0.10167045241893691,-0.09683867341145475
Omni,ssp585,2002,Temperate,-2.420036953911215e-5,0.08653672395207669,0.08651252358253758,-0.0865609243216158
Omni,ssp585,2003,Temperate,-0.028873083755582975,0.08711776409412544,0.058244680338542465,-0.11599084784970842
Omni,ssp585,2004,Temperate,-0.009728485205416717,0.09271013488450314,0.08298164967908642,-0.10243862008991986
Omni,ssp585,2005,Temperate,-0.007050414755987683,0.09177611805202768,0.08472570329604,-0.09882653280801536
Omni,ssp585,2006,Temperate,-0.013616706776304588,0.09175993012537302,0.07814322334906844,-0.1053766369016776
Omni,ssp585,2007,Temperate,0.0052454135869088,0.09284651108297426,0.09809192466988306,-0.08760109749606546
Omni,ssp585,2008,Temperate,-0.007170642416478472,0.10538174122233884,0.09821109880586038,-0.11255238363881731
Omni,ssp585,2009,Temperate,0.023192735546226573,0.10303814913824942,0.126230884684476,-0.07984541359202285
Omni,ssp585,2010,Temperate,0.026993684353385526,0.09583479507778445,0.12282847943116998,-0.06884111072439891
Omni,ssp585,2011,Temperate,-0.00555306920983944,0.08191590759814293,0.07636283838830349,-0.08746897680798238
Omni,ssp585,2012,Temperate,0.0027127992550079914,0.09203791135848614,0.09475071061349413,-0.08932511210347815
Omni,ssp585,2013,Temperate,-0.004414119089891767,0.08461214804893874,0.08019802895904697,-0.08902626713883051
Omni,ssp585,2014,Temperate,-0.014078070099139951,0.09011154632725123,0.07603347622811127,-0.10418961642639119
Omni,ssp585,2015,Temperate,0.0012357476076122272,0.0942837314877684,0.09551947909538064,-0.09304798388015617
Omni,ssp585,2016,Temperate,-0.032361824409113754,0.09716433278689389,0.06480250837778014,-0.12952615719600763
Omni,ssp585,2017,Temperate,0.008993680032638136,0.10287569208830645,0.11186937212094458,-0.09388201205566832
Omni,ssp585,2018,Temperate,0.013197262760433575,0.11329057789332844,0.126487840653762,-0.10009331513289486
Omni,ssp585,2019,Temperate,0.0048016515805840545,0.1033273289169042,0.10812898049748826,-0.09852567733632014
Omni,ssp585,2020,Temperate,-0.023870702734502345,0.09786023156155967,0.07398952882705732,-0.12173093429606201
Omni,ssp585,2021,Temperate,0.006004401670634029,0.10011040147762235,0.10611480314825637,-0.09410599980698832
Omni,ssp585,2022,Temperate,-0.002790179126256242,0.1013018567710899,0.09851167764483365,-0.10409203589734614
Omni,ssp585,2023,Temperate,-0.008579781679760153,0.10703107239069942,0.09845129071093928,-0.11561085407045957
Omni,ssp585,2024,Temperate,0.008014939756676538,0.10453859556438232,0.11255353532105886,-0.09652365580770578
Omni,ssp585,2025,Temperate,0.009333653455939686,0.09879070840581797,0.10812436186175765,-0.08945705494987828
Omni,ssp585,2026,Temperate,-5.402313550607338e-4,0.11096797864109764,0.11042774728603691,-0.11150820999615838
Omni,ssp585,2027,Temperate,-0.010000768334171357,0.0971884649203347,0.08718769658616335,-0.10718923325450605
Omni,ssp585,2028,Temperate,0.018330389143813117,0.11757548287738906,0.1359058720212022,-0.09924509373357594
Omni,ssp585,2029,Temperate,0.013883152530343298,0.09869734970776425,0.11258050223810755,-0.08481419717742096
Omni,ssp585,2030,Temperate,-0.0043946006553329895,0.11082313288044714,0.10642853222511414,-0.11521773353578013
Omni,ssp585,2031,Temperate,-0.0010850589671020099,0.11321091322105388,0.11212585425395187,-0.11429597218815589
Omni,ssp585,2032,Temperate,-0.009311928508559952,0.11738490911358243,0.10807298060502248,-0.12669683762214237
Omni,ssp585,2033,Temperate,-0.013932209924104502,0.10801109413404097,0.09407888420993647,-0.12194330405814548
Omni,ssp585,2034,Temperate,0.011413530795904217,0.1194435369778681,0.13085706777377232,-0.10803000618196387
Omni,ssp585,2035,Temperate,-0.015364291119259028,0.11032816940547546,0.09496387828621644,-0.12569246052473448
Omni,ssp585,2036,Temperate,-0.004425457758319177,0.11865028253389188,0.1142248247755727,-0.12307574029221106
Omni,ssp585,2037,Temperate,0.008793881469187732,0.12142096639448166,0.13021484786366938,-0.11262708492529393
Omni,ssp585,2038,Temperate,2.3638417740184828e-4,0.10811675645722976,0.10835314063463161,-0.10788037227982791
Omni,ssp585,2039,Temperate,-0.010903008592840172,0.10162499891548092,0.09072199032264075,-0.11252800750832109
Omni,ssp585,2040,Temperate,0.011592528215870965,0.12108681316133149,0.13267934137720244,-0.10949428494546053
Omni,ssp585,2041,Temperate,6.504995599950496e-6,0.10887309574462604,0.108879600740226,-0.10886659074902609
Omni,ssp585,2042,Temperate,0.005963796803224678,0.11289755549781748,0.11886135230104215,-0.1069337586945928
Omni,ssp585,2043,Temperate,-0.008768198724837327,0.11370634720261669,0.10493814847777935,-0.12247454592745402
Omni,ssp585,2044,Temperate,-0.006290704206943965,0.11285696043057739,0.10656625622363342,-0.11914766463752136
Omni,ssp585,2045,Temperate,-0.010628340832831776,0.11049095985755576,0.09986261902472399,-0.12111930069038754
Omni,ssp585,2046,Temperate,0.009304115418040482,0.13163492709841965,0.14093904251646014,-0.12233081168037917
Omni,ssp585,2047,Temperate,0.016069776492977375,0.14694677562758948,0.16301655212056687,-0.1308769991346121
Omni,ssp585,2048,Temperate,0.015616599548852405,0.1285393798988404,0.14415597944769282,-0.112922780349988
Omni,ssp585,2049,Temperate,-0.0038511485478231596,0.11879194962823816,0.114940801080415,-0.12264309817606132
Omni,ssp585,2050,Temperate,6.264704433354008e-4,0.13348107890551486,0.13410754934885027,-0.13285460846217945
Omni,ssp585,2051,Temperate,0.009893458649295132,0.13103767797671395,0.1409311366260091,-0.12114421932741881
Omni,ssp585,2052,Temperate,5.885023462249555e-4,0.12407848778032508,0.12466699012655004,-0.12348998543410013
Omni,ssp585,2053,Temperate,0.009062372282593179,0.12122455384836313,0.1302869261309563,-0.11216218156576994
Omni,ssp585,2054,Temperate,0.003770999152365105,0.12185446287291488,0.12562546202528,-0.11808346372054977
Omni,ssp585,2055,Temperate,0.009052876331727132,0.1188834774710899,0.12793635380281704,-0.10983060113936277
Omni,ssp585,2056,Temperate,0.011920783523910534,0.12647353049385737,0.13839431401776792,-0.11455274696994684
Omni,ssp585,2057,Temperate,-0.011232480155666729,0.12758016928236482,0.11634768912669809,-0.13881264943803154
Omni,ssp585,2058,Temperate,-0.0028771896745567868,0.12014305037359382,0.11726586069903704,-0.12302024004815061
Omni,ssp585,2059,Temperate,0.006317366178513956,0.13097168276181742,0.13728904894033137,-0.12465431658330346
Omni,ssp585,2060,Temperate,-0.004687651659639183,0.14209720933847353,0.13740955767883434,-0.14678486099811272
Omni,ssp585,2061,Temperate,-0.02114924659762027,0.12169602102113336,0.10054677442351309,-0.14284526761875363
Omni,ssp585,2062,Temperate,0.01785817728641135,0.14077419557372461,0.15863237286013596,-0.12291601828731327
Omni,ssp585,2063,Temperate,-0.012707492405964013,0.14212821801662545,0.12942072561066142,-0.15483571042258948
Omni,ssp585,2064,Temperate,0.005136855411868235,0.1355922585710678,0.14072911398293603,-0.13045540315919957
Omni,ssp585,2065,Temperate,0.009581281831975534,0.13712946384559696,0.1467107456775725,-0.12754818201362142
Omni,ssp585,2066,Temperate,-0.011216974330358547,0.14796270736277542,0.13674573303241688,-0.15917968169313396
Omni,ssp585,2067,Temperate,0.008864674944715753,0.14476741198953413,0.1536320869342499,-0.13590273704481837
Omni,ssp585,2068,Temperate,-0.021715118535669188,0.14741958993447896,0.12570447139880978,-0.16913470847014814
Omni,ssp585,2069,Temperate,-0.030485301637225192,0.14714406023551818,0.11665875859829299,-0.17762936187274336
Omni,ssp585,2070,Temperate,-0.03881809595864192,0.13605139441433503,0.09723329845569312,-0.17486949037297694
Omni,ssp585,2071,Temperate,-0.030035974985433495,0.13964371240858373,0.10960773742315023,-0.16967968739401723
Omni,ssp585,2072,Temperate,-0.0342766049174002,0.14524446783889713,0.11096786292149693,-0.17952107275629733
Omni,ssp585,2073,Temperate,-0.017502944882407005,0.16360978179210467,0.14610683690969767,-0.18111272667451167
Omni,ssp585,2074,Temperate,-0.011895032720936779,0.16849017416120424,0.15659514144026745,-0.18038520688214102
Omni,ssp585,2075,Temperate,-0.006510214698911578,0.15200084192701485,0.14549062722810327,-0.15851105662592643
Omni,ssp585,2076,Temperate,-0.008363722294408987,0.16365410858416837,0.15529038628975939,-0.17201783087857736
Omni,ssp585,2077,Temperate,-0.031207479135399993,0.1620266876068172,0.1308192084714172,-0.19323416674221722
Omni,ssp585,2078,Temperate,-0.008715121606193157,0.1515589650805654,0.14284384347437223,-0.16027408668675858
Omni,ssp585,2079,Temperate,-0.019009336087136022,0.15812257062955734,0.1391132345424213,-0.17713190671669338
Omni,ssp585,2080,Temperate,-0.008046046813821518,0.15424187038058534,0.14619582356676383,-0.16228791719440686
Omni,ssp585,2081,Temperate,-9.40789251590086e-4,0.18309397990332685,0.18215319065173677,-0.18403476915491693
Omni,ssp585,2082,Temperate,-0.0021305003138255675,0.18021830140555617,0.1780878010917306,-0.18234880171938173
Omni,ssp585,2083,Temperate,-0.020026061788064417,0.18069299130073987,0.16066692951267547,-0.20071905308880428
Omni,ssp585,2084,Temperate,-0.00288815332454012,0.1798514720417463,0.1769633187172062,-0.18273962536628643
Omni,ssp585,2085,Temperate,-0.026157985742279115,0.1657207409277003,0.1395627551854212,-0.19187872666997943
Omni,ssp585,2086,Temperate,-0.0271082373681343,0.18555390493923274,0.15844566757109843,-0.21266214230736705
Omni,ssp585,2087,Temperate,-0.01882959095424682,0.18898204053192902,0.1701524495776822,-0.20781163148617585
Omni,ssp585,2088,Temperate,-0.0282418300757934,0.1922660215618498,0.1640241914860564,-0.2205078516376432
Omni,ssp585,2089,Temperate,-0.04672390945372912,0.18752105191634233,0.1407971424626132,-0.23424496137007145
Omni,ssp585,2090,Temperate,-0.016714661591132333,0.1928483807316902,0.17613371914055787,-0.20956304232282252
Omni,ssp585,2091,Temperate,-0.02565977298365095,0.18986391382690426,0.1642041408432533,-0.21552368681055523
Omni,ssp585,2092,Temperate,-0.007725982231728524,0.1879316860691451,0.18020570383741658,-0.1956576683008736
Omni,ssp585,2093,Temperate,-0.014163721645773371,0.18177250196583683,0.16760878032006346,-0.1959362236116102
Omni,ssp585,2094,Temperate,-0.005639099380659896,0.21230956482736835,0.20667046544670845,-0.21794866420802825
Omni,ssp585,2095,Temperate,-0.019826848769594414,0.20877095924056843,0.188944110470974,-0.22859780801016286
Omni,ssp585,2096,Temperate,-0.02885046254539515,0.19301025569728633,0.1641597931518912,-0.22186071824268147
Omni,ssp585,2097,Temperate,-0.02395635460828835,0.216105937440618,0.19214958283232966,-0.24006229204890636
Omni,ssp585,2098,Temperate,0.002915159482972571,0.21362623344476825,0.21654139292774083,-0.21071107396179567
Omni,ssp585,2099,Temperate,-0.01559988037520399,0.2047255285890874,0.18912564821388342,-0.2203254089642914
Omni,ssp585,2100,Temperate,-0.04366860244523196,0.20445877071735757,0.1607901682721256,-0.24812737316258954
Omni,ssp126,1980,Tropical,0.005752848671031659,0.08349825077623298,0.08925109944726464,-0.07774540210520131
Omni,ssp126,1981,Tropical,0.0030582826252265843,0.10077133328479276,0.10382961591001935,-0.09771305065956618
Omni,ssp126,1982,Tropical,0.0017746710105038036,0.0850480198355289,0.0868226908460327,-0.0832733488250251
Omni,ssp126,1983,Tropical,0.00203942355365867,0.0765666516105333,0.07860607516419198,-0.07452722805687463
Omni,ssp126,1984,Tropical,0.0069799345275957,0.07636562189670215,0.08334555642429785,-0.06938568736910646
Omni,ssp126,1985,Tropical,0.023506421919174986,0.08278722792742269,0.10629364984659767,-0.0592808060082477
Omni,ssp126,1986,Tropical,-0.008189301644152202,0.07128785240055832,0.06309855075640612,-0.07947715404471052
Omni,ssp126,1987,Tropical,0.01800895178870045,0.07783707097121509,0.09584602275991554,-0.05982811918251464
Omni,ssp126,1988,Tropical,0.0035501014152420273,0.0852271286280902,0.08877723004333223,-0.08167702721284818
Omni,ssp126,1989,Tropical,-0.0051008112277881,0.0793570365889374,0.0742562253611493,-0.08445784781672551
Omni,ssp126,1990,Tropical,-0.0013947335487036838,0.07386577856815549,0.0724710450194518,-0.07526051211685918
Omni,ssp126,1991,Tropical,0.010037306485845209,0.0971857763659227,0.1072230828517679,-0.08714846988007749
Omni,ssp126,1992,Tropical,0.005731755314920259,0.08587977932140006,0.09161153463632032,-0.0801480240064798
Omni,ssp126,1993,Tropical,2.044540674333802e-4,0.08155343551772454,0.08175788958515792,-0.08134898145029115
Omni,ssp126,1994,Tropical,-0.0027129384152692992,0.07251250324561201,0.0697995648303427,-0.07522544166088131
Omni,ssp126,1995,Tropical,-0.003476872087205446,0.07195343224768268,0.06847656016047723,-0.07543030433488812
Omni,ssp126,1996,Tropical,-0.003758906881898299,0.07320776436056865,0.06944885747867036,-0.07696667124246695
Omni,ssp126,1997,Tropical,-0.015037769736118214,0.06598671315886837,0.05094894342275015,-0.08102448289498658
Omni,ssp126,1998,Tropical,-0.015170487737656923,0.07181721080754683,0.0566467230698899,-0.08698769854520375
Omni,ssp126,1999,Tropical,-0.015382307771056581,0.06092352909696214,0.04554122132590556,-0.07630583686801871
Omni,ssp126,2000,Tropical,-0.010420022329483363,0.07561942759280837,0.06519940526332502,-0.08603944992229173
Omni,ssp126,2001,Tropical,-0.027584465538129755,0.08946012917000314,0.061875663631873384,-0.11704459470813289
Omni,ssp126,2002,Tropical,-0.03659867641056005,0.08921712853353464,0.05261845212297459,-0.1258158049440947
Omni,ssp126,2003,Tropical,-0.039553887485480436,0.0872415048511622,0.04768761736568176,-0.12679539233664264
Omni,ssp126,2004,Tropical,-0.03489678697243776,0.08236633712207499,0.047469550149637225,-0.11726312409451276
Omni,ssp126,2005,Tropical,-0.030536506573990676,0.0820773335187701,0.05154082694477942,-0.11261384009276078
Omni,ssp126,2006,Tropical,-0.03556753021537513,0.07698734390044154,0.04141981368506641,-0.11255487411581666
Omni,ssp126,2007,Tropical,-0.03183306358952878,0.08314208620510853,0.05130902261557975,-0.11497514979463731
Omni,ssp126,2008,Tropical,-0.03414640107508433,0.0757658036004129,0.04161940252532858,-0.10991220467549723
Omni,ssp126,2009,Tropical,-0.021687085788656735,0.07982438373567938,0.058137297947022645,-0.10151146952433611
Omni,ssp126,2010,Tropical,-0.018310361093949328,0.08297608576303511,0.06466572466908578,-0.10128644685698444
Omni,ssp126,2011,Tropical,-0.025161831749095715,0.09540390586125798,0.07024207411216227,-0.12056573761035369
Omni,ssp126,2012,Tropical,-0.03324850918743488,0.11008341768814228,0.0768349085007074,-0.14333192687557716
Omni,ssp126,2013,Tropical,-0.04210166361778795,0.09723443475668529,0.05513277113889734,-0.13933609837447325
Omni,ssp126,2014,Tropical,-0.037072356593867865,0.09311289597048163,0.05604053937661376,-0.13018525256434949
Omni,ssp126,2015,Tropical,-0.011664197415256962,0.124997364767714,0.11333316735245705,-0.13666156218297096
Omni,ssp126,2016,Tropical,-0.028098650158563707,0.08718292372331239,0.059084273564748685,-0.1152815738818761
Omni,ssp126,2017,Tropical,-0.03733476918581134,0.10174694454614985,0.06441217536033851,-0.1390817137319612
Omni,ssp126,2018,Tropical,-0.021363881833869884,0.09928354268499191,0.07791966085112204,-0.12064742451886179
Omni,ssp126,2019,Tropical,-0.037930192562084276,0.09167688564216775,0.05374669308008347,-0.12960707820425202
Omni,ssp126,2020,Tropical,-0.032806935223384986,0.08829716620507934,0.05549023098169435,-0.12110410142846433
Omni,ssp126,2021,Tropical,-0.04274909790606282,0.10548300720061984,0.06273390929455702,-0.14823210510668267
Omni,ssp126,2022,Tropical,-0.0449399913490977,0.08735354708568725,0.04241355573658955,-0.13229353843478495
Omni,ssp126,2023,Tropical,-0.03574396897876658,0.10768509290962901,0.07194112393086242,-0.1434290618883956
Omni,ssp126,2024,Tropical,-0.032760139425415474,0.09866579852619477,0.06590565910077929,-0.13142593795161023
Omni,ssp126,2025,Tropical,-0.03678922234171845,0.0999701327595255,0.06318091041780705,-0.13675935510124396
Omni,ssp126,2026,Tropical,-0.03557319679098836,0.0944642087298114,0.05889101193882304,-0.13003740552079976
Omni,ssp126,2027,Tropical,-0.04080579305784669,0.08895901847610578,0.04815322541825909,-0.12976481153395247
Omni,ssp126,2028,Tropical,-0.041894349800157674,0.08968363902905734,0.04778928922889966,-0.131577988829215
Omni,ssp126,2029,Tropical,-0.046392384567271905,0.09164347527378487,0.04525109070651297,-0.13803585984105676
Omni,ssp126,2030,Tropical,-0.05359553710233332,0.09429599039742022,0.0407004532950869,-0.14789152749975354
Omni,ssp126,2031,Tropical,-0.05342364023313745,0.10527515675209219,0.05185151651895474,-0.15869879698522965
Omni,ssp126,2032,Tropical,-0.05097025115553783,0.10670109641468643,0.055730845259148606,-0.15767134757022427
Omni,ssp126,2033,Tropical,-0.06606128664057226,0.10203610514540112,0.035974818504828865,-0.16809739178597338
Omni,ssp126,2034,Tropical,-0.04964979386483925,0.10142851639590957,0.05177872253107031,-0.1510783102607488
Omni,ssp126,2035,Tropical,-0.05416641946500296,0.08871281661145189,0.03454639714644893,-0.14287923607645486
Omni,ssp126,2036,Tropical,-0.06652432115189823,0.09527568226934639,0.028751361117448165,-0.16180000342124462
Omni,ssp126,2037,Tropical,-0.061721208759489055,0.10488843095701045,0.04316722219752139,-0.1666096397164995
Omni,ssp126,2038,Tropical,-0.04977614439927285,0.0992164965721415,0.04944035217286865,-0.14899264097141435
Omni,ssp126,2039,Tropical,-0.051891065151675464,0.10805445177440019,0.05616338662272473,-0.15994551692607567
Omni,ssp126,2040,Tropical,-0.04735767075465358,0.09508932451041453,0.04773165375576095,-0.1424469952650681
Omni,ssp126,2041,Tropical,-0.05572859177922746,0.08951537944125693,0.033786787662029465,-0.14524397122048438
Omni,ssp126,2042,Tropical,-0.06872874440711296,0.11389161479795976,0.04516287039084679,-0.18262035920507272
Omni,ssp126,2043,Tropical,-0.07075260179758742,0.11098208152584334,0.04022947972825591,-0.18173468332343076
Omni,ssp126,2044,Tropical,-0.07252567028217445,0.1114261088908445,0.038900438608670054,-0.18395177917301897
Omni,ssp126,2045,Tropical,-0.07167187176237264,0.10329065172694649,0.03161877996457385,-0.17496252348931912
Omni,ssp126,2046,Tropical,-0.05815166953407029,0.1271986577581843,0.06904698822411402,-0.1853503272922546
Omni,ssp126,2047,Tropical,-0.06094129087094514,0.12259423343457568,0.06165294256363054,-0.1835355243055208
Omni,ssp126,2048,Tropical,-0.060487647512363636,0.11627063700738884,0.0557829894950252,-0.17675828451975248
Omni,ssp126,2049,Tropical,-0.06748912146852945,0.09828996808126875,0.030800846612739297,-0.1657790895497982
Omni,ssp126,2050,Tropical,-0.06279216781178404,0.10046547706657309,0.03767330925478905,-0.16325764487835714
Omni,ssp126,2051,Tropical,-0.07716473461517229,0.11092057952703498,0.03375584491186269,-0.18808531414220725
Omni,ssp126,2052,Tropical,-0.06450698872711678,0.11133813008612232,0.04683114135900554,-0.1758451188132391
Omni,ssp126,2053,Tropical,-0.0666003596329051,0.10430657615453569,0.03770621652163059,-0.1709069357874408
Omni,ssp126,2054,Tropical,-0.06866497698548829,0.10604447864641711,0.03737950166092882,-0.1747094556319054
Omni,ssp126,2055,Tropical,-0.06941640446945203,0.11157844857595656,0.04216204410650452,-0.18099485304540858
Omni,ssp126,2056,Tropical,-0.085309595299244,0.11308753316151623,0.02777793786227223,-0.19839712846076024
Omni,ssp126,2057,Tropical,-0.06291454372716083,0.11610467233357996,0.053190128606419126,-0.17901921606074078
Omni,ssp126,2058,Tropical,-0.06056637950876274,0.1279779503426358,0.06741157083387306,-0.18854432985139852
Omni,ssp126,2059,Tropical,-0.069789468144844,0.11956266057295135,0.04977319242810735,-0.18935212871779536
Omni,ssp126,2060,Tropical,-0.061589418337466034,0.12071296271908913,0.059123544381623094,-0.18230238105655516
Omni,ssp126,2061,Tropical,-0.06365401069347137,0.11545289729034329,0.051798886596871915,-0.17910690798381468
Omni,ssp126,2062,Tropical,-0.06491689246828097,0.11946949705547566,0.054552604587194686,-0.18438638952375663
Omni,ssp126,2063,Tropical,-0.06110741414640149,0.1213907608824664,0.06028334673606492,-0.1824981750288679
Omni,ssp126,2064,Tropical,-0.05333759680619008,0.12022873968629741,0.06689114288010733,-0.17356633649248748
Omni,ssp126,2065,Tropical,-0.048667231392131055,0.11958046303886943,0.07091323164673838,-0.1682476944310005
Omni,ssp126,2066,Tropical,-0.07070381634058531,0.11355851674122842,0.04285470040064311,-0.18426233308181372
Omni,ssp126,2067,Tropical,-0.0779460541591796,0.12141164472435571,0.04346559056517611,-0.19935769888353533
Omni,ssp126,2068,Tropical,-0.07414145548913423,0.13214012939461944,0.057998673905485215,-0.20628158488375367
Omni,ssp126,2069,Tropical,-0.0795945890983406,0.12628544550214288,0.04669085640380227,-0.20588003460048349
Omni,ssp126,2070,Tropical,-0.08551434657390053,0.11580148307263241,0.03028713649873188,-0.20131582964653294
Omni,ssp126,2071,Tropical,-0.06683236339777916,0.11989841818888151,0.05306605479110235,-0.18673078158666068
Omni,ssp126,2072,Tropical,-0.06723052578689184,0.11303361932754981,0.045803093540657966,-0.18026414511444167
Omni,ssp126,2073,Tropical,-0.06187675039580001,0.1161112331093368,0.054234482713536786,-0.1779879835051368
Omni,ssp126,2074,Tropical,-0.07046859563405916,0.11558819961281304,0.04511960397875388,-0.1860567952468722
Omni,ssp126,2075,Tropical,-0.05132974834625841,0.12089684908699799,0.06956710074073957,-0.1722265974332564
Omni,ssp126,2076,Tropical,-0.05884416140019023,0.114964972920403,0.056120811520212775,-0.17380913432059322
Omni,ssp126,2077,Tropical,-0.06649782541107381,0.10881863335495588,0.04232080794388207,-0.1753164587660297
Omni,ssp126,2078,Tropical,-0.0808818169209494,0.12320042137253376,0.04231860445158436,-0.20408223829348315
Omni,ssp126,2079,Tropical,-0.06298126634745577,0.11419440522027062,0.05121313887281485,-0.1771756715677264
Omni,ssp126,2080,Tropical,-0.07429032901590929,0.13482757354359254,0.06053724452768325,-0.20911790255950183
Omni,ssp126,2081,Tropical,-0.0810523904546937,0.11411507589141584,0.03306268543672214,-0.19516746634610954
Omni,ssp126,2082,Tropical,-0.09148424382182815,0.13491678470001453,0.043432540878186376,-0.22640102852184268
Omni,ssp126,2083,Tropical,-0.07761708107046582,0.1370763495494166,0.05945926847895079,-0.21469343061988244
Omni,ssp126,2084,Tropical,-0.049623534458963656,0.11772884014770911,0.06810530568874545,-0.16735237460667277
Omni,ssp126,2085,Tropical,-0.04857363482230283,0.11326883977505077,0.06469520495274794,-0.1618424745973536
Omni,ssp126,2086,Tropical,-0.06825093290579648,0.12114226739569461,0.052891334489898134,-0.1893932003014911
Omni,ssp126,2087,Tropical,-0.05751310494028816,0.10729837065323251,0.04978526571294435,-0.16481147559352066
Omni,ssp126,2088,Tropical,-0.061331894812358546,0.10120051068404456,0.03986861587168602,-0.1625324054964031
Omni,ssp126,2089,Tropical,-0.07036221435226697,0.11150853659104236,0.04114632223877539,-0.18187075094330934
Omni,ssp126,2090,Tropical,-0.06637367139265113,0.10872346438958022,0.04234979299692909,-0.17509713578223135
Omni,ssp126,2091,Tropical,-0.06569941967924867,0.09552842726041788,0.029829007581169215,-0.16122784693966655
Omni,ssp126,2092,Tropical,-0.0743789169326162,0.10546144297000774,0.031082526037391547,-0.17984035990262393
Omni,ssp126,2093,Tropical,-0.05336888496755848,0.11763924927234298,0.0642703643047845,-0.17100813423990147
Omni,ssp126,2094,Tropical,-0.05006931665930285,0.09833377719952793,0.04826446054022508,-0.14840309385883077
Omni,ssp126,2095,Tropical,-0.052169857661642734,0.1119489422672638,0.05977908460562107,-0.16411879992890654
Omni,ssp126,2096,Tropical,-0.04860587727569034,0.10775744160831494,0.0591515643326246,-0.1563633188840053
Omni,ssp126,2097,Tropical,-0.06315230592177688,0.10932714592454895,0.04617484000277207,-0.17247945184632585
Omni,ssp126,2098,Tropical,-0.05995417309237374,0.11785164267877103,0.05789746958639729,-0.17780581577114477
Omni,ssp126,2099,Tropical,-0.07441952816201985,0.11169330432692108,0.037273776164901226,-0.18611283248894095
Omni,ssp126,2100,Tropical,-0.07127956533597604,0.1136590772633233,0.04237951192734726,-0.18493864259929935
Omni,ssp370,1980,Tropical,0.005752848671031659,0.08349825077623298,0.08925109944726464,-0.07774540210520131
Omni,ssp370,1981,Tropical,0.0030582826252265843,0.10077133328479276,0.10382961591001935,-0.09771305065956618
Omni,ssp370,1982,Tropical,0.0017746710105038036,0.0850480198355289,0.0868226908460327,-0.0832733488250251
Omni,ssp370,1983,Tropical,0.00203942355365867,0.0765666516105333,0.07860607516419198,-0.07452722805687463
Omni,ssp370,1984,Tropical,0.0069799345275957,0.07636562189670215,0.08334555642429785,-0.06938568736910646
Omni,ssp370,1985,Tropical,0.023506421919174986,0.08278722792742269,0.10629364984659767,-0.0592808060082477
Omni,ssp370,1986,Tropical,-0.008189301644152202,0.07128785240055832,0.06309855075640612,-0.07947715404471052
Omni,ssp370,1987,Tropical,0.01800895178870045,0.07783707097121509,0.09584602275991554,-0.05982811918251464
Omni,ssp370,1988,Tropical,0.0035501014152420273,0.0852271286280902,0.08877723004333223,-0.08167702721284818
Omni,ssp370,1989,Tropical,-0.0051008112277881,0.0793570365889374,0.0742562253611493,-0.08445784781672551
Omni,ssp370,1990,Tropical,-0.0013947335487036838,0.07386577856815549,0.0724710450194518,-0.07526051211685918
Omni,ssp370,1991,Tropical,0.010037306485845209,0.0971857763659227,0.1072230828517679,-0.08714846988007749
Omni,ssp370,1992,Tropical,0.005731755314920259,0.08587977932140006,0.09161153463632032,-0.0801480240064798
Omni,ssp370,1993,Tropical,2.044540674333802e-4,0.08155343551772454,0.08175788958515792,-0.08134898145029115
Omni,ssp370,1994,Tropical,-0.0027129384152692992,0.07251250324561201,0.0697995648303427,-0.07522544166088131
Omni,ssp370,1995,Tropical,-0.003476872087205446,0.07195343224768268,0.06847656016047723,-0.07543030433488812
Omni,ssp370,1996,Tropical,-0.003758906881898299,0.07320776436056865,0.06944885747867036,-0.07696667124246695
Omni,ssp370,1997,Tropical,-0.015037769736118214,0.06598671315886837,0.05094894342275015,-0.08102448289498658
Omni,ssp370,1998,Tropical,-0.015170487737656923,0.07181721080754683,0.0566467230698899,-0.08698769854520375
Omni,ssp370,1999,Tropical,-0.015382307771056581,0.06092352909696214,0.04554122132590556,-0.07630583686801871
Omni,ssp370,2000,Tropical,-0.010420022329483363,0.07561942759280837,0.06519940526332502,-0.08603944992229173
Omni,ssp370,2001,Tropical,-0.027584465538129755,0.08946012917000314,0.061875663631873384,-0.11704459470813289
Omni,ssp370,2002,Tropical,-0.03659867641056005,0.08921712853353464,0.05261845212297459,-0.1258158049440947
Omni,ssp370,2003,Tropical,-0.039553887485480436,0.0872415048511622,0.04768761736568176,-0.12679539233664264
Omni,ssp370,2004,Tropical,-0.03489678697243776,0.08236633712207499,0.047469550149637225,-0.11726312409451276
Omni,ssp370,2005,Tropical,-0.030536506573990676,0.0820773335187701,0.05154082694477942,-0.11261384009276078
Omni,ssp370,2006,Tropical,-0.03556753021537513,0.07698734390044154,0.04141981368506641,-0.11255487411581666
Omni,ssp370,2007,Tropical,-0.03183306358952878,0.08314208620510853,0.05130902261557975,-0.11497514979463731
Omni,ssp370,2008,Tropical,-0.03414640107508433,0.0757658036004129,0.04161940252532858,-0.10991220467549723
Omni,ssp370,2009,Tropical,-0.021687085788656735,0.07982438373567938,0.058137297947022645,-0.10151146952433611
Omni,ssp370,2010,Tropical,-0.018310361093949328,0.08297608576303511,0.06466572466908578,-0.10128644685698444
Omni,ssp370,2011,Tropical,-0.025161831749095715,0.09540390586125798,0.07024207411216227,-0.12056573761035369
Omni,ssp370,2012,Tropical,-0.03324850918743488,0.11008341768814228,0.0768349085007074,-0.14333192687557716
Omni,ssp370,2013,Tropical,-0.04210166361778795,0.09723443475668529,0.05513277113889734,-0.13933609837447325
Omni,ssp370,2014,Tropical,-0.037072356593867865,0.09311289597048163,0.05604053937661376,-0.13018525256434949
Omni,ssp370,2015,Tropical,-0.010647411102888405,0.12259372217020145,0.11194631106731305,-0.13324113327308987
Omni,ssp370,2016,Tropical,-0.038696630402796174,0.10267421718425523,0.06397758678145907,-0.1413708475870514
Omni,ssp370,2017,Tropical,-0.05224489804779751,0.10014181782574996,0.047896919777952456,-0.15238671587354746
Omni,ssp370,2018,Tropical,-0.03539237670968401,0.10038070715355708,0.06498833044387307,-0.1357730838632411
Omni,ssp370,2019,Tropical,-0.04882813875261899,0.10191391118522729,0.0530857724326083,-0.1507420499378463
Omni,ssp370,2020,Tropical,-0.043840566938591695,0.08290734250457428,0.039066775565982585,-0.12674790944316597
Omni,ssp370,2021,Tropical,-0.03700832296252696,0.08682353394096268,0.04981521097843572,-0.12383185690348963
Omni,ssp370,2022,Tropical,-0.036327337044746,0.10417703627384031,0.06784969922909431,-0.1405043733185863
Omni,ssp370,2023,Tropical,-0.023561692773028713,0.12978778102934668,0.10622608825631796,-0.1533494738023754
Omni,ssp370,2024,Tropical,-0.05343225955211211,0.08714779999180991,0.0337155404396978,-0.14058005954392203
Omni,ssp370,2025,Tropical,-0.04489541771170106,0.10105803051102086,0.0561626127993198,-0.1459534482227219
Omni,ssp370,2026,Tropical,-0.050188282153148384,0.0927361829012471,0.04254790074809872,-0.1429244650543955
Omni,ssp370,2027,Tropical,-0.04110390451743963,0.10404068545302331,0.06293678093558368,-0.14514458997046292
Omni,ssp370,2028,Tropical,-0.042955213127371994,0.10388253078064302,0.06092731765327103,-0.14683774390801502
Omni,ssp370,2029,Tropical,-0.033907659017401934,0.10438174577762603,0.0704740867602241,-0.13828940479502796
Omni,ssp370,2030,Tropical,-0.0355828122844358,0.10442859231396448,0.06884578002952868,-0.14001140459840028
Omni,ssp370,2031,Tropical,-0.057579775618281,0.10195524879389962,0.04437547317561862,-0.15953502441218062
Omni,ssp370,2032,Tropical,-0.052683256144622846,0.10166467418676477,0.04898141804214192,-0.1543479303313876
Omni,ssp370,2033,Tropical,-0.05229260468691988,0.09604557919784254,0.04375297451092266,-0.14833818388476241
Omni,ssp370,2034,Tropical,-0.06368853109230233,0.10408121710283681,0.04039268601053449,-0.16776974819513912
Omni,ssp370,2035,Tropical,-0.07173439468553612,0.09454342856571277,0.022809033880176646,-0.1662778232512489
Omni,ssp370,2036,Tropical,-0.07117206489080555,0.10627324729263421,0.03510118240182866,-0.17744531218343976
Omni,ssp370,2037,Tropical,-0.08140112724407514,0.10504945301579026,0.02364832577171512,-0.18645058025986538
Omni,ssp370,2038,Tropical,-0.07673090359768465,0.111885983527053,0.03515507992936835,-0.18861688712473768
Omni,ssp370,2039,Tropical,-0.06326853847684513,0.10072911303131328,0.03746057455446815,-0.16399765150815843
Omni,ssp370,2040,Tropical,-0.07746988417744098,0.09531816167127206,0.017848277493831083,-0.17278804584871305
Omni,ssp370,2041,Tropical,-0.06489621278952035,0.10644924269382816,0.041553029904307814,-0.1713454554833485
Omni,ssp370,2042,Tropical,-0.06568649543023904,0.11547549465593172,0.04978899922569269,-0.18116199008617076
Omni,ssp370,2043,Tropical,-0.07929376124900198,0.1132482273270023,0.03395446607800032,-0.19254198857600427
Omni,ssp370,2044,Tropical,-0.060763908443129074,0.09933650009682403,0.038572591653694956,-0.1601004085399531
Omni,ssp370,2045,Tropical,-0.08500078307324138,0.11334908139237106,0.028348298319129675,-0.19834986446561242
Omni,ssp370,2046,Tropical,-0.0926772153620485,0.11462107591698575,0.02194386055493726,-0.20729829127903426
Omni,ssp370,2047,Tropical,-0.09746135619540046,0.12238102992568581,0.02491967373028535,-0.21984238612108625
Omni,ssp370,2048,Tropical,-0.09267269984888854,0.1215454196579948,0.02887271980910626,-0.21421811950688335
Omni,ssp370,2049,Tropical,-0.08365337222981992,0.1295673218933507,0.045913949663530795,-0.21322069412317063
Omni,ssp370,2050,Tropical,-0.09493967104801984,0.1267871186122891,0.03184744756426927,-0.22172678966030895
Omni,ssp370,2051,Tropical,-0.08873295146523245,0.14151968516803135,0.05278673370279889,-0.23025263663326379
Omni,ssp370,2052,Tropical,-0.09289676720772252,0.12684526069031582,0.033948493482593295,-0.21974202789803834
Omni,ssp370,2053,Tropical,-0.09407310010989166,0.12440683073425787,0.030333730624366215,-0.21847993084414952
Omni,ssp370,2054,Tropical,-0.09027851530280782,0.12622907494576496,0.03595055964295714,-0.2165075902485728
Omni,ssp370,2055,Tropical,-0.0824857685506311,0.12264844070918202,0.04016267215855092,-0.20513420925981313
Omni,ssp370,2056,Tropical,-0.08557334706061898,0.11940024530301029,0.03382689824239131,-0.20497359236362928
Omni,ssp370,2057,Tropical,-0.09781577241507597,0.12007652248692266,0.02226075007184669,-0.21789229490199863
Omni,ssp370,2058,Tropical,-0.08959915325323486,0.13170162467182572,0.04210247141859086,-0.2213007779250606
Omni,ssp370,2059,Tropical,-0.09869152490211164,0.13305969764656808,0.03436817274445644,-0.23175122254867972
Omni,ssp370,2060,Tropical,-0.09116156551190195,0.13652940581766632,0.045367840305764365,-0.22769097132956828
Omni,ssp370,2061,Tropical,-0.10277917744167765,0.1417314454025583,0.03895226796088065,-0.24451062284423597
Omni,ssp370,2062,Tropical,-0.09680358034730696,0.1338101528429981,0.03700657249569114,-0.23061373319030506
Omni,ssp370,2063,Tropical,-0.10940407511680145,0.13314447901694773,0.023740403900146284,-0.24254855413374918
Omni,ssp370,2064,Tropical,-0.12572806878111198,0.13483737937507562,0.009109310593963638,-0.2605654481561876
Omni,ssp370,2065,Tropical,-0.11078702077936947,0.14284691733679045,0.032059896557420975,-0.2536339381161599
Omni,ssp370,2066,Tropical,-0.1055219896029035,0.14199734083753765,0.03647535123463415,-0.24751933044044117
Omni,ssp370,2067,Tropical,-0.10075958270904294,0.15172381394112108,0.05096423123207815,-0.252483396650164
Omni,ssp370,2068,Tropical,-0.10581314163936745,0.13835297345970513,0.03253983182033768,-0.24416611509907257
Omni,ssp370,2069,Tropical,-0.11096134738448052,0.13797820051550988,0.02701685313102936,-0.2489395478999904
Omni,ssp370,2070,Tropical,-0.09735680792798801,0.14634509377075175,0.04898828584276374,-0.24370190169873976
Omni,ssp370,2071,Tropical,-0.10777124235893305,0.13125905600521962,0.023487813646286562,-0.23903029836415268
Omni,ssp370,2072,Tropical,-0.1278301511762533,0.14575960732498683,0.017929456148733536,-0.2735897585012401
Omni,ssp370,2073,Tropical,-0.12810755742851757,0.13224354011527056,0.004135982686752998,-0.26035109754378816
Omni,ssp370,2074,Tropical,-0.12942481391283445,0.13183869862529665,0.0024138847124622054,-0.26126351253813107
Omni,ssp370,2075,Tropical,-0.11922949486987827,0.13485047604092062,0.015620981171042353,-0.2540799709107989
Omni,ssp370,2076,Tropical,-0.12322866781823685,0.14650597584571082,0.023277308027473964,-0.26973464366394767
Omni,ssp370,2077,Tropical,-0.1336587565209045,0.14423612521815676,0.01057736869725226,-0.2778948817390613
Omni,ssp370,2078,Tropical,-0.1211667389839292,0.14915876739437176,0.027992028410442557,-0.27032550637830094
Omni,ssp370,2079,Tropical,-0.11911389351171271,0.13630475531898203,0.017190861807269323,-0.25541864883069476
Omni,ssp370,2080,Tropical,-0.14440105674906334,0.12884459368132214,-0.015556463067741194,-0.2732456504303855
Omni,ssp370,2081,Tropical,-0.13844382714576478,0.1371268422111847,-0.0013169849345800733,-0.2755706693569495
Omni,ssp370,2082,Tropical,-0.13484016315173417,0.13117501844560472,-0.0036651447061294418,-0.2660151815973389
Omni,ssp370,2083,Tropical,-0.13148160827375407,0.14514517798222448,0.013663569708470408,-0.2766267862559786
Omni,ssp370,2084,Tropical,-0.13174481996394843,0.15009302308673758,0.018348203122789147,-0.28183784305068604
Omni,ssp370,2085,Tropical,-0.14681800881380888,0.16244364016424645,0.01562563135043757,-0.3092616489780553
Omni,ssp370,2086,Tropical,-0.14166919458586724,0.15189634843453761,0.010227153848670373,-0.29356554302040483
Omni,ssp370,2087,Tropical,-0.14468331549131716,0.14213677048877263,-0.0025465450025445313,-0.2868200859800898
Omni,ssp370,2088,Tropical,-0.14661173084961537,0.14276014311393628,-0.0038515877356790906,-0.2893718739635517
Omni,ssp370,2089,Tropical,-0.1448848585091517,0.14853926117686686,0.003654402667715162,-0.29342411968601856
Omni,ssp370,2090,Tropical,-0.1658248832842636,0.1542769066216176,-0.011547976662645981,-0.32010178990588123
Omni,ssp370,2091,Tropical,-0.15381380774924533,0.161068697336641,0.007254889587395674,-0.31488250508588633
Omni,ssp370,2092,Tropical,-0.15711634900355229,0.14808113957221233,-0.009035209431339952,-0.3051974885757646
Omni,ssp370,2093,Tropical,-0.17358593721003185,0.14463558441625082,-0.028950352793781026,-0.3182215216262827
Omni,ssp370,2094,Tropical,-0.16616664435819148,0.16884126106408606,0.0026746167058945836,-0.33500790542227754
Omni,ssp370,2095,Tropical,-0.1564480304971468,0.15462439500772795,-0.0018236354894188567,-0.3110724255048748
Omni,ssp370,2096,Tropical,-0.16186983411385894,0.14598354617840104,-0.015886287935457905,-0.30785338029225995
Omni,ssp370,2097,Tropical,-0.16624499295732303,0.1627371443990079,-0.003507848558315124,-0.328982137356331
Omni,ssp370,2098,Tropical,-0.1791850488263542,0.15367573118961408,-0.02550931763674011,-0.3328607800159683
Omni,ssp370,2099,Tropical,-0.17530573860997445,0.1599133099590283,-0.015392428650946144,-0.33521904856900275
Omni,ssp370,2100,Tropical,-0.18514068195862263,0.16552628883077758,-0.019614393127845048,-0.35066697078940023
Omni,ssp585,1980,Tropical,0.005752848671031659,0.08349825077623298,0.08925109944726464,-0.07774540210520131
Omni,ssp585,1981,Tropical,0.0030582826252265843,0.10077133328479276,0.10382961591001935,-0.09771305065956618
Omni,ssp585,1982,Tropical,0.0017746710105038036,0.0850480198355289,0.0868226908460327,-0.0832733488250251
Omni,ssp585,1983,Tropical,0.00203942355365867,0.0765666516105333,0.07860607516419198,-0.07452722805687463
Omni,ssp585,1984,Tropical,0.0069799345275957,0.07636562189670215,0.08334555642429785,-0.06938568736910646
Omni,ssp585,1985,Tropical,0.023506421919174986,0.08278722792742269,0.10629364984659767,-0.0592808060082477
Omni,ssp585,1986,Tropical,-0.008189301644152202,0.07128785240055832,0.06309855075640612,-0.07947715404471052
Omni,ssp585,1987,Tropical,0.01800895178870045,0.07783707097121509,0.09584602275991554,-0.05982811918251464
Omni,ssp585,1988,Tropical,0.0035501014152420273,0.0852271286280902,0.08877723004333223,-0.08167702721284818
Omni,ssp585,1989,Tropical,-0.0051008112277881,0.0793570365889374,0.0742562253611493,-0.08445784781672551
Omni,ssp585,1990,Tropical,-0.0013947335487036838,0.07386577856815549,0.0724710450194518,-0.07526051211685918
Omni,ssp585,1991,Tropical,0.010037306485845209,0.0971857763659227,0.1072230828517679,-0.08714846988007749
Omni,ssp585,1992,Tropical,0.005731755314920259,0.08587977932140006,0.09161153463632032,-0.0801480240064798
Omni,ssp585,1993,Tropical,2.044540674333802e-4,0.08155343551772454,0.08175788958515792,-0.08134898145029115
Omni,ssp585,1994,Tropical,-0.0027129384152692992,0.07251250324561201,0.0697995648303427,-0.07522544166088131
Omni,ssp585,1995,Tropical,-0.003476872087205446,0.07195343224768268,0.06847656016047723,-0.07543030433488812
Omni,ssp585,1996,Tropical,-0.003758906881898299,0.07320776436056865,0.06944885747867036,-0.07696667124246695
Omni,ssp585,1997,Tropical,-0.015037769736118214,0.06598671315886837,0.05094894342275015,-0.08102448289498658
Omni,ssp585,1998,Tropical,-0.015170487737656923,0.07181721080754683,0.0566467230698899,-0.08698769854520375
Omni,ssp585,1999,Tropical,-0.015382307771056581,0.06092352909696214,0.04554122132590556,-0.07630583686801871
Omni,ssp585,2000,Tropical,-0.010420022329483363,0.07561942759280837,0.06519940526332502,-0.08603944992229173
Omni,ssp585,2001,Tropical,-0.027584465538129755,0.08946012917000314,0.061875663631873384,-0.11704459470813289
Omni,ssp585,2002,Tropical,-0.03659867641056005,0.08921712853353464,0.05261845212297459,-0.1258158049440947
Omni,ssp585,2003,Tropical,-0.039553887485480436,0.0872415048511622,0.04768761736568176,-0.12679539233664264
Omni,ssp585,2004,Tropical,-0.03489678697243776,0.08236633712207499,0.047469550149637225,-0.11726312409451276
Omni,ssp585,2005,Tropical,-0.030536506573990676,0.0820773335187701,0.05154082694477942,-0.11261384009276078
Omni,ssp585,2006,Tropical,-0.03556753021537513,0.07698734390044154,0.04141981368506641,-0.11255487411581666
Omni,ssp585,2007,Tropical,-0.03183306358952878,0.08314208620510853,0.05130902261557975,-0.11497514979463731
Omni,ssp585,2008,Tropical,-0.03414640107508433,0.0757658036004129,0.04161940252532858,-0.10991220467549723
Omni,ssp585,2009,Tropical,-0.021687085788656735,0.07982438373567938,0.058137297947022645,-0.10151146952433611
Omni,ssp585,2010,Tropical,-0.018310361093949328,0.08297608576303511,0.06466572466908578,-0.10128644685698444
Omni,ssp585,2011,Tropical,-0.025161831749095715,0.09540390586125798,0.07024207411216227,-0.12056573761035369
Omni,ssp585,2012,Tropical,-0.03324850918743488,0.11008341768814228,0.0768349085007074,-0.14333192687557716
Omni,ssp585,2013,Tropical,-0.04210166361778795,0.09723443475668529,0.05513277113889734,-0.13933609837447325
Omni,ssp585,2014,Tropical,-0.037072356593867865,0.09311289597048163,0.05604053937661376,-0.13018525256434949
Omni,ssp585,2015,Tropical,-0.023656734012211238,0.12400640626642417,0.10034967225421293,-0.14766314027863542
Omni,ssp585,2016,Tropical,-0.04090627468057364,0.09441435602718716,0.05350808134661352,-0.1353206307077608
Omni,ssp585,2017,Tropical,-0.024282578146279116,0.0986138575270862,0.07433127938080708,-0.1228964356733653
Omni,ssp585,2018,Tropical,-0.033117091194876415,0.10343552391484818,0.07031843271997176,-0.1365526151097246
Omni,ssp585,2019,Tropical,-0.05136790415578423,0.10415276284685136,0.05278485869106713,-0.1555206670026356
Omni,ssp585,2020,Tropical,-0.04800973629098456,0.08387073754816972,0.03586100125718516,-0.13188047383915427
Omni,ssp585,2021,Tropical,-0.04378182461533459,0.09101555276982252,0.04723372815448793,-0.13479737738515712
Omni,ssp585,2022,Tropical,-0.04570398535711985,0.0976026254900617,0.05189864013294185,-0.14330661084718155
Omni,ssp585,2023,Tropical,-0.04311712668416791,0.09950508175535815,0.05638795507119024,-0.14262220843952605
Omni,ssp585,2024,Tropical,-0.028874695342591378,0.11902228643271485,0.09014759109012348,-0.14789698177530625
Omni,ssp585,2025,Tropical,-0.037223604549089614,0.09006982130590095,0.05284621675681134,-0.12729342585499057
Omni,ssp585,2026,Tropical,-0.0483004087198332,0.09510022487063212,0.046799816150798916,-0.14340063359046532
Omni,ssp585,2027,Tropical,-0.05216763922969866,0.09074381277228381,0.038576173542585156,-0.14291145200198246
Omni,ssp585,2028,Tropical,-0.041775868657781504,0.09424829395073149,0.05247242529294999,-0.136024162608513
Omni,ssp585,2029,Tropical,-0.04244125809495819,0.11365072531225562,0.07120946721729743,-0.1560919834072138
Omni,ssp585,2030,Tropical,-0.04920059345745657,0.10995837300296042,0.06075777954550385,-0.159158966460417
Omni,ssp585,2031,Tropical,-0.057920031702067686,0.10059473744056426,0.04267470573849657,-0.15851476914263193
Omni,ssp585,2032,Tropical,-0.06336951152126148,0.1150448753780456,0.05167536385678412,-0.17841438689930708
Omni,ssp585,2033,Tropical,-0.06417549370816178,0.10203863086013554,0.03786313715197376,-0.16621412456829732
Omni,ssp585,2034,Tropical,-0.06115304831197986,0.1022126496204393,0.04105960130845944,-0.16336569793241917
Omni,ssp585,2035,Tropical,-0.05811775727457409,0.1034943496361148,0.04537659236154071,-0.1616121069106889
Omni,ssp585,2036,Tropical,-0.06361620072459674,0.10014363118172044,0.0365274304571237,-0.16375983190631718
Omni,ssp585,2037,Tropical,-0.06796416715093986,0.1053962903413092,0.03743212319036934,-0.17336045749224907
Omni,ssp585,2038,Tropical,-0.06697525578350351,0.10960664030693458,0.04263138452343107,-0.1765818960904381
Omni,ssp585,2039,Tropical,-0.06619723783150164,0.10925716753192315,0.04305992970042151,-0.17545440536342477
Omni,ssp585,2040,Tropical,-0.0863395721262938,0.11017639215584564,0.023836820029551842,-0.19651596428213944
Omni,ssp585,2041,Tropical,-0.07228655476388657,0.10694237525559604,0.03465582049170947,-0.1792289300194826
Omni,ssp585,2042,Tropical,-0.07873324530254415,0.10478232495007107,0.026049079647526924,-0.18351557025261522
Omni,ssp585,2043,Tropical,-0.08771664069679222,0.11428020835487358,0.026563567658081363,-0.20199684905166582
Omni,ssp585,2044,Tropical,-0.09346311873815617,0.1078976939489938,0.01443457521083763,-0.20136081268714998
Omni,ssp585,2045,Tropical,-0.08307769340800895,0.13049998709082963,0.04742229368282068,-0.21357768049883857
Omni,ssp585,2046,Tropical,-0.08470634056780244,0.13010073039544884,0.0453943898276464,-0.21480707096325127
Omni,ssp585,2047,Tropical,-0.08507719731144704,0.12751830762916544,0.0424411103177184,-0.21259550494061247
Omni,ssp585,2048,Tropical,-0.10103095305908413,0.10810080668842946,0.007069853629345327,-0.20913175974751358
Omni,ssp585,2049,Tropical,-0.10276617760025888,0.13107680189757637,0.028310624297317483,-0.23384297949783525
Omni,ssp585,2050,Tropical,-0.09393337839015357,0.12757300348345352,0.033639625093299944,-0.2215063818736071
Omni,ssp585,2051,Tropical,-0.11281998599759391,0.11971554470775737,0.006895558710163466,-0.23253553070535127
Omni,ssp585,2052,Tropical,-0.11042757469121338,0.12731269843986856,0.01688512374865518,-0.23774027313108193
Omni,ssp585,2053,Tropical,-0.10569759628660301,0.1253048968728961,0.019607300586293078,-0.2310024931594991
Omni,ssp585,2054,Tropical,-0.11871220277499833,0.11749896612375736,-0.0012132366512409704,-0.2362111688987557
Omni,ssp585,2055,Tropical,-0.11171275944056058,0.1389529516277029,0.027240192187142326,-0.2506657110682635
Omni,ssp585,2056,Tropical,-0.0979089695370022,0.13654515844835222,0.03863618891135001,-0.23445412798535442
Omni,ssp585,2057,Tropical,-0.1117756010652427,0.12324469192923723,0.01146909086399453,-0.23502029299447993
Omni,ssp585,2058,Tropical,-0.1136857595387612,0.11915087184770294,0.005465112308941741,-0.23283663138646415
Omni,ssp585,2059,Tropical,-0.10723655675372108,0.1406700920688833,0.03343353531516223,-0.24790664882260438
Omni,ssp585,2060,Tropical,-0.11816374388597364,0.14328738880319214,0.025123644917218496,-0.26145113268916575
Omni,ssp585,2061,Tropical,-0.1248356152011741,0.13495928001865914,0.010123664817485042,-0.25979489521983323
Omni,ssp585,2062,Tropical,-0.12242749788902457,0.14372344258625286,0.021295944697228286,-0.26615094047527743
Omni,ssp585,2063,Tropical,-0.12761342676757065,0.12783905948996513,2.2563272239448096e-4,-0.2554524862575358
Omni,ssp585,2064,Tropical,-0.13403725118847298,0.15571125162884597,0.021674000440372987,-0.28974850281731895
Omni,ssp585,2065,Tropical,-0.129853331819244,0.1454146193826228,0.015561287563378795,-0.27526795120186676
Omni,ssp585,2066,Tropical,-0.12663370708867536,0.13081742142617048,0.00418371433749512,-0.25745112851484586
Omni,ssp585,2067,Tropical,-0.1326845757653562,0.14663775056030504,0.013953174794948842,-0.27932232632566123
Omni,ssp585,2068,Tropical,-0.12416494686195974,0.13123950092587527,0.007074554063915536,-0.255404447787835
Omni,ssp585,2069,Tropical,-0.14419721218865542,0.14003711486652845,-0.0041600973221269655,-0.28423432705518387
Omni,ssp585,2070,Tropical,-0.15092847053360003,0.1431932561105124,-0.0077352144230876385,-0.2941217266441124
Omni,ssp585,2071,Tropical,-0.1328903288090629,0.1493782820220298,0.016487953212966894,-0.28226861083109267
Omni,ssp585,2072,Tropical,-0.1338296490282746,0.1395584266325521,0.005728777604277507,-0.2733880756608267
Omni,ssp585,2073,Tropical,-0.14965698137391026,0.1486790424857728,-9.77938888137464e-4,-0.29833602385968305
Omni,ssp585,2074,Tropical,-0.1376192104728048,0.13783953529547185,2.2032482266706732e-4,-0.27545874576827667
Omni,ssp585,2075,Tropical,-0.1317075174013333,0.1448796455997163,0.01317212819838301,-0.2765871630010496
Omni,ssp585,2076,Tropical,-0.13223920586118126,0.15632844298786078,0.024089237126679514,-0.28856764884904207
Omni,ssp585,2077,Tropical,-0.14795079221955101,0.15103428809374597,0.003083495874194958,-0.29898508031329696
Omni,ssp585,2078,Tropical,-0.15885506082724382,0.14478196183041372,-0.014073098996830097,-0.3036370226576576
Omni,ssp585,2079,Tropical,-0.14049231984502816,0.14861717348312342,0.008124853638095259,-0.2891094933281516
Omni,ssp585,2080,Tropical,-0.14989367825000488,0.15414968596651618,0.004256007716511301,-0.30404336421652106
Omni,ssp585,2081,Tropical,-0.17941374600525414,0.1494843984559073,-0.02992934754934684,-0.32889814446116145
Omni,ssp585,2082,Tropical,-0.1659629928322418,0.1479342173097401,-0.018028775522501705,-0.3138972101419819
Omni,ssp585,2083,Tropical,-0.16404852778074433,0.13908160352202134,-0.02496692425872299,-0.30313013130276567
Omni,ssp585,2084,Tropical,-0.15988341994945626,0.1512527728194698,-0.008630647129986457,-0.31113619276892607
Omni,ssp585,2085,Tropical,-0.16296657697159267,0.1503153506078492,-0.012651226363743467,-0.31328192757944184
Omni,ssp585,2086,Tropical,-0.16517670658939232,0.15351174986862748,-0.01166495672076484,-0.3186884564580198
Omni,ssp585,2087,Tropical,-0.1483304547683041,0.15658219874998897,0.008251743981684878,-0.30491265351829305
Omni,ssp585,2088,Tropical,-0.19397209907705326,0.14762266332838336,-0.0463494357486699,-0.3415947624054366
Omni,ssp585,2089,Tropical,-0.19077227176008385,0.15696390032574553,-0.03380837143433832,-0.3477361720858294
Omni,ssp585,2090,Tropical,-0.16596074898768506,0.15027338863639636,-0.015687360351288704,-0.3162341376240814
Omni,ssp585,2091,Tropical,-0.16887975994455576,0.1538997411369317,-0.014980018807624063,-0.32277950108148745
Omni,ssp585,2092,Tropical,-0.17022557108286462,0.14951199880837823,-0.02071357227448639,-0.31973756989124286
Omni,ssp585,2093,Tropical,-0.16495894623958055,0.15279615917996278,-0.012162787059617763,-0.3177551054195433
Omni,ssp585,2094,Tropical,-0.17850368284899992,0.14799268656771764,-0.030510996281282288,-0.32649636941671756
Omni,ssp585,2095,Tropical,-0.19839689340985187,0.16010072004592316,-0.03829617336392871,-0.358497613455775
Omni,ssp585,2096,Tropical,-0.18591283999190963,0.17515645548713524,-0.010756384504774397,-0.36106929547904487
Omni,ssp585,2097,Tropical,-0.16922621835397117,0.17193672306682273,0.002710504712851558,-0.3411629414207939
Omni,ssp585,2098,Tropical,-0.19321688694234293,0.17278791562694826,-0.020428971315394673,-0.3660048025692912
Omni,ssp585,2099,Tropical,-0.1926138538433412,0.17309833541550473,-0.01951551842783647,-0.36571218925884597
Omni,ssp585,2100,Tropical,-0.20495610379606902,0.1575453450317377,-0.04741075876433132,-0.3625014488278067
Filter,ssp126,1980,Global,0.0087521761856566,2.604132913357957,2.6128850895436138,-2.5953807371723006
Filter,ssp126,1981,Global,0.01064588606801873,3.0978274450351235,3.1084733311031423,-3.0871815589671048
Filter,ssp126,1982,Global,0.07882874678458865,3.215852814087469,3.2946815608720574,-3.1370240673028804
Filter,ssp126,1983,Global,0.041308979981523525,3.7455816959533754,3.786890675934899,-3.704272715971852
Filter,ssp126,1984,Global,-0.051352420113516845,3.189909088172619,3.138556668059102,-3.241261508286136
Filter,ssp126,1985,Global,-0.0156776540745008,3.4833275747160064,3.4676499206415055,-3.4990052287905073
Filter,ssp126,1986,Global,-0.007576322193074305,4.0504584653394105,4.042882143146336,-4.058034787532485
Filter,ssp126,1987,Global,-8.579315099920812e-4,2.6775608402963584,2.6767029087863663,-2.6784187718063506
Filter,ssp126,1988,Global,7.249831575589981e-4,2.866566387871689,2.867291371029248,-2.8658414047141303
Filter,ssp126,1989,Global,8.772303650014038e-4,2.832696478798315,2.8335737091633164,-2.831819248433314
Filter,ssp126,1990,Global,-0.03162253794341904,2.5143978109285183,2.482775272985099,-2.5460203488719375
Filter,ssp126,1991,Global,-0.0139306484783298,2.7705959416346713,2.7566652931563413,-2.784526590113001
Filter,ssp126,1992,Global,0.03687549284278323,3.5174491341190044,3.5543246269617876,-3.480573641276221
Filter,ssp126,1993,Global,-0.046655293650308856,2.7461233087544215,2.6994680151041126,-2.7927786024047303
Filter,ssp126,1994,Global,-0.0667026914456198,2.437155347329704,2.370452655884084,-2.5038580387753235
Filter,ssp126,1995,Global,-0.01297291116230977,3.141511791432203,3.1285388802698932,-3.1544847025945124
Filter,ssp126,1996,Global,-0.07578499024667858,2.644915312717016,2.5691303224703375,-2.7207003029636945
Filter,ssp126,1997,Global,0.07163777117316027,3.900264758698456,3.9719025298716164,-3.8286269875252956
Filter,ssp126,1998,Global,0.051381128889653314,2.8974336211973215,2.948814750086975,-2.846052492307668
Filter,ssp126,1999,Global,0.007923422319112798,2.649902971972128,2.657826394291241,-2.641979549653015
Filter,ssp126,2000,Global,0.014177583050691785,3.2899005327762687,3.3040781158269605,-3.275722949725577
Filter,ssp126,2001,Global,0.029918154577116874,2.834054191585252,2.863972346162369,-2.8041360370081354
Filter,ssp126,2002,Global,0.12030233116835336,4.937697765894472,5.058000097062826,-4.8173954347261185
Filter,ssp126,2003,Global,0.20556022692526266,4.7334046072901375,4.9389648342154,-4.527844380364875
Filter,ssp126,2004,Global,0.032356584783522255,3.1436629424193927,3.176019527202915,-3.1113063576358706
Filter,ssp126,2005,Global,0.05919184092435082,2.93361916225728,2.9928110031816306,-2.874427321332929
Filter,ssp126,2006,Global,0.0738234421244743,3.268667044159031,3.342490486283505,-3.1948436020345565
Filter,ssp126,2007,Global,0.015396163761460677,2.553498658435234,2.568894822196695,-2.5381024946737734
Filter,ssp126,2008,Global,0.012276112547770508,2.7718541099632543,2.784130222511025,-2.7595779974154837
Filter,ssp126,2009,Global,0.0031297033591570307,2.6533616032718887,2.656491306631046,-2.6502318999127317
Filter,ssp126,2010,Global,0.03190936771890973,3.647974191446217,3.679883559165127,-3.6160648237273074
Filter,ssp126,2011,Global,0.023738078159958678,2.5706178286277384,2.594355906787697,-2.5468797504677796
Filter,ssp126,2012,Global,-0.018430802604530686,3.3839949514059042,3.3655641488013734,-3.402425754010435
Filter,ssp126,2013,Global,0.04676111442716723,2.8118133255773614,2.8585744400045288,-2.765052211150194
Filter,ssp126,2014,Global,0.054591381301569084,3.6543045078543823,3.7088958891559516,-3.599713126552813
Filter,ssp126,2015,Global,0.03842774295494429,2.696518957958173,2.734946700913117,-2.6580912150032288
Filter,ssp126,2016,Global,0.06844458317079305,2.4166847565764362,2.485129339747229,-2.3482401734056433
Filter,ssp126,2017,Global,0.07897208522389014,3.265872918729584,3.344845003953474,-3.186900833505694
Filter,ssp126,2018,Global,0.06120530394408961,4.408847219781652,4.470052523725742,-4.3476419158375625
Filter,ssp126,2019,Global,0.09726286292504426,2.867947747141372,2.965210610066416,-2.770684884216328
Filter,ssp126,2020,Global,0.0746471547072641,2.975899061330219,3.050546216037483,-2.901251906622955
Filter,ssp126,2021,Global,0.09687526016006007,3.030442128182794,3.127317388342854,-2.933566868022734
Filter,ssp126,2022,Global,0.09331662232359886,3.011357088877218,3.104673711200817,-2.918040466553619
Filter,ssp126,2023,Global,0.08970981132323391,2.9769154538071616,3.0666252651303956,-2.8872056424839276
Filter,ssp126,2024,Global,0.07065450668309899,2.7312688536784004,2.8019233603614992,-2.6606143469953016
Filter,ssp126,2025,Global,0.10726446651286589,3.831691527773508,3.938955994286374,-3.7244270612606423
Filter,ssp126,2026,Global,0.07319161191542722,3.0082434464568224,3.0814350583722496,-2.935051834541395
Filter,ssp126,2027,Global,0.0771071927094889,2.9483288664887786,3.0254360591982676,-2.8712216737792895
Filter,ssp126,2028,Global,0.10473418825756226,3.0340866807554265,3.1388208690129886,-2.9293524924978644
Filter,ssp126,2029,Global,0.09972156603675122,3.112353123931748,3.2120746899684995,-3.0126315578949967
Filter,ssp126,2030,Global,0.12291841083420815,3.15825470335632,3.2811731141905285,-3.035336292522112
Filter,ssp126,2031,Global,0.12142027316077122,3.3258112746312274,3.447231547791999,-3.204391001470456
Filter,ssp126,2032,Global,0.10252065501381652,3.221684358286933,3.3242050133007495,-3.119163703273116
Filter,ssp126,2033,Global,0.13194170776613237,3.9883211791858577,4.12026288695199,-3.8563794714197255
Filter,ssp126,2034,Global,0.11612509584409209,3.806405947339145,3.922531043183237,-3.690280851495053
Filter,ssp126,2035,Global,0.12660513524442005,3.463203862764094,3.589808998008514,-3.336598727519674
Filter,ssp126,2036,Global,0.14031917962667467,2.9133010353674624,3.053620214994137,-2.7729818557407877
Filter,ssp126,2037,Global,0.13325439324223803,3.5533265816292614,3.6865809748714993,-3.4200721883870235
Filter,ssp126,2038,Global,0.09618321630089122,3.8276578584699057,3.923841074770797,-3.7314746421690144
Filter,ssp126,2039,Global,0.10459930283151259,3.098685361409128,3.2032846642406407,-2.9940860585776155
Filter,ssp126,2040,Global,0.10585765191237351,2.9238527357537287,3.0297103876661025,-2.817995083841355
Filter,ssp126,2041,Global,0.12689358385900096,3.2285235912486945,3.3554171751076955,-3.1016300073896934
Filter,ssp126,2042,Global,0.1502221260003509,3.2224305602737586,3.3726526862741095,-3.0722084342734077
Filter,ssp126,2043,Global,0.15550221131424607,3.2039248262515687,3.3594270375658146,-3.048422614937323
Filter,ssp126,2044,Global,0.1425873328430684,3.3509987803153094,3.493586113158378,-3.208411447472241
Filter,ssp126,2045,Global,0.15254924356412453,3.036283608026615,3.1888328515907394,-2.8837343644624904
Filter,ssp126,2046,Global,0.11824338171865459,3.2729965456981027,3.3912399274167573,-3.154753163979448
Filter,ssp126,2047,Global,0.12878662970276644,3.2332743842030633,3.36206101390583,-3.1044877545002967
Filter,ssp126,2048,Global,0.13039944720946822,3.5371339291684154,3.6675333763778837,-3.406734481958947
Filter,ssp126,2049,Global,0.1448018779512476,3.397599243745595,3.5424011216968423,-3.2527973657943474
Filter,ssp126,2050,Global,0.13603967254798277,3.6098833386168008,3.7459230111647837,-3.473843666068818
Filter,ssp126,2051,Global,0.15416478592060334,3.352192488104433,3.5063572740250364,-3.1980277021838295
Filter,ssp126,2052,Global,0.1214961866990946,3.2061197069683414,3.327615893667436,-3.084623520269247
Filter,ssp126,2053,Global,0.13222906049377547,3.345092165476143,3.4773212259699187,-3.2128631049823677
Filter,ssp126,2054,Global,0.1543535236305687,3.2514091742669735,3.405762697897542,-3.097055650636405
Filter,ssp126,2055,Global,0.13971769015908558,3.1117491167634586,3.251466806922544,-2.972031426604373
Filter,ssp126,2056,Global,0.17514295804897623,3.2144114616215713,3.3895544196705476,-3.039268503572595
Filter,ssp126,2057,Global,0.14325447645153067,3.118855971764834,3.2621104482163643,-2.9756014953133034
Filter,ssp126,2058,Global,0.11985582716312237,3.532469523242324,3.6523253504054463,-3.4126136960792017
Filter,ssp126,2059,Global,0.13824577439941832,3.323041141206337,3.4612869156057555,-3.184795366806919
Filter,ssp126,2060,Global,0.1270829654843111,3.5688770394192284,3.6959600049035397,-3.441794073934917
Filter,ssp126,2061,Global,0.13097604289369563,3.9296674812430163,4.060643524136712,-3.7986914383493207
Filter,ssp126,2062,Global,0.12112459162238573,3.190339505251616,3.3114640968740017,-3.06921491362923
Filter,ssp126,2063,Global,0.1319316174348744,3.418881895765368,3.5508135132002425,-3.2869502783304934
Filter,ssp126,2064,Global,0.11239325462866996,2.869762620271694,2.9821558749003643,-2.757369365643024
Filter,ssp126,2065,Global,0.11543509297769583,3.2289052769315605,3.3443403699092564,-3.1134701839538645
Filter,ssp126,2066,Global,0.13454761223139064,3.2609989485645934,3.395546560795984,-3.126451336333203
Filter,ssp126,2067,Global,0.1574621116836094,3.346907356558267,3.5043694682418765,-3.189445244874658
Filter,ssp126,2068,Global,0.15795223344346357,3.082280025453108,3.2402322588965715,-2.9243277920096444
Filter,ssp126,2069,Global,0.15432452256327578,3.272376985211015,3.4267015077742906,-3.1180524626477393
Filter,ssp126,2070,Global,0.16107737108217607,5.049430214062846,5.210507585145022,-4.8883528429806695
Filter,ssp126,2071,Global,0.13876406055735607,3.2043839568262094,3.3431480173835655,-3.0656198962688532
Filter,ssp126,2072,Global,0.1492866651392477,3.32113576315794,3.4704224282971876,-3.171849098018692
Filter,ssp126,2073,Global,0.13602531222352968,3.4146217907992598,3.5506471030227895,-3.27859647857573
Filter,ssp126,2074,Global,0.13485345839983584,3.163533020977539,3.298386479377375,-3.028679562577703
Filter,ssp126,2075,Global,0.11711663446284559,3.1368406157930004,3.253957250255846,-3.019723981330155
Filter,ssp126,2076,Global,0.1219197055804894,3.1134791732565983,3.2353988788370875,-2.991559467676109
Filter,ssp126,2077,Global,0.15261054575526486,3.277885608177699,3.4304961539329635,-3.125275062422434
Filter,ssp126,2078,Global,0.17887283966332593,3.4561386009744317,3.635011440637758,-3.2772657613111056
Filter,ssp126,2079,Global,0.14194608619877325,3.9986817428510184,4.140627829049792,-3.856735656652245
Filter,ssp126,2080,Global,0.158183737224788,3.2748112905844717,3.43299502780926,-3.1166275533596837
Filter,ssp126,2081,Global,0.15668756646592596,3.8256027585756827,3.9822903250416086,-3.6689151921097567
Filter,ssp126,2082,Global,0.18507704115743964,3.4391573153354873,3.624234356492927,-3.2540802741780475
Filter,ssp126,2083,Global,0.16588745133747873,3.884677761027057,4.0505652123645355,-3.7187903096895782
Filter,ssp126,2084,Global,0.12633290563691096,4.671675044707941,4.798007950344852,-4.54534213907103
Filter,ssp126,2085,Global,0.12460387201722198,4.162146448016519,4.2867503200337405,-4.037542575999297
Filter,ssp126,2086,Global,0.15595820952972395,3.725284564384989,3.8812427739147126,-3.569326354855265
Filter,ssp126,2087,Global,0.15478479290995753,3.389092202994839,3.5438769959047964,-3.2343074100848814
Filter,ssp126,2088,Global,0.1439126187673186,3.54379348180794,3.6877061005752587,-3.3998808630406216
Filter,ssp126,2089,Global,0.168914104886237,3.1893538552052054,3.3582679600914425,-3.0204397503189684
Filter,ssp126,2090,Global,0.15685435134811088,4.53455607653542,4.691410427883531,-4.377701725187309
Filter,ssp126,2091,Global,0.1504454324537293,3.1771883678243142,3.3276338002780435,-3.026742935370585
Filter,ssp126,2092,Global,0.17324538795501948,4.006475849853633,4.179721237808653,-3.8332304618986135
Filter,ssp126,2093,Global,0.1302268558304059,4.033786838209083,4.164013694039489,-3.9035599823786766
Filter,ssp126,2094,Global,0.11361916468872796,3.292540688809667,3.406159853498395,-3.178921524120939
Filter,ssp126,2095,Global,0.11949449404693872,3.463727188935894,3.583221682982833,-3.344232694888955
Filter,ssp126,2096,Global,0.10977788319365772,3.215234385443613,3.3250122686372707,-3.1054565022499556
Filter,ssp126,2097,Global,0.15295862051906722,3.7899076609035167,3.942866281422584,-3.6369490403844495
Filter,ssp126,2098,Global,0.14670754495297222,7.984142015619716,8.130849560572688,-7.837434470666743
Filter,ssp126,2099,Global,0.16054729551840352,3.7138021066667735,3.874349402185177,-3.5532548111483697
Filter,ssp126,2100,Global,0.15969652752134267,3.210896098575411,3.3705926260967534,-3.0511995710540685
Filter,ssp370,1980,Global,0.0087521761856566,2.604132913357957,2.6128850895436138,-2.5953807371723006
Filter,ssp370,1981,Global,0.01064588606801873,3.0978274450351235,3.1084733311031423,-3.0871815589671048
Filter,ssp370,1982,Global,0.07882874678458865,3.215852814087469,3.2946815608720574,-3.1370240673028804
Filter,ssp370,1983,Global,0.041308979981523525,3.7455816959533754,3.786890675934899,-3.704272715971852
Filter,ssp370,1984,Global,-0.051352420113516845,3.189909088172619,3.138556668059102,-3.241261508286136
Filter,ssp370,1985,Global,-0.0156776540745008,3.4833275747160064,3.4676499206415055,-3.4990052287905073
Filter,ssp370,1986,Global,-0.007576322193074305,4.0504584653394105,4.042882143146336,-4.058034787532485
Filter,ssp370,1987,Global,-8.579315099920812e-4,2.6775608402963584,2.6767029087863663,-2.6784187718063506
Filter,ssp370,1988,Global,7.249831575589981e-4,2.866566387871689,2.867291371029248,-2.8658414047141303
Filter,ssp370,1989,Global,8.772303650014038e-4,2.832696478798315,2.8335737091633164,-2.831819248433314
Filter,ssp370,1990,Global,-0.03162253794341904,2.5143978109285183,2.482775272985099,-2.5460203488719375
Filter,ssp370,1991,Global,-0.0139306484783298,2.7705959416346713,2.7566652931563413,-2.784526590113001
Filter,ssp370,1992,Global,0.03687549284278323,3.5174491341190044,3.5543246269617876,-3.480573641276221
Filter,ssp370,1993,Global,-0.046655293650308856,2.7461233087544215,2.6994680151041126,-2.7927786024047303
Filter,ssp370,1994,Global,-0.0667026914456198,2.437155347329704,2.370452655884084,-2.5038580387753235
Filter,ssp370,1995,Global,-0.01297291116230977,3.141511791432203,3.1285388802698932,-3.1544847025945124
Filter,ssp370,1996,Global,-0.07578499024667858,2.644915312717016,2.5691303224703375,-2.7207003029636945
Filter,ssp370,1997,Global,0.07163777117316027,3.900264758698456,3.9719025298716164,-3.8286269875252956
Filter,ssp370,1998,Global,0.051381128889653314,2.8974336211973215,2.948814750086975,-2.846052492307668
Filter,ssp370,1999,Global,0.007923422319112798,2.649902971972128,2.657826394291241,-2.641979549653015
Filter,ssp370,2000,Global,0.014177583050691785,3.2899005327762687,3.3040781158269605,-3.275722949725577
Filter,ssp370,2001,Global,0.029918154577116874,2.834054191585252,2.863972346162369,-2.8041360370081354
Filter,ssp370,2002,Global,0.12030233116835336,4.937697765894472,5.058000097062826,-4.8173954347261185
Filter,ssp370,2003,Global,0.20556022692526266,4.7334046072901375,4.9389648342154,-4.527844380364875
Filter,ssp370,2004,Global,0.032356584783522255,3.1436629424193927,3.176019527202915,-3.1113063576358706
Filter,ssp370,2005,Global,0.05919184092435082,2.93361916225728,2.9928110031816306,-2.874427321332929
Filter,ssp370,2006,Global,0.0738234421244743,3.268667044159031,3.342490486283505,-3.1948436020345565
Filter,ssp370,2007,Global,0.015396163761460677,2.553498658435234,2.568894822196695,-2.5381024946737734
Filter,ssp370,2008,Global,0.012276112547770508,2.7718541099632543,2.784130222511025,-2.7595779974154837
Filter,ssp370,2009,Global,0.0031297033591570307,2.6533616032718887,2.656491306631046,-2.6502318999127317
Filter,ssp370,2010,Global,0.03190936771890973,3.647974191446217,3.679883559165127,-3.6160648237273074
Filter,ssp370,2011,Global,0.023738078159958678,2.5706178286277384,2.594355906787697,-2.5468797504677796
Filter,ssp370,2012,Global,-0.018430802604530686,3.3839949514059042,3.3655641488013734,-3.402425754010435
Filter,ssp370,2013,Global,0.04676111442716723,2.8118133255773614,2.8585744400045288,-2.765052211150194
Filter,ssp370,2014,Global,0.054591381301569084,3.6543045078543823,3.7088958891559516,-3.599713126552813
Filter,ssp370,2015,Global,0.020787155380343585,4.230776796866591,4.251563952246935,-4.209989641486247
Filter,ssp370,2016,Global,0.06538699653161956,3.0342043365814706,3.09959133311309,-2.968817340049851
Filter,ssp370,2017,Global,0.0658298490686677,2.965713151915033,3.0315430009837008,-2.8998833028463653
Filter,ssp370,2018,Global,0.07217798533778527,2.841384063996447,2.913562049334232,-2.769206078658662
Filter,ssp370,2019,Global,0.113489038777118,3.034517012670079,3.148006051447197,-2.921027973892961
Filter,ssp370,2020,Global,0.09405052432845402,2.5346755745388796,2.6287260988673338,-2.4406250502104254
Filter,ssp370,2021,Global,0.059677833591076535,3.9664803829146766,4.0261582165057535,-3.9068025493236003
Filter,ssp370,2022,Global,0.06165505130196209,2.996198094023834,3.0578531453257964,-2.934543042721872
Filter,ssp370,2023,Global,0.09305358887219581,4.073364357309168,4.1664179461813635,-3.980310768436972
Filter,ssp370,2024,Global,0.10772011082860528,2.8642530526136265,2.971973163442232,-2.756532941785021
Filter,ssp370,2025,Global,0.09922479476579452,2.6369047924389566,2.736129587204751,-2.537679997673162
Filter,ssp370,2026,Global,0.10840509141919528,2.672811983029434,2.7812170744486293,-2.564406891610239
Filter,ssp370,2027,Global,0.08831931109918201,3.57650425050127,3.6648235616004516,-3.488184939402088
Filter,ssp370,2028,Global,0.09432465541951188,2.9238422155939343,3.018166871013446,-2.8295175601744225
Filter,ssp370,2029,Global,0.06873949151817149,3.4484863630291764,3.517225854547348,-3.379746871511005
Filter,ssp370,2030,Global,0.07830212070720918,3.3114633036873715,3.3897654243945805,-3.2331611829801625
Filter,ssp370,2031,Global,0.11313545220812105,2.915554775525694,3.028690227733815,-2.802419323317573
Filter,ssp370,2032,Global,0.104382628667456,2.967879773797278,3.0722624024647343,-2.863497145129822
Filter,ssp370,2033,Global,0.09584189115567882,2.8741479234304967,2.9699898145861754,-2.778306032274818
Filter,ssp370,2034,Global,0.13501925773623874,2.9865502800928443,3.121569537829083,-2.8515310223566055
Filter,ssp370,2035,Global,0.1252275359996539,2.9151932813256014,3.040420817325255,-2.7899657453259477
Filter,ssp370,2036,Global,0.12745602029824554,3.1749427252228766,3.3023987455211223,-3.047486704924631
Filter,ssp370,2037,Global,0.14527650585557972,4.005105281429135,4.150381787284714,-3.859828775573555
Filter,ssp370,2038,Global,0.13734711056453336,4.960796239184988,5.098143349749521,-4.823449128620454
Filter,ssp370,2039,Global,0.1213902296791915,3.1535523404813257,3.2749425701605173,-3.032162110802134
Filter,ssp370,2040,Global,0.15638287369344783,3.349680559993385,3.5060634336868333,-3.193297686299937
Filter,ssp370,2041,Global,0.14726907104556597,3.056655280245082,3.203924351290648,-2.909386209199516
Filter,ssp370,2042,Global,0.11616259094937192,3.2721574947481638,3.3883200856975355,-3.155994903798792
Filter,ssp370,2043,Global,0.1691921199531332,3.413224313312914,3.5824164332660473,-3.2440321933597804
Filter,ssp370,2044,Global,0.1312950176811214,3.0712688752149258,3.2025638928960474,-2.939973857533804
Filter,ssp370,2045,Global,0.15892658400181278,3.075786171431398,3.2347127554332107,-2.916859587429585
Filter,ssp370,2046,Global,0.18069183635846015,3.1964026832358754,3.3770945195943356,-3.015710846877415
Filter,ssp370,2047,Global,0.18669842123616898,3.538702020115827,3.725400441351996,-3.352003598879658
Filter,ssp370,2048,Global,0.17988641616798462,3.195953516702002,3.3758399328699866,-3.016067100534017
Filter,ssp370,2049,Global,0.16038605552453963,3.3595409597235437,3.5199270152480833,-3.199154904199004
Filter,ssp370,2050,Global,0.18121415955303738,3.257335356707081,3.4385495162601183,-3.076121197154044
Filter,ssp370,2051,Global,0.17102591402152456,3.349192418549523,3.5202183325710474,-3.1781665045279985
Filter,ssp370,2052,Global,0.16820872320219865,3.420513151415752,3.5887218746179506,-3.2523044282135536
Filter,ssp370,2053,Global,0.18184898587026632,3.24762022519991,3.429469211070176,-3.0657712393296435
Filter,ssp370,2054,Global,0.17171798568096464,3.221596162571567,3.3933141482525313,-3.0498781768906023
Filter,ssp370,2055,Global,0.17033074762204264,3.3444450603038356,3.5147758079258784,-3.174114312681793
Filter,ssp370,2056,Global,0.170943286696793,3.1724789892510907,3.3434222759478835,-3.001535702554298
Filter,ssp370,2057,Global,0.19875290843010246,3.5998608368035243,3.798613745233627,-3.401107928373422
Filter,ssp370,2058,Global,0.16637339371359336,3.378125009031628,3.5444984027452215,-3.2117516153180348
Filter,ssp370,2059,Global,0.2031321570930394,3.4193326306281215,3.622464787721161,-3.216200473535082
Filter,ssp370,2060,Global,0.1754969473479954,3.559799576834617,3.7352965241826124,-3.3843026294866214
Filter,ssp370,2061,Global,0.19979186561915496,4.015176343963215,4.21496820958237,-3.81538447834406
Filter,ssp370,2062,Global,0.1927072588087071,3.4794742214516865,3.6721814802603934,-3.2867669626429796
Filter,ssp370,2063,Global,0.21366865172278354,3.5087134204432644,3.722382072166048,-3.295044768720481
Filter,ssp370,2064,Global,0.23382143925249835,3.3976986574368397,3.631520096689338,-3.1638772181843415
Filter,ssp370,2065,Global,0.20678083715875323,3.4546942359061292,3.6614750730648824,-3.247913398747376
Filter,ssp370,2066,Global,0.22965007065573362,3.359163113566308,3.5888131842220417,-3.1295130429105744
Filter,ssp370,2067,Global,0.22286949583060706,4.133635219144266,4.356504714974873,-3.9107657233136592
Filter,ssp370,2068,Global,0.21002297040144174,3.6481853177963717,3.8582082881978135,-3.43816234739493
Filter,ssp370,2069,Global,0.21316910314937573,3.23101905946654,3.444188162615916,-3.017849956317164
Filter,ssp370,2070,Global,0.21374832301820385,3.796977082362984,4.010725405381188,-3.58322875934478
Filter,ssp370,2071,Global,0.23808866836252704,3.6968431473118617,3.9349318156743887,-3.4587544789493347
Filter,ssp370,2072,Global,0.26579913393580956,3.796593908641147,4.062393042576956,-3.5307947747053374
Filter,ssp370,2073,Global,0.27009322315840645,3.6382063402113425,3.908299563369749,-3.368113117052936
Filter,ssp370,2074,Global,0.270310213310055,3.963736505070826,4.234046718380881,-3.6934262917607708
Filter,ssp370,2075,Global,0.2510572117707385,3.5953413270749848,3.8463985388457234,-3.344284115304246
Filter,ssp370,2076,Global,0.262154230452568,3.7326221522751033,3.994776382727671,-3.4704679218225354
Filter,ssp370,2077,Global,0.28093776085838174,3.807121285322537,4.088059046180919,-3.5261835244641553
Filter,ssp370,2078,Global,0.25523111459839476,3.804773542618841,4.0600046572172355,-3.5495424280204464
Filter,ssp370,2079,Global,0.26031151754676574,4.205805547201387,4.466117064748153,-3.9454940296546215
Filter,ssp370,2080,Global,0.30636471435709517,3.649105583636098,3.9554702979931933,-3.342740869279003
Filter,ssp370,2081,Global,0.2872423776762037,3.8759265262073193,4.163168903883523,-3.5886841485311156
Filter,ssp370,2082,Global,0.28752932042407153,3.972740466614074,4.260269787038146,-3.6852111461900026
Filter,ssp370,2083,Global,0.2663186386018157,3.7412366859211277,4.007555324522944,-3.4749180473193118
Filter,ssp370,2084,Global,0.2695984120736067,3.9525407529051697,4.222139164978777,-3.682942340831563
Filter,ssp370,2085,Global,0.2981020714945616,4.273692255489383,4.5717943269839445,-3.9755901839948216
Filter,ssp370,2086,Global,0.2985904093038705,4.147371984434707,4.4459623937385775,-3.848781575130836
Filter,ssp370,2087,Global,0.31259975489908637,3.83165707318907,4.144256828088156,-3.5190573182899834
Filter,ssp370,2088,Global,0.3242366392231395,3.831763445530878,4.156000084754018,-3.5075268063077383
Filter,ssp370,2089,Global,0.30039563161534477,4.020166045953987,4.320561677569332,-3.719770414338642
Filter,ssp370,2090,Global,0.33825908906950536,3.974548435817662,4.312807524887167,-3.6362893467481565
Filter,ssp370,2091,Global,0.327491607869395,4.19273316242361,4.520224770293005,-3.865241554554215
Filter,ssp370,2092,Global,0.35212362794716845,4.193058907590252,4.54518253553742,-3.840935279643083
Filter,ssp370,2093,Global,0.37392130719327243,4.278349205700387,4.65227051289366,-3.9044278985071146
Filter,ssp370,2094,Global,0.345112705499209,3.801986636622409,4.147099342121618,-3.4568739311231997
Filter,ssp370,2095,Global,0.3374395387925426,3.7422102956903656,4.079649834482908,-3.4047707568978227
Filter,ssp370,2096,Global,0.3616576136118844,3.929794697740082,4.291452311351966,-3.5681370841281974
Filter,ssp370,2097,Global,0.34125993199718097,4.124484126683394,4.465744058680575,-3.7832241946862135
Filter,ssp370,2098,Global,0.36647109132011646,4.38591971109174,4.752390802411856,-4.019448619771623
Filter,ssp370,2099,Global,0.3761710931925408,4.391168425791196,4.767339518983737,-4.0149973325986545
Filter,ssp370,2100,Global,0.3803040636814945,4.159537289189382,4.5398413528708765,-3.7792332255078875
Filter,ssp585,1980,Global,0.0087521761856566,2.604132913357957,2.6128850895436138,-2.5953807371723006
Filter,ssp585,1981,Global,0.01064588606801873,3.0978274450351235,3.1084733311031423,-3.0871815589671048
Filter,ssp585,1982,Global,0.07882874678458865,3.215852814087469,3.2946815608720574,-3.1370240673028804
Filter,ssp585,1983,Global,0.041308979981523525,3.7455816959533754,3.786890675934899,-3.704272715971852
Filter,ssp585,1984,Global,-0.051352420113516845,3.189909088172619,3.138556668059102,-3.241261508286136
Filter,ssp585,1985,Global,-0.0156776540745008,3.4833275747160064,3.4676499206415055,-3.4990052287905073
Filter,ssp585,1986,Global,-0.007576322193074305,4.0504584653394105,4.042882143146336,-4.058034787532485
Filter,ssp585,1987,Global,-8.579315099920812e-4,2.6775608402963584,2.6767029087863663,-2.6784187718063506
Filter,ssp585,1988,Global,7.249831575589981e-4,2.866566387871689,2.867291371029248,-2.8658414047141303
Filter,ssp585,1989,Global,8.772303650014038e-4,2.832696478798315,2.8335737091633164,-2.831819248433314
Filter,ssp585,1990,Global,-0.03162253794341904,2.5143978109285183,2.482775272985099,-2.5460203488719375
Filter,ssp585,1991,Global,-0.0139306484783298,2.7705959416346713,2.7566652931563413,-2.784526590113001
Filter,ssp585,1992,Global,0.03687549284278323,3.5174491341190044,3.5543246269617876,-3.480573641276221
Filter,ssp585,1993,Global,-0.046655293650308856,2.7461233087544215,2.6994680151041126,-2.7927786024047303
Filter,ssp585,1994,Global,-0.0667026914456198,2.437155347329704,2.370452655884084,-2.5038580387753235
Filter,ssp585,1995,Global,-0.01297291116230977,3.141511791432203,3.1285388802698932,-3.1544847025945124
Filter,ssp585,1996,Global,-0.07578499024667858,2.644915312717016,2.5691303224703375,-2.7207003029636945
Filter,ssp585,1997,Global,0.07163777117316027,3.900264758698456,3.9719025298716164,-3.8286269875252956
Filter,ssp585,1998,Global,0.051381128889653314,2.8974336211973215,2.948814750086975,-2.846052492307668
Filter,ssp585,1999,Global,0.007923422319112798,2.649902971972128,2.657826394291241,-2.641979549653015
Filter,ssp585,2000,Global,0.014177583050691785,3.2899005327762687,3.3040781158269605,-3.275722949725577
Filter,ssp585,2001,Global,0.029918154577116874,2.834054191585252,2.863972346162369,-2.8041360370081354
Filter,ssp585,2002,Global,0.12030233116835336,4.937697765894472,5.058000097062826,-4.8173954347261185
Filter,ssp585,2003,Global,0.20556022692526266,4.7334046072901375,4.9389648342154,-4.527844380364875
Filter,ssp585,2004,Global,0.032356584783522255,3.1436629424193927,3.176019527202915,-3.1113063576358706
Filter,ssp585,2005,Global,0.05919184092435082,2.93361916225728,2.9928110031816306,-2.874427321332929
Filter,ssp585,2006,Global,0.0738234421244743,3.268667044159031,3.342490486283505,-3.1948436020345565
Filter,ssp585,2007,Global,0.015396163761460677,2.553498658435234,2.568894822196695,-2.5381024946737734
Filter,ssp585,2008,Global,0.012276112547770508,2.7718541099632543,2.784130222511025,-2.7595779974154837
Filter,ssp585,2009,Global,0.0031297033591570307,2.6533616032718887,2.656491306631046,-2.6502318999127317
Filter,ssp585,2010,Global,0.03190936771890973,3.647974191446217,3.679883559165127,-3.6160648237273074
Filter,ssp585,2011,Global,0.023738078159958678,2.5706178286277384,2.594355906787697,-2.5468797504677796
Filter,ssp585,2012,Global,-0.018430802604530686,3.3839949514059042,3.3655641488013734,-3.402425754010435
Filter,ssp585,2013,Global,0.04676111442716723,2.8118133255773614,2.8585744400045288,-2.765052211150194
Filter,ssp585,2014,Global,0.054591381301569084,3.6543045078543823,3.7088958891559516,-3.599713126552813
Filter,ssp585,2015,Global,0.031557094315977176,3.5361569164618207,3.567714010777798,-3.5045998221458436
Filter,ssp585,2016,Global,0.08038492208789355,3.5262041676442757,3.6065890897321693,-3.445819245556382
Filter,ssp585,2017,Global,0.04177512732843347,3.329892376029803,3.3716675033582364,-3.2881172487013695
Filter,ssp585,2018,Global,0.050002663836302225,2.9849248146676173,3.0349274785039193,-2.9349221508313152
Filter,ssp585,2019,Global,0.08947376519778787,2.828144354968141,2.917618120165929,-2.7386705897703534
Filter,ssp585,2020,Global,0.10792757122437471,2.313567307117038,2.4214948783414125,-2.2056397358926634
Filter,ssp585,2021,Global,0.07001169169295918,3.7818115222085766,3.851823213901536,-3.7117998305156172
Filter,ssp585,2022,Global,0.08389978843334034,7.444490922314619,7.52839071074796,-7.360591133881279
Filter,ssp585,2023,Global,0.09774393137747031,3.0578034128195783,3.1555473441970485,-2.960059481442108
Filter,ssp585,2024,Global,0.06660058727477831,2.827666098450053,2.894266685724831,-2.7610655111752744
Filter,ssp585,2025,Global,0.08044643444763958,2.947183319646836,3.0276297540944754,-2.8667368851991966
Filter,ssp585,2026,Global,0.09556441418867248,3.025044205169806,3.1206086193584786,-2.929479790981133
Filter,ssp585,2027,Global,0.10147984998631907,3.6739429069056944,3.7754227568920133,-3.5724630569193754
Filter,ssp585,2028,Global,0.08604132425110242,2.9088715460218864,2.9949128702729886,-2.822830221770784
Filter,ssp585,2029,Global,0.08213795522218076,3.553178282250549,3.63531623747273,-3.4710403270283683
Filter,ssp585,2030,Global,0.10530241746972999,2.950925403372349,3.056227820842079,-2.845622985902619
Filter,ssp585,2031,Global,0.12669937543289408,4.037999638863832,4.164699014296726,-3.911300263430938
Filter,ssp585,2032,Global,0.1365594983873184,3.11649327251214,3.2530527708994583,-2.979933774124822
Filter,ssp585,2033,Global,0.1466132394597248,3.3651008617864555,3.5117141012461803,-3.2184876223267307
Filter,ssp585,2034,Global,0.11843452196491627,2.8653463864016624,2.9837809083665787,-2.746911864436746
Filter,ssp585,2035,Global,0.14028821432762464,2.73376040783541,2.8740486221630346,-2.5934721935077856
Filter,ssp585,2036,Global,0.13334737804646618,3.3256521884526067,3.458999566499073,-3.1923048104061404
Filter,ssp585,2037,Global,0.13652296628554111,3.2721409325212067,3.408663898806748,-3.1356179662356656
Filter,ssp585,2038,Global,0.13736301011410307,3.0282267858422607,3.1655897959563637,-2.8908637757281577
Filter,ssp585,2039,Global,0.13766294320862177,3.0035172228540397,3.1411801660626613,-2.865854279645418
Filter,ssp585,2040,Global,0.1453882260400389,3.3232556631295163,3.468643889169555,-3.1778674370894775
Filter,ssp585,2041,Global,0.13836236677749092,2.9566620082043125,3.0950243749818034,-2.8182996414268215
Filter,ssp585,2042,Global,0.1610545336014217,2.987594853121365,3.148649386722787,-2.8265403195199434
Filter,ssp585,2043,Global,0.18130787758370362,3.035252095603066,3.21655997318677,-2.8539442180193624
Filter,ssp585,2044,Global,0.19073598499292885,2.988720911416483,3.1794568964094116,-2.7979849264235543
Filter,ssp585,2045,Global,0.17424007714639528,3.1418735782159333,3.3161136553623285,-2.967633501069538
Filter,ssp585,2046,Global,0.15965416579541003,3.3607670365934816,3.5204212023888917,-3.2011128707980716
Filter,ssp585,2047,Global,0.17151903298167775,3.3697688231876306,3.5412878561693084,-3.198249790205953
Filter,ssp585,2048,Global,0.20342678152265536,3.2932611360023643,3.4966879175250196,-3.089834354479709
Filter,ssp585,2049,Global,0.20402019090124918,3.3975175130694844,3.6015377039707337,-3.193497322168235
Filter,ssp585,2050,Global,0.19484653304027244,3.2329513020392344,3.427797835079507,-3.038104768998962
Filter,ssp585,2051,Global,0.22520148940192095,3.1408683508682493,3.3660698402701703,-2.9156668614663284
Filter,ssp585,2052,Global,0.22314178858214434,3.542331883104504,3.7654736716866486,-3.3191900945223596
Filter,ssp585,2053,Global,0.21076031711881246,3.6071316280932906,3.817891945212103,-3.396371310974478
Filter,ssp585,2054,Global,0.234305884413513,3.730277345447633,3.964583229861146,-3.4959714610341197
Filter,ssp585,2055,Global,0.19508686036385406,3.528672474420741,3.7237593347845954,-3.333585614056887
Filter,ssp585,2056,Global,0.18368728026082376,3.4372650756899543,3.620952355950778,-3.2535777954291305
Filter,ssp585,2057,Global,0.2231219912078719,3.4237486089235056,3.6468706001313773,-3.200626617715634
Filter,ssp585,2058,Global,0.2332063110381113,3.333670063568927,3.5668763746070384,-3.100463752530816
Filter,ssp585,2059,Global,0.2061021327360623,3.4620724371410074,3.6681745698770696,-3.2559703044049453
Filter,ssp585,2060,Global,0.24101943975161888,3.6886994323176054,3.929718872069224,-3.4476799925659867
Filter,ssp585,2061,Global,0.2514915781472544,3.8676253480950833,4.119116926242338,-3.6161337699478286
Filter,ssp585,2062,Global,0.23334212184277853,3.739659476200973,3.9730015980437514,-3.5063173543581945
Filter,ssp585,2063,Global,0.2745207075477224,3.8043668023504527,4.078887509898175,-3.52984609480273
Filter,ssp585,2064,Global,0.2614712206294706,3.632969845737566,3.8944410663670364,-3.3714986251080954
Filter,ssp585,2065,Global,0.2526434572839833,3.630055767625445,3.8826992249094285,-3.3774123103414615
Filter,ssp585,2066,Global,0.2851177219839086,3.7914565113087697,4.076574233292678,-3.506338789324861
Filter,ssp585,2067,Global,0.2689427712766489,3.6276280580747504,3.896570829351399,-3.3586852867981016
Filter,ssp585,2068,Global,0.2817201052288012,3.541763890882281,3.823483996111082,-3.2600437856534796
Filter,ssp585,2069,Global,0.30640780307562765,4.041665233897146,4.348073036972774,-3.7352574308215187
Filter,ssp585,2070,Global,0.3252268392255705,4.0066555186459265,4.331882357871497,-3.681428679420356
Filter,ssp585,2071,Global,0.2863524578866301,4.0449895401156954,4.331341998002325,-3.7586370822290656
Filter,ssp585,2072,Global,0.2893247605739546,3.927632834944609,4.216957595518563,-3.6383080743706544
Filter,ssp585,2073,Global,0.3192547433609829,4.026533765349585,4.345788508710568,-3.7072790219886023
Filter,ssp585,2074,Global,0.2987844426517636,4.01893354272883,4.317717985380594,-3.720149100077067
Filter,ssp585,2075,Global,0.27921101494894773,4.086409083702856,4.365620098651804,-3.807198068753908
Filter,ssp585,2076,Global,0.290382005565471,4.0926945597842455,4.383076565349716,-3.8023125542187746
Filter,ssp585,2077,Global,0.32178893988340335,4.5351056857882766,4.85689462567168,-4.213316745904873
Filter,ssp585,2078,Global,0.342754510201586,4.277549304065084,4.62030381426667,-3.9347947938634977
Filter,ssp585,2079,Global,0.2943486526607116,4.076108253912987,4.370456906573699,-3.7817596012522756
Filter,ssp585,2080,Global,0.3164761682762556,3.818282944669837,4.134759112946092,-3.5018067763935816
Filter,ssp585,2081,Global,0.3745117662443509,4.102134079100356,4.476645845344707,-3.7276223128560053
Filter,ssp585,2082,Global,0.3684456783548669,4.008756624596752,4.377202302951619,-3.6403109462418852
Filter,ssp585,2083,Global,0.3574008856465153,4.3785505135765925,4.735951399223108,-4.021149627930077
Filter,ssp585,2084,Global,0.341805765261344,4.299151570984415,4.640957336245759,-3.9573458057230706
Filter,ssp585,2085,Global,0.3540100194097301,4.449630135986541,4.8036401553962715,-4.095620116576811
Filter,ssp585,2086,Global,0.3642081322551827,4.450358175421183,4.814566307676365,-4.0861500431660005
Filter,ssp585,2087,Global,0.33774490701310805,4.688043944208892,5.025788851222,-4.350299037195784
Filter,ssp585,2088,Global,0.40180221425677665,4.695865940509268,5.097668154766045,-4.294063726252491
Filter,ssp585,2089,Global,0.4073705296638829,4.212590534420701,4.619961064084584,-3.8052200047568183
Filter,ssp585,2090,Global,0.36563451596376284,4.483354794609098,4.848989310572861,-4.117720278645335
Filter,ssp585,2091,Global,0.3682426050260225,4.391771498412678,4.7600141034387,-4.023528893386655
Filter,ssp585,2092,Global,0.37326789686252393,4.338852369565023,4.712120266427547,-3.965584472702499
Filter,ssp585,2093,Global,0.3577536360312308,4.412897138822834,4.770650774854065,-4.055143502791603
Filter,ssp585,2094,Global,0.38877033616146,4.4424173397484505,4.83118767590991,-4.053647003586991
Filter,ssp585,2095,Global,0.43663349066661694,4.3728816006565685,4.809515091323186,-3.9362481099899513
Filter,ssp585,2096,Global,0.40344927403145264,4.7863238075583645,5.189773081589817,-4.382874533526912
Filter,ssp585,2097,Global,0.376556578711713,4.561294291754483,4.937850870466196,-4.18473771304277
Filter,ssp585,2098,Global,0.4177803369203644,4.481187742979574,4.898968079899938,-4.06340740605921
Filter,ssp585,2099,Global,0.41744922671255175,4.694086877518186,5.111536104230737,-4.276637650805634
Filter,ssp585,2100,Global,0.4429375539279403,4.6217473308084775,5.064684884736418,-4.178809776880537
Filter,ssp126,1980,Polar,0.023659601580079955,3.504949025393281,3.528608626973361,-3.4812894238132013
Filter,ssp126,1981,Polar,-0.08176499494345683,4.4974950127957145,4.415730017852257,-4.579260007739172
Filter,ssp126,1982,Polar,0.14837091723422718,3.572664066410727,3.7210349836449543,-3.4242931491765
Filter,ssp126,1983,Polar,0.16467352821709755,5.676247763974539,5.840921292191636,-5.5115742357574415
Filter,ssp126,1984,Polar,-0.0792643821404821,5.04308744472199,4.963823062581508,-5.122351826862472
Filter,ssp126,1985,Polar,0.031589821052308634,5.748107758791176,5.779697579843484,-5.7165179377388675
Filter,ssp126,1986,Polar,0.058279069284382784,6.817192537269469,6.875471606553852,-6.758913467985087
Filter,ssp126,1987,Polar,0.07286956270359143,4.2984703548004735,4.371339917504065,-4.225600792096882
Filter,ssp126,1988,Polar,-0.01298898188735919,4.034158249227039,4.02116926733968,-4.047147231114398
Filter,ssp126,1989,Polar,-0.09837964944931574,4.111630396302035,4.0132507468527185,-4.210010045751351
Filter,ssp126,1990,Polar,-0.08674789593041474,3.7140752768351275,3.627327380904713,-3.800823172765542
Filter,ssp126,1991,Polar,-0.030771155536628434,4.628439370428212,4.597668214891583,-4.65921052596484
Filter,ssp126,1992,Polar,0.18677969877034128,5.913071765510629,6.09985146428097,-5.726292066740287
Filter,ssp126,1993,Polar,-0.12024203163420376,4.213180119019209,4.092938087385005,-4.333422150653413
Filter,ssp126,1994,Polar,-0.13756638513113756,3.5447737325756776,3.40720734744454,-3.6823401177068154
Filter,ssp126,1995,Polar,-0.01470778654709966,5.187269088451561,5.172561301904461,-5.201976874998661
Filter,ssp126,1996,Polar,-0.2538803917287946,4.080437072292869,3.8265566805640745,-4.334317464021664
Filter,ssp126,1997,Polar,0.1428533010244924,6.511384007881855,6.654237308906347,-6.368530706857363
Filter,ssp126,1998,Polar,0.1116006317783699,4.631299114371758,4.742899746150128,-4.5196984825933875
Filter,ssp126,1999,Polar,-0.011581152369978939,4.2521624129836475,4.240581260613668,-4.263743565353627
Filter,ssp126,2000,Polar,-0.012781324346020114,4.88529644408495,4.87251511973893,-4.898077768430969
Filter,ssp126,2001,Polar,0.02505234702169533,4.342877809553147,4.367930156574842,-4.317825462531451
Filter,ssp126,2002,Polar,0.2678217931960115,7.181835315564755,7.449657108760767,-6.914013522368744
Filter,ssp126,2003,Polar,0.41629978780525706,7.311080580911169,7.727380368716426,-6.894780793105912
Filter,ssp126,2004,Polar,0.013110063361129342,5.02651711416228,5.039627177523409,-5.013407050801151
Filter,ssp126,2005,Polar,0.08032453160856648,4.623655451001636,4.7039799826102024,-4.54333091939307
Filter,ssp126,2006,Polar,0.13177205823619803,5.19101408948306,5.322786147719258,-5.059242031246862
Filter,ssp126,2007,Polar,-0.010055764645235202,3.5347383867983893,3.524682622153154,-3.5447941514436243
Filter,ssp126,2008,Polar,-0.045080634686976026,4.129078982027552,4.083998347340576,-4.174159616714529
Filter,ssp126,2009,Polar,0.017483158532982712,3.946648494088115,3.9641316526210977,-3.9291653355551324
Filter,ssp126,2010,Polar,0.09417329927039239,5.739493813576837,5.8336671128472295,-5.645320514306445
Filter,ssp126,2011,Polar,-0.030009498683312354,3.615777281196488,3.5857677825131757,-3.6457867798798
Filter,ssp126,2012,Polar,-0.16414186451766757,5.0732843079460395,4.9091424434283715,-5.2374261724637075
Filter,ssp126,2013,Polar,0.022814181685165816,3.9676120015110836,3.9904261831962495,-3.9447978198259177
Filter,ssp126,2014,Polar,0.12440969514303805,5.627212095129273,5.751621790272311,-5.502802399986234
Filter,ssp126,2015,Polar,0.10489647049547832,3.364004089778275,3.4689005602737533,-3.259107619282797
Filter,ssp126,2016,Polar,0.06368633181895947,3.668132382942171,3.7318187147611304,-3.6044460511232113
Filter,ssp126,2017,Polar,0.02111045589423501,4.908539149108602,4.9296496050028376,-4.887428693214367
Filter,ssp126,2018,Polar,0.08344042281303003,7.035492154387814,7.1189325772008445,-6.952051731574784
Filter,ssp126,2019,Polar,0.13073967102850267,4.508336426469269,4.639076097497771,-4.377596755440766
Filter,ssp126,2020,Polar,0.09780517801257171,3.954650810537059,4.052455988549631,-3.856845632524487
Filter,ssp126,2021,Polar,0.12102929836297682,4.00662844785379,4.127657746216767,-3.8855991494908126
Filter,ssp126,2022,Polar,0.10503055274537904,4.062951174952558,4.167981727697938,-3.957920622207179
Filter,ssp126,2023,Polar,0.10068025008564031,4.2225603566677945,4.323240606753435,-4.121880106582154
Filter,ssp126,2024,Polar,0.07058896537871243,3.8483244163400685,3.918913381718781,-3.777735450961356
Filter,ssp126,2025,Polar,0.1496013359564829,5.951914465092161,6.101515801048643,-5.802313129135678
Filter,ssp126,2026,Polar,0.11042379261989785,4.351916050459956,4.462339843079854,-4.241492257840059
Filter,ssp126,2027,Polar,0.11953377477352528,4.16775831556692,4.287292090340445,-4.048224540793395
Filter,ssp126,2028,Polar,0.18238588961961258,4.383988675260262,4.566374564879875,-4.20160278564065
Filter,ssp126,2029,Polar,0.15773225520642017,4.209871666408571,4.3676039216149904,-4.052139411202151
Filter,ssp126,2030,Polar,0.1571391817004578,4.130537420479869,4.287676602180327,-3.9733982387794113
Filter,ssp126,2031,Polar,0.14917500874078632,4.608556867001821,4.757731875742607,-4.459381858261034
Filter,ssp126,2032,Polar,0.13497585567508025,4.478337062878379,4.613312918553459,-4.343361207203299
Filter,ssp126,2033,Polar,0.1461220533685184,5.9973764640652005,6.143498517433719,-5.851254410696682
Filter,ssp126,2034,Polar,0.2136384235910445,4.426913096156,4.640551519747045,-4.213274672564956
Filter,ssp126,2035,Polar,0.1996188786807334,5.049157800182004,5.248776678862738,-4.849538921501271
Filter,ssp126,2036,Polar,0.17858118699494033,3.9965342771139056,4.175115464108846,-3.8179530901189653
Filter,ssp126,2037,Polar,0.2066216276038384,5.335080069767472,5.541701697371311,-5.128458442163634
Filter,ssp126,2038,Polar,0.18321178514313546,3.8762373591004833,4.059449144243619,-3.693025573957348
Filter,ssp126,2039,Polar,0.19152886467083485,4.188296264814396,4.379825129485232,-3.9967674001435616
Filter,ssp126,2040,Polar,0.219051473513572,3.8192037106606604,4.038255184174233,-3.6001522371470887
Filter,ssp126,2041,Polar,0.17281912708717537,4.367630865938192,4.5404499930253674,-4.194811738851017
Filter,ssp126,2042,Polar,0.1980386891680891,3.7248075365068667,3.922846225674956,-3.5267688473387775
Filter,ssp126,2043,Polar,0.2555332118484009,4.090094611665889,4.34562782351429,-3.8345613998174883
Filter,ssp126,2044,Polar,0.1808368331647643,4.533554753408402,4.714391586573166,-4.352717920243638
Filter,ssp126,2045,Polar,0.2281035262648416,3.746802395701538,3.9749059219663794,-3.5186988694366965
Filter,ssp126,2046,Polar,0.2344691762972159,4.241959872458107,4.476429048755323,-4.007490696160891
Filter,ssp126,2047,Polar,0.21872278997269062,4.398560788477991,4.617283578450682,-4.179837998505301
Filter,ssp126,2048,Polar,0.22259349747426171,4.077955339369569,4.300548836843831,-3.8553618418953075
Filter,ssp126,2049,Polar,0.21281480334042246,4.60793704527425,4.820751848614672,-4.395122241933827
Filter,ssp126,2050,Polar,0.220008861048605,4.956386658448239,5.176395519496844,-4.736377797399634
Filter,ssp126,2051,Polar,0.17481990388409274,4.348926231795554,4.523746135679646,-4.174106327911462
Filter,ssp126,2052,Polar,0.2046691055084333,3.884413045594704,4.089082151103137,-3.6797439400862704
Filter,ssp126,2053,Polar,0.2429215937763879,4.683695310813331,4.926616904589719,-4.440773717036943
Filter,ssp126,2054,Polar,0.23948138154192927,4.320675898691292,4.560157280233221,-4.081194517149362
Filter,ssp126,2055,Polar,0.21160217253683783,3.9106559114314536,4.122258083968291,-3.699053738894616
Filter,ssp126,2056,Polar,0.2794097913765825,4.2490735484509585,4.528483339827541,-3.9696637570743762
Filter,ssp126,2057,Polar,0.2993299576794004,3.694848961255743,3.9941789189351433,-3.3955190035763425
Filter,ssp126,2058,Polar,0.17294136319124673,5.13934526813612,5.312286631327367,-4.966403904944873
Filter,ssp126,2059,Polar,0.1976260123757542,4.34941042381628,4.547036436192034,-4.151784411440525
Filter,ssp126,2060,Polar,0.21520001159478408,4.295835782258341,4.511035793853125,-4.080635770663557
Filter,ssp126,2061,Polar,0.22774182082053124,5.794207916841322,6.021949737661854,-5.566466096020791
Filter,ssp126,2062,Polar,0.21924554562025145,3.5671569447227847,3.786402490343036,-3.347911399102533
Filter,ssp126,2063,Polar,0.2621724720819427,4.569801461479381,4.831973933561324,-4.307628989397438
Filter,ssp126,2064,Polar,0.22483186359737312,3.8559536938127,4.080785557410073,-3.631121830215327
Filter,ssp126,2065,Polar,0.31715266882892834,4.034152034531054,4.3513047033599825,-3.716999365702126
Filter,ssp126,2066,Polar,0.25123839470115467,4.454462105820576,4.70570050052173,-4.2032237111194215
Filter,ssp126,2067,Polar,0.27519915593887434,4.355472533327664,4.630671689266538,-4.08027337738879
Filter,ssp126,2068,Polar,0.27581520499031215,3.8686457590212586,4.144460964011571,-3.5928305540309466
Filter,ssp126,2069,Polar,0.21433508137036977,4.385567911600232,4.599902992970602,-4.171232830229862
Filter,ssp126,2070,Polar,0.2073280879795379,6.52483994626962,6.732168034249158,-6.317511858290082
Filter,ssp126,2071,Polar,0.24002689605461466,4.082216947167715,4.32224384322233,-3.8421900511131
Filter,ssp126,2072,Polar,0.2805546386166753,4.3096433020874825,4.590197940704158,-4.029088663470807
Filter,ssp126,2073,Polar,0.274468110812635,4.650324028128251,4.924792138940886,-4.375855917315616
Filter,ssp126,2074,Polar,0.26959392376659286,3.72431099916639,3.993904922932983,-3.454717075399797
Filter,ssp126,2075,Polar,0.29235836308493757,4.117203454793044,4.409561817877981,-3.8248450917081067
Filter,ssp126,2076,Polar,0.2533748273910468,4.0992943053655875,4.352669132756635,-3.8459194779745407
Filter,ssp126,2077,Polar,0.245196958601487,4.490201251830195,4.735398210431682,-4.245004293228708
Filter,ssp126,2078,Polar,0.27751785965434483,5.041961887121021,5.319479746775365,-4.764444027466676
Filter,ssp126,2079,Polar,0.3154956327121891,4.595132310637006,4.910627943349195,-4.279636677924818
Filter,ssp126,2080,Polar,0.30597121199044075,4.396607329409388,4.702578541399829,-4.090636117418947
Filter,ssp126,2081,Polar,0.2829181033547795,5.487658744970994,5.770576848325773,-5.2047406416162145
Filter,ssp126,2082,Polar,0.3335987150970766,3.9423428783345122,4.275941593431589,-3.6087441632374357
Filter,ssp126,2083,Polar,0.33596194526022083,4.937842169018855,5.273804114279075,-4.601880223758634
Filter,ssp126,2084,Polar,0.34553670671727615,7.363344703348986,7.708881410066262,-7.01780799663171
Filter,ssp126,2085,Polar,0.22624377547227745,6.4751366279508975,6.701380403423175,-6.24889285247862
Filter,ssp126,2086,Polar,0.339152107340735,4.27183542679928,4.610987534140015,-3.932683319458545
Filter,ssp126,2087,Polar,0.3200974077115284,4.686293550866759,5.0063909585782875,-4.366196143155231
Filter,ssp126,2088,Polar,0.258441701322792,4.678583875052578,4.93702557637537,-4.4201421737297855
Filter,ssp126,2089,Polar,0.3124109780334512,3.5832389221629932,3.895649900196444,-3.2708279441295423
Filter,ssp126,2090,Polar,0.2793032441676426,7.043593952996665,7.322897197164307,-6.764290708829023
Filter,ssp126,2091,Polar,0.3313190447058346,4.133740143241517,4.465059187947351,-3.802421098535682
Filter,ssp126,2092,Polar,0.36522257205560754,3.9247671690541934,4.289989741109801,-3.559544596998586
Filter,ssp126,2093,Polar,0.32855416680730887,5.05204880458968,5.380602971396989,-4.723494637782371
Filter,ssp126,2094,Polar,0.34201347673425175,4.303981141530557,4.645994618264809,-3.9619676647963056
Filter,ssp126,2095,Polar,0.28394841052859887,4.866266172426371,5.150214582954971,-4.582317761897772
Filter,ssp126,2096,Polar,0.2655401777962655,4.128019158216264,4.39355933601253,-3.862478980419999
Filter,ssp126,2097,Polar,0.3044520697023939,5.5749116758907755,5.879363745593169,-5.270459606188382
Filter,ssp126,2098,Polar,0.28230345142588514,13.781662477414548,14.063965928840434,-13.499359025988662
Filter,ssp126,2099,Polar,0.35965903886328815,5.193465285530402,5.55312432439369,-4.8338062466671134
Filter,ssp126,2100,Polar,0.3600823916558902,4.107335805706366,4.467418197362256,-3.7472534140504754
Filter,ssp370,1980,Polar,0.023659601580079955,3.504949025393281,3.528608626973361,-3.4812894238132013
Filter,ssp370,1981,Polar,-0.08176499494345683,4.4974950127957145,4.415730017852257,-4.579260007739172
Filter,ssp370,1982,Polar,0.14837091723422718,3.572664066410727,3.7210349836449543,-3.4242931491765
Filter,ssp370,1983,Polar,0.16467352821709755,5.676247763974539,5.840921292191636,-5.5115742357574415
Filter,ssp370,1984,Polar,-0.0792643821404821,5.04308744472199,4.963823062581508,-5.122351826862472
Filter,ssp370,1985,Polar,0.031589821052308634,5.748107758791176,5.779697579843484,-5.7165179377388675
Filter,ssp370,1986,Polar,0.058279069284382784,6.817192537269469,6.875471606553852,-6.758913467985087
Filter,ssp370,1987,Polar,0.07286956270359143,4.2984703548004735,4.371339917504065,-4.225600792096882
Filter,ssp370,1988,Polar,-0.01298898188735919,4.034158249227039,4.02116926733968,-4.047147231114398
Filter,ssp370,1989,Polar,-0.09837964944931574,4.111630396302035,4.0132507468527185,-4.210010045751351
Filter,ssp370,1990,Polar,-0.08674789593041474,3.7140752768351275,3.627327380904713,-3.800823172765542
Filter,ssp370,1991,Polar,-0.030771155536628434,4.628439370428212,4.597668214891583,-4.65921052596484
Filter,ssp370,1992,Polar,0.18677969877034128,5.913071765510629,6.09985146428097,-5.726292066740287
Filter,ssp370,1993,Polar,-0.12024203163420376,4.213180119019209,4.092938087385005,-4.333422150653413
Filter,ssp370,1994,Polar,-0.13756638513113756,3.5447737325756776,3.40720734744454,-3.6823401177068154
Filter,ssp370,1995,Polar,-0.01470778654709966,5.187269088451561,5.172561301904461,-5.201976874998661
Filter,ssp370,1996,Polar,-0.2538803917287946,4.080437072292869,3.8265566805640745,-4.334317464021664
Filter,ssp370,1997,Polar,0.1428533010244924,6.511384007881855,6.654237308906347,-6.368530706857363
Filter,ssp370,1998,Polar,0.1116006317783699,4.631299114371758,4.742899746150128,-4.5196984825933875
Filter,ssp370,1999,Polar,-0.011581152369978939,4.2521624129836475,4.240581260613668,-4.263743565353627
Filter,ssp370,2000,Polar,-0.012781324346020114,4.88529644408495,4.87251511973893,-4.898077768430969
Filter,ssp370,2001,Polar,0.02505234702169533,4.342877809553147,4.367930156574842,-4.317825462531451
Filter,ssp370,2002,Polar,0.2678217931960115,7.181835315564755,7.449657108760767,-6.914013522368744
Filter,ssp370,2003,Polar,0.41629978780525706,7.311080580911169,7.727380368716426,-6.894780793105912
Filter,ssp370,2004,Polar,0.013110063361129342,5.02651711416228,5.039627177523409,-5.013407050801151
Filter,ssp370,2005,Polar,0.08032453160856648,4.623655451001636,4.7039799826102024,-4.54333091939307
Filter,ssp370,2006,Polar,0.13177205823619803,5.19101408948306,5.322786147719258,-5.059242031246862
Filter,ssp370,2007,Polar,-0.010055764645235202,3.5347383867983893,3.524682622153154,-3.5447941514436243
Filter,ssp370,2008,Polar,-0.045080634686976026,4.129078982027552,4.083998347340576,-4.174159616714529
Filter,ssp370,2009,Polar,0.017483158532982712,3.946648494088115,3.9641316526210977,-3.9291653355551324
Filter,ssp370,2010,Polar,0.09417329927039239,5.739493813576837,5.8336671128472295,-5.645320514306445
Filter,ssp370,2011,Polar,-0.030009498683312354,3.615777281196488,3.5857677825131757,-3.6457867798798
Filter,ssp370,2012,Polar,-0.16414186451766757,5.0732843079460395,4.9091424434283715,-5.2374261724637075
Filter,ssp370,2013,Polar,0.022814181685165816,3.9676120015110836,3.9904261831962495,-3.9447978198259177
Filter,ssp370,2014,Polar,0.12440969514303805,5.627212095129273,5.751621790272311,-5.502802399986234
Filter,ssp370,2015,Polar,0.029942223746102843,6.736993442022693,6.766935665768796,-6.7070512182765905
Filter,ssp370,2016,Polar,0.04659887174070988,4.2711433787935675,4.317742250534278,-4.224544507052857
Filter,ssp370,2017,Polar,0.0372615737473239,3.9576500466195172,3.994911620366841,-3.9203884728721934
Filter,ssp370,2018,Polar,0.10719831870982784,3.6799176466992454,3.787115965409073,-3.5727193279894176
Filter,ssp370,2019,Polar,0.12846962718218308,4.6999184975333055,4.828388124715489,-4.571448870351122
Filter,ssp370,2020,Polar,0.11510564924144637,3.942768614608691,4.057874263850137,-3.827662965367245
Filter,ssp370,2021,Polar,0.0660338882316147,6.069903497126846,6.135937385358461,-6.003869608895232
Filter,ssp370,2022,Polar,0.06840851601190001,3.701013151504748,3.769421667516648,-3.632604635492848
Filter,ssp370,2023,Polar,0.18178424960711664,6.196841742704216,6.378625992311333,-6.0150574930971
Filter,ssp370,2024,Polar,0.09281224705440233,4.514973096857763,4.607785343912165,-4.422160849803361
Filter,ssp370,2025,Polar,0.12935571111795513,3.6800593180619763,3.8094150291799314,-3.550703606944021
Filter,ssp370,2026,Polar,0.09777466614006139,3.7452282045192757,3.8430028706593373,-3.647453538379214
Filter,ssp370,2027,Polar,0.10643964528969353,5.28687638670561,5.393316031995304,-5.1804367414159165
Filter,ssp370,2028,Polar,0.12960905313276422,3.622749513008773,3.7523585661415373,-3.4931404598760087
Filter,ssp370,2029,Polar,0.0951807766648552,4.651164540083292,4.7463453167481475,-4.555983763418437
Filter,ssp370,2030,Polar,0.11778692973470986,4.581370044184306,4.699156973919016,-4.463583114449595
Filter,ssp370,2031,Polar,0.14557435092057855,3.9658465547672743,4.111420905687853,-3.8202722038466956
Filter,ssp370,2032,Polar,0.1578477636831619,3.863317382389577,4.021165146072739,-3.705469618706415
Filter,ssp370,2033,Polar,0.10759642754472751,3.732957634568069,3.8405540621127967,-3.6253612070233414
Filter,ssp370,2034,Polar,0.17254391981549005,4.039995805895794,4.2125397257112835,-3.8674518860803038
Filter,ssp370,2035,Polar,0.10443175480597504,4.077157956163851,4.181589710969826,-3.972726201357876
Filter,ssp370,2036,Polar,0.1428022576080311,4.28898401745795,4.431786275065981,-4.146181759849918
Filter,ssp370,2037,Polar,0.10436607551993834,6.520435838712249,6.6248019142321874,-6.4160697631923105
Filter,ssp370,2038,Polar,0.17098207555892747,8.012739934859257,8.183722010418183,-7.841757859300329
Filter,ssp370,2039,Polar,0.14527897933303888,3.9461944093385264,4.091473388671565,-3.8009154300054875
Filter,ssp370,2040,Polar,0.174286440353768,4.678992088479218,4.853278528832986,-4.50470564812545
Filter,ssp370,2041,Polar,0.13491071738032284,4.491664755338724,4.626575472719047,-4.356754037958401
Filter,ssp370,2042,Polar,0.09808749554257976,4.4206348205861605,4.51872231612874,-4.322547325043581
Filter,ssp370,2043,Polar,0.19049185047005962,3.920170961374719,4.1106628118447786,-3.7296791109046596
Filter,ssp370,2044,Polar,0.18040300502746232,4.39576429932844,4.576167304355902,-4.215361294300978
Filter,ssp370,2045,Polar,0.189764976272778,4.099124122913958,4.288889099186736,-3.90935914664118
Filter,ssp370,2046,Polar,0.19606005637070645,4.229228275302246,4.425288331672952,-4.033168218931539
Filter,ssp370,2047,Polar,0.17762898678735065,4.97555714157301,5.153186128360361,-4.79792815478566
Filter,ssp370,2048,Polar,0.1838468353787546,4.396634338893451,4.580481174272205,-4.212787503514696
Filter,ssp370,2049,Polar,0.1605477898981657,4.5761038398901865,4.736651629788352,-4.415556049992021
Filter,ssp370,2050,Polar,0.11930494684859111,4.60157658826828,4.720881535116871,-4.482271641419689
Filter,ssp370,2051,Polar,0.21636647596136804,4.066360801145093,4.282727277106461,-3.849994325183725
Filter,ssp370,2052,Polar,0.11912654591096769,4.8134393064511904,4.932565852362158,-4.694312760540223
Filter,ssp370,2053,Polar,0.17593772031513213,4.166110897033308,4.34204861734844,-3.9901731767181756
Filter,ssp370,2054,Polar,0.16972245361395802,4.056823032914105,4.226545486528063,-3.8871005793001467
Filter,ssp370,2055,Polar,0.21279532674531254,4.4276381184248885,4.640433445170201,-4.214842791679576
Filter,ssp370,2056,Polar,0.1390129604971022,4.0443761187608,4.1833890792579025,-3.9053631582636976
Filter,ssp370,2057,Polar,0.1947930684621435,4.923130042737928,5.117923111200072,-4.728336974275785
Filter,ssp370,2058,Polar,0.15180170703768925,4.485243099414142,4.637044806451832,-4.333441392376453
Filter,ssp370,2059,Polar,0.19975274453834857,4.465959781547045,4.665712526085393,-4.266207037008696
Filter,ssp370,2060,Polar,0.18361812614856604,4.835461610133075,5.0190797362816415,-4.651843483984509
Filter,ssp370,2061,Polar,0.1767323809376154,5.8739003383054715,6.050632719243087,-5.697167957367856
Filter,ssp370,2062,Polar,0.19935035167541232,4.440933728536304,4.640284080211717,-4.241583376860892
Filter,ssp370,2063,Polar,0.19817095100376697,4.298159873530586,4.496330824534352,-4.099988922526819
Filter,ssp370,2064,Polar,0.2618485726066273,4.26113615117603,4.522984723782658,-3.999287578569403
Filter,ssp370,2065,Polar,0.2182973765689797,4.573577127850015,4.7918745044189945,-4.355279751281036
Filter,ssp370,2066,Polar,0.2523192074628634,4.1659804009625505,4.418299608425414,-3.913661193499687
Filter,ssp370,2067,Polar,0.24917271593266324,5.879368330752657,6.12854104668532,-5.630195614819994
Filter,ssp370,2068,Polar,0.1845151053603286,4.904252300197718,5.0887674055580465,-4.719737194837389
Filter,ssp370,2069,Polar,0.242616881015927,3.92164496529306,4.164261846308987,-3.679028084277133
Filter,ssp370,2070,Polar,0.27461369431424404,4.889480916704121,5.164094611018365,-4.6148672223898775
Filter,ssp370,2071,Polar,0.31135821581719314,5.004461719904899,5.315819935722092,-4.6931035040877065
Filter,ssp370,2072,Polar,0.22398862872569653,4.7890340717137425,5.013022700439439,-4.565045442988046
Filter,ssp370,2073,Polar,0.19649882825550075,4.753416590754295,4.949915419009796,-4.556917762498794
Filter,ssp370,2074,Polar,0.2475280103531567,4.985248375549267,5.232776385902423,-4.73772036519611
Filter,ssp370,2075,Polar,0.21842445040454503,4.664037559751093,4.882462010155638,-4.445613109346548
Filter,ssp370,2076,Polar,0.23140466947777288,4.749890746938636,4.981295416416409,-4.518486077460863
Filter,ssp370,2077,Polar,0.2650682713623932,4.9467199839257505,5.211788255288144,-4.681651712563357
Filter,ssp370,2078,Polar,0.2928615810752354,4.70899596340507,5.0018575444803055,-4.416134382329835
Filter,ssp370,2079,Polar,0.2462097411790652,4.6676146646531445,4.91382440583221,-4.421404923474079
Filter,ssp370,2080,Polar,0.29090292792157946,4.732628881738186,5.023531809659765,-4.441725953816606
Filter,ssp370,2081,Polar,0.1741270859443868,4.969413006646208,5.143540092590595,-4.795285920701821
Filter,ssp370,2082,Polar,0.25748397450329985,5.1484463824477995,5.4059303569510995,-4.8909624079444995
Filter,ssp370,2083,Polar,0.23829428004678876,4.920893906675175,5.1591881867219644,-4.682599626628386
Filter,ssp370,2084,Polar,0.2757133056521217,5.3419802291288825,5.617693534781004,-5.0662669234767606
Filter,ssp370,2085,Polar,0.23624371411883072,5.213938092987994,5.450181807106825,-4.977694378869163
Filter,ssp370,2086,Polar,0.20995604686818925,5.375715436898192,5.585671483766381,-5.1657593900300025
Filter,ssp370,2087,Polar,0.2698954009063165,4.942392774705959,5.212288175612275,-4.672497373799643
Filter,ssp370,2088,Polar,0.3267626801469857,4.725793125266025,5.05255580541301,-4.399030445119039
Filter,ssp370,2089,Polar,0.30969800530502134,5.1781443801030775,5.487842385408099,-4.868446374798056
Filter,ssp370,2090,Polar,0.2595164936555434,5.042102115681669,5.301618609337213,-4.782585622026126
Filter,ssp370,2091,Polar,0.29131145875688336,5.373846926659596,5.665158385416479,-5.082535467902712
Filter,ssp370,2092,Polar,0.3461909493435108,5.297695481213538,5.643886430557049,-4.951504531870028
Filter,ssp370,2093,Polar,0.34788133708703667,4.826337162507384,5.174218499594421,-4.4784558254203475
Filter,ssp370,2094,Polar,0.3395162446416782,4.827270186853557,5.166786431495235,-4.487753942211879
Filter,ssp370,2095,Polar,0.33807102529880795,4.796221217436439,5.134292242735246,-4.458150192137631
Filter,ssp370,2096,Polar,0.3089261092099844,5.057428871707831,5.366354980917816,-4.748502762497846
Filter,ssp370,2097,Polar,0.3448439573389131,5.056425958929229,5.401269916268142,-4.711582001590316
Filter,ssp370,2098,Polar,0.33891868987495366,5.589424048489934,5.928342738364888,-5.25050535861498
Filter,ssp370,2099,Polar,0.435367488955553,5.573875950138862,6.009243439094415,-5.138508461183309
Filter,ssp370,2100,Polar,0.3963691463204936,5.3071900040856,5.703559150406093,-4.910820857765106
Filter,ssp585,1980,Polar,0.023659601580079955,3.504949025393281,3.528608626973361,-3.4812894238132013
Filter,ssp585,1981,Polar,-0.08176499494345683,4.4974950127957145,4.415730017852257,-4.579260007739172
Filter,ssp585,1982,Polar,0.14837091723422718,3.572664066410727,3.7210349836449543,-3.4242931491765
Filter,ssp585,1983,Polar,0.16467352821709755,5.676247763974539,5.840921292191636,-5.5115742357574415
Filter,ssp585,1984,Polar,-0.0792643821404821,5.04308744472199,4.963823062581508,-5.122351826862472
Filter,ssp585,1985,Polar,0.031589821052308634,5.748107758791176,5.779697579843484,-5.7165179377388675
Filter,ssp585,1986,Polar,0.058279069284382784,6.817192537269469,6.875471606553852,-6.758913467985087
Filter,ssp585,1987,Polar,0.07286956270359143,4.2984703548004735,4.371339917504065,-4.225600792096882
Filter,ssp585,1988,Polar,-0.01298898188735919,4.034158249227039,4.02116926733968,-4.047147231114398
Filter,ssp585,1989,Polar,-0.09837964944931574,4.111630396302035,4.0132507468527185,-4.210010045751351
Filter,ssp585,1990,Polar,-0.08674789593041474,3.7140752768351275,3.627327380904713,-3.800823172765542
Filter,ssp585,1991,Polar,-0.030771155536628434,4.628439370428212,4.597668214891583,-4.65921052596484
Filter,ssp585,1992,Polar,0.18677969877034128,5.913071765510629,6.09985146428097,-5.726292066740287
Filter,ssp585,1993,Polar,-0.12024203163420376,4.213180119019209,4.092938087385005,-4.333422150653413
Filter,ssp585,1994,Polar,-0.13756638513113756,3.5447737325756776,3.40720734744454,-3.6823401177068154
Filter,ssp585,1995,Polar,-0.01470778654709966,5.187269088451561,5.172561301904461,-5.201976874998661
Filter,ssp585,1996,Polar,-0.2538803917287946,4.080437072292869,3.8265566805640745,-4.334317464021664
Filter,ssp585,1997,Polar,0.1428533010244924,6.511384007881855,6.654237308906347,-6.368530706857363
Filter,ssp585,1998,Polar,0.1116006317783699,4.631299114371758,4.742899746150128,-4.5196984825933875
Filter,ssp585,1999,Polar,-0.011581152369978939,4.2521624129836475,4.240581260613668,-4.263743565353627
Filter,ssp585,2000,Polar,-0.012781324346020114,4.88529644408495,4.87251511973893,-4.898077768430969
Filter,ssp585,2001,Polar,0.02505234702169533,4.342877809553147,4.367930156574842,-4.317825462531451
Filter,ssp585,2002,Polar,0.2678217931960115,7.181835315564755,7.449657108760767,-6.914013522368744
Filter,ssp585,2003,Polar,0.41629978780525706,7.311080580911169,7.727380368716426,-6.894780793105912
Filter,ssp585,2004,Polar,0.013110063361129342,5.02651711416228,5.039627177523409,-5.013407050801151
Filter,ssp585,2005,Polar,0.08032453160856648,4.623655451001636,4.7039799826102024,-4.54333091939307
Filter,ssp585,2006,Polar,0.13177205823619803,5.19101408948306,5.322786147719258,-5.059242031246862
Filter,ssp585,2007,Polar,-0.010055764645235202,3.5347383867983893,3.524682622153154,-3.5447941514436243
Filter,ssp585,2008,Polar,-0.045080634686976026,4.129078982027552,4.083998347340576,-4.174159616714529
Filter,ssp585,2009,Polar,0.017483158532982712,3.946648494088115,3.9641316526210977,-3.9291653355551324
Filter,ssp585,2010,Polar,0.09417329927039239,5.739493813576837,5.8336671128472295,-5.645320514306445
Filter,ssp585,2011,Polar,-0.030009498683312354,3.615777281196488,3.5857677825131757,-3.6457867798798
Filter,ssp585,2012,Polar,-0.16414186451766757,5.0732843079460395,4.9091424434283715,-5.2374261724637075
Filter,ssp585,2013,Polar,0.022814181685165816,3.9676120015110836,3.9904261831962495,-3.9447978198259177
Filter,ssp585,2014,Polar,0.12440969514303805,5.627212095129273,5.751621790272311,-5.502802399986234
Filter,ssp585,2015,Polar,0.019463679171728684,5.42083118470668,5.4402948638784085,-5.401367505534951
Filter,ssp585,2016,Polar,0.02056386782636407,5.437885914250327,5.45844978207669,-5.417322046423963
Filter,ssp585,2017,Polar,0.04127483669220237,4.694694430438085,4.7359692671302875,-4.653419593745883
Filter,ssp585,2018,Polar,0.030861953634608807,4.083155744460824,4.114017698095433,-4.052293790826216
Filter,ssp585,2019,Polar,0.09365355548085375,4.027973282032436,4.12162683751329,-3.934319726551582
Filter,ssp585,2020,Polar,0.10453786777081528,3.1474445081904174,3.2519823759612327,-3.042906640419602
Filter,ssp585,2021,Polar,0.04569533030497194,6.070009104186772,6.115704434491744,-6.0243137738818
Filter,ssp585,2022,Polar,0.08172396596852032,12.846130091510014,12.927854057478534,-12.764406125541495
Filter,ssp585,2023,Polar,0.14877370493026054,3.6693674005891688,3.8181411055194294,-3.520593695658908
Filter,ssp585,2024,Polar,0.12808007798278645,3.5759842625734337,3.7040643405562204,-3.447904184590647
Filter,ssp585,2025,Polar,0.1860103302947204,4.2871582766179,4.47316860691262,-4.10114794632318
Filter,ssp585,2026,Polar,0.1075724718653001,4.3113143021852744,4.418886774050574,-4.2037418303199745
Filter,ssp585,2027,Polar,0.1396516926491143,5.63653911456903,5.7761908072181445,-5.496887421919915
Filter,ssp585,2028,Polar,0.13318954893457274,3.9659467092817913,4.099136258216364,-3.8327571603472186
Filter,ssp585,2029,Polar,0.14525058119270728,5.3446119595766275,5.489862540769335,-5.19936137838392
Filter,ssp585,2030,Polar,0.16005105591326352,4.074521800150101,4.234572856063364,-3.914470744236837
Filter,ssp585,2031,Polar,0.20313317090969657,6.3125423570966985,6.515675528006395,-6.109409186187002
Filter,ssp585,2032,Polar,0.19486726836928853,4.794634039248319,4.989501307617608,-4.59976677087903
Filter,ssp585,2033,Polar,0.2241766611840702,5.010546696402355,5.234723357586425,-4.786370035218285
Filter,ssp585,2034,Polar,0.18361359681514902,3.9740910289853035,4.157704625800452,-3.7904774321701544
Filter,ssp585,2035,Polar,0.23522620740353115,3.635121602567304,3.870347809970835,-3.3998953951637727
Filter,ssp585,2036,Polar,0.1548737886711079,4.415196611054866,4.570070399725974,-4.260322822383758
Filter,ssp585,2037,Polar,0.23105309644568178,4.656811366224461,4.887864462670143,-4.425758269778779
Filter,ssp585,2038,Polar,0.22227647327161293,4.026240143531377,4.2485166168029895,-3.8039636702597637
Filter,ssp585,2039,Polar,0.17349706292153128,4.266957371855919,4.44045443477745,-4.093460308934388
Filter,ssp585,2040,Polar,0.10140427762790254,4.520500919843419,4.621905197471322,-4.419096642215517
Filter,ssp585,2041,Polar,0.1578226534540455,3.849876013214117,4.007698666668163,-3.6920533597600715
Filter,ssp585,2042,Polar,0.21382627581806507,4.010952207274586,4.224778483092651,-3.7971259314565207
Filter,ssp585,2043,Polar,0.2115226064330047,3.896583515497837,4.108106121930842,-3.6850609090648323
Filter,ssp585,2044,Polar,0.25287424767608097,3.782083900700812,4.034958148376893,-3.529209653024731
Filter,ssp585,2045,Polar,0.21803360457523824,4.249825053742504,4.467858658317742,-4.031791449167266
Filter,ssp585,2046,Polar,0.22018893641397846,4.577934743042677,4.798123679456656,-4.3577458066286985
Filter,ssp585,2047,Polar,0.23697034871692058,4.557918364397107,4.794888713114028,-4.3209480156801865
Filter,ssp585,2048,Polar,0.2478666102127906,4.3957977604192076,4.643664370631998,-4.147931150206417
Filter,ssp585,2049,Polar,0.21502650746439833,4.6468830377940895,4.861909545258488,-4.431856530329691
Filter,ssp585,2050,Polar,0.22148193668255745,4.00771401393603,4.229195950618587,-3.7862320772534725
Filter,ssp585,2051,Polar,0.24974197802796394,3.870921732741238,4.120663710769202,-3.621179754713274
Filter,ssp585,2052,Polar,0.2405831564936885,4.472978598354321,4.713561754848009,-4.232395441860633
Filter,ssp585,2053,Polar,0.30071454895543204,4.705072334523682,5.005786883479114,-4.40435778556825
Filter,ssp585,2054,Polar,0.23734414851907765,4.687882664730945,4.925226813250022,-4.450538516211868
Filter,ssp585,2055,Polar,0.19608955373158504,4.8097694808788125,5.005859034610397,-4.613679927147228
Filter,ssp585,2056,Polar,0.22041689912084445,4.370294677483117,4.590711576603962,-4.1498777783622725
Filter,ssp585,2057,Polar,0.17760787745074164,4.491720205426165,4.669328082876906,-4.314112327975423
Filter,ssp585,2058,Polar,0.2640065559139255,4.1140153160850375,4.378021871998963,-3.8500087601711117
Filter,ssp585,2059,Polar,0.22275864353365651,4.274197457340567,4.496956100874224,-4.051438813806911
Filter,ssp585,2060,Polar,0.22779181169309032,4.622717854731429,4.85050966642452,-4.394926043038339
Filter,ssp585,2061,Polar,0.27611616974529674,5.014008902677433,5.29012507242273,-4.737892732932136
Filter,ssp585,2062,Polar,0.23349396031687897,5.062937965580516,5.296431925897394,-4.829444005263637
Filter,ssp585,2063,Polar,0.3317538914372785,5.127978971567299,5.459732863004578,-4.796225080130021
Filter,ssp585,2064,Polar,0.31241163178645825,4.759559102500527,5.071970734286985,-4.447147470714068
Filter,ssp585,2065,Polar,0.3061780235383703,4.8154732164307825,5.121651239969153,-4.509295192892412
Filter,ssp585,2066,Polar,0.3448420280483281,4.984051220004676,5.328893248053004,-4.639209191956348
Filter,ssp585,2067,Polar,0.2949027974168811,4.419508735298403,4.7144115327152845,-4.124605937881522
Filter,ssp585,2068,Polar,0.32860712341340864,4.366460155853205,4.695067279266613,-4.037853032439797
Filter,ssp585,2069,Polar,0.33378660288396633,5.461644217819926,5.795430820703893,-5.12785761493596
Filter,ssp585,2070,Polar,0.35760614289718223,5.113047305806667,5.47065344870385,-4.755441162909484
Filter,ssp585,2071,Polar,0.3500654044765088,5.1985439267214915,5.5486093311980005,-4.848478522244982
Filter,ssp585,2072,Polar,0.29821030628496203,4.9773926296364515,5.275602935921413,-4.6791823233514895
Filter,ssp585,2073,Polar,0.3370989747582354,5.104388795699976,5.441487770458211,-4.767289820941741
Filter,ssp585,2074,Polar,0.3324568297263226,5.286281208178175,5.618738037904498,-4.953824378451852
Filter,ssp585,2075,Polar,0.3811696444388242,5.218575004047338,5.599744648486162,-4.837405359608514
Filter,ssp585,2076,Polar,0.42340689135476517,5.341993480022888,5.765400371377653,-4.918586588668123
Filter,ssp585,2077,Polar,0.3949346509839176,5.141737911856852,5.53667256284077,-4.746803260872935
Filter,ssp585,2078,Polar,0.427692766556392,5.556438862366082,5.984131628922474,-5.1287460958096895
Filter,ssp585,2079,Polar,0.323749275232739,4.689348946851214,5.013098222083953,-4.365599671618475
Filter,ssp585,2080,Polar,0.3883015665801461,4.94853408891824,5.336835655498386,-4.560232522338095
Filter,ssp585,2081,Polar,0.4057155006353389,5.382644234231205,5.788359734866544,-4.976928733595866
Filter,ssp585,2082,Polar,0.45435845120140006,5.02666625924776,5.48102471044916,-4.57230780804636
Filter,ssp585,2083,Polar,0.41418208281537583,5.518436220908477,5.932618303723853,-5.104254138093101
Filter,ssp585,2084,Polar,0.3535095244224969,5.338036707044799,5.691546231467297,-4.984527182622302
Filter,ssp585,2085,Polar,0.42768107813509076,5.428308419765,5.855989497900091,-5.000627341629909
Filter,ssp585,2086,Polar,0.389582469082421,5.390167301190198,5.779749770272619,-5.000584832107777
Filter,ssp585,2087,Polar,0.4546198304402638,5.520013025281383,5.974632855721646,-5.0653931948411195
Filter,ssp585,2088,Polar,0.39918778174048763,6.14774809837642,6.546935880116908,-5.748560316635932
Filter,ssp585,2089,Polar,0.385458927409399,5.051400551097569,5.4368594785069675,-4.66594162368817
Filter,ssp585,2090,Polar,0.3758199929601354,5.757831913004592,6.133651905964728,-5.382011920044457
Filter,ssp585,2091,Polar,0.43334115638765336,5.667039444988693,6.100380601376346,-5.2336982886010395
Filter,ssp585,2092,Polar,0.45571393160333007,5.377134117933021,5.832848049536351,-4.921420186329692
Filter,ssp585,2093,Polar,0.44603702250142385,5.827840833330036,6.27387785583146,-5.381803810828613
Filter,ssp585,2094,Polar,0.5306380291306613,5.309328672718762,5.8399667018494235,-4.778690643588101
Filter,ssp585,2095,Polar,0.4823542638652334,5.288490204286836,5.770844468152069,-4.806135940421602
Filter,ssp585,2096,Polar,0.4283060384368248,5.690247283524465,6.118553321961289,-5.26194124508764
Filter,ssp585,2097,Polar,0.3816280215647151,5.967920953402199,6.349548974966915,-5.586292931837484
Filter,ssp585,2098,Polar,0.45790753746145735,5.802548596099271,6.260456133560728,-5.344641058637814
Filter,ssp585,2099,Polar,0.43805084930028537,5.716626698636432,6.154677547936718,-5.278575849336146
Filter,ssp585,2100,Polar,0.4084692364373341,5.812636157861627,6.221105394298961,-5.404166921424293
Filter,ssp126,1980,Temperate,-0.006598963997086783,0.7114881629834306,0.7048891989863438,-0.7180871269805175
Filter,ssp126,1981,Temperate,0.015203970220634699,0.822794643217484,0.8379986134381187,-0.8075906729968493
Filter,ssp126,1982,Temperate,-0.02866246004352479,0.7824168580087998,0.753754397965275,-0.8110793180523246
Filter,ssp126,1983,Temperate,-0.0038788729035865365,0.89365926674717,0.8897803938435834,-0.8975381396507566
Filter,ssp126,1984,Temperate,0.03788274595081308,0.7699469749488964,0.8078297208997095,-0.7320642289980833
Filter,ssp126,1985,Temperate,-3.55885411281084e-4,0.8295489681827495,0.8291930827714684,-0.8299048535940305
Filter,ssp126,1986,Temperate,-0.0254280402703209,0.9374774876699623,0.9120494473996414,-0.9629055279402832
Filter,ssp126,1987,Temperate,-0.0543547495204702,0.6243085298091325,0.5699537802886623,-0.6786632793296028
Filter,ssp126,1988,Temperate,-0.009973370574585434,0.7796878875833673,0.7697145170087818,-0.7896612581579527
Filter,ssp126,1989,Temperate,0.022844980441198672,0.7857655046202854,0.808610485061484,-0.7629205241790867
Filter,ssp126,1990,Temperate,0.012215924525515199,0.697323424437292,0.7095393489628072,-0.6851074999117768
Filter,ssp126,1991,Temperate,0.028885292508607226,0.5067298694729484,0.5356151619815557,-0.4778445769643412
Filter,ssp126,1992,Temperate,0.018445929930558613,0.5355094626456758,0.5539553925762344,-0.5170635327151172
Filter,ssp126,1993,Temperate,-0.007672431508266349,0.5089966383625214,0.501324206854255,-0.5166690698707878
Filter,ssp126,1994,Temperate,0.013421104827957189,0.918718950323098,0.9321400551510552,-0.9052978454951408
Filter,ssp126,1995,Temperate,-0.03986055050061474,0.9185767419240884,0.8787161914234737,-0.9584372924247032
Filter,ssp126,1996,Temperate,0.009057230909205974,0.7836280133768957,0.7926852442861017,-0.7745707824676897
Filter,ssp126,1997,Temperate,-0.01644579481619077,0.3982553531973523,0.3818095583811615,-0.4147011480135431
Filter,ssp126,1998,Temperate,-0.03930796305479484,0.5191012165141828,0.479793253459388,-0.5584091795689776
Filter,ssp126,1999,Temperate,0.06227263141721743,0.6969275412497488,0.7592001726669662,-0.6346549098325314
Filter,ssp126,2000,Temperate,0.012309271869013486,1.0786406033211404,1.0909498751901539,-1.066331331452127
Filter,ssp126,2001,Temperate,0.022218166717113033,1.0820159645505298,1.104234131267643,-1.0597977978334168
Filter,ssp126,2002,Temperate,0.01297515728669852,0.848230057058203,0.8612052143449015,-0.8352548997715045
Filter,ssp126,2003,Temperate,0.08794240717866086,0.6336932305173808,0.7216356376960417,-0.5457508233387199
Filter,ssp126,2004,Temperate,0.02941971246036259,1.036790849481997,1.0662105619423596,-1.0073711370216345
Filter,ssp126,2005,Temperate,0.03677666300472562,0.5740512952063055,0.6108279582110311,-0.5372746322015799
Filter,ssp126,2006,Temperate,0.0389428005190262,0.8417768389624046,0.8807196394814308,-0.8028340384433784
Filter,ssp126,2007,Temperate,0.005338310427425308,1.1038717581532294,1.1092100685806547,-1.098533447725804
Filter,ssp126,2008,Temperate,0.03432710379893331,0.8536902159237927,0.888017319722726,-0.8193631121248593
Filter,ssp126,2009,Temperate,-0.06776052102334032,1.0609345198111186,0.9931739987877783,-1.128695040834459
Filter,ssp126,2010,Temperate,-0.06999822723073336,0.8437554752464235,0.7737572480156901,-0.9137537024771568
Filter,ssp126,2011,Temperate,0.026827498714939675,0.9395075672879669,0.9663350660029066,-0.9126800685730272
Filter,ssp126,2012,Temperate,0.017595800845658306,1.0184158830040901,1.0360116838497484,-1.0008200821584319
Filter,ssp126,2013,Temperate,0.01473407352415098,0.7609484477483175,0.7756825212724685,-0.7462143742241665
Filter,ssp126,2014,Temperate,0.05035726263062695,0.9505441781148518,1.0009014407454788,-0.9001869154842248
Filter,ssp126,2015,Temperate,-0.0015836091652317395,0.9139506801940093,0.9123670710287776,-0.915534289359241
Filter,ssp126,2016,Temperate,0.051015715005064216,0.669887768212549,0.7209034832176132,-0.6188720532074848
Filter,ssp126,2017,Temperate,0.10160530390124797,0.8169522595227512,0.9185575634239992,-0.7153469556215032
Filter,ssp126,2018,Temperate,0.0532925427126303,1.0205285150126218,1.073821057725252,-0.9672359722999915
Filter,ssp126,2019,Temperate,0.06464789127186071,0.9463528455841025,1.0110007368559633,-0.8817049543122417
Filter,ssp126,2020,Temperate,0.005163032269173663,0.8287818936106908,0.8339449258798645,-0.8236188613415171
Filter,ssp126,2021,Temperate,0.04654594809185454,1.157746404920712,1.2042923530125667,-1.1112004568288574
Filter,ssp126,2022,Temperate,0.03993934837437341,0.969941047300069,1.0098803956744424,-0.9300016989256956
Filter,ssp126,2023,Temperate,0.07301034962154263,0.9517045734840072,1.0247149231055497,-0.8786942238624645
Filter,ssp126,2024,Temperate,0.017637799517734167,0.9802561280983616,0.9978939276160957,-0.9626183285806275
Filter,ssp126,2025,Temperate,0.08292985469607242,0.8980131194122147,0.9809429741082871,-0.8150832647161423
Filter,ssp126,2026,Temperate,-0.01634398763323592,1.1198727085978617,1.1035287209646258,-1.1362166962310976
Filter,ssp126,2027,Temperate,-0.02034753383315236,1.0978120846552906,1.077464550822138,-1.118159618488443
Filter,ssp126,2028,Temperate,0.018516832835307997,1.0123249413286324,1.0308417741639404,-0.9938081084933243
Filter,ssp126,2029,Temperate,-0.008399452124779975,1.399050699870835,1.390651247746055,-1.4074501519956149
Filter,ssp126,2030,Temperate,0.05229177487270317,1.0236551271376058,1.075946902010309,-0.9713633522649026
Filter,ssp126,2031,Temperate,0.05852203505365866,0.5674815291671668,0.6260035642208255,-0.508959494113508
Filter,ssp126,2032,Temperate,0.011987421697469013,0.7528413426428658,0.7648287643403349,-0.7408539209453968
Filter,ssp126,2033,Temperate,0.019626145065004215,0.675586097909567,0.6952122429745713,-0.6559599528445628
Filter,ssp126,2034,Temperate,-9.077737270596635e-5,1.0568452939672959,1.05675451659459,-1.0569360713400018
Filter,ssp126,2035,Temperate,0.05676268253688917,0.5556075171345354,0.6123701996714246,-0.4988448345976462
Filter,ssp126,2036,Temperate,0.021706953061376717,1.2637787255750663,1.285485678636443,-1.2420717725136896
Filter,ssp126,2037,Temperate,0.0015044609467960313,0.7887921834151702,0.7902966443619662,-0.7872877224683742
Filter,ssp126,2038,Temperate,-0.04977314566565119,0.6229557624137234,0.5731826167480722,-0.6727289080793746
Filter,ssp126,2039,Temperate,-0.04299372331057689,0.840527028198666,0.797533304888089,-0.8835207515092429
Filter,ssp126,2040,Temperate,-0.06292983971334676,0.9937948012432584,0.9308649615299116,-1.0567246409566051
Filter,ssp126,2041,Temperate,0.0017216496242490947,1.4808476475271661,1.4825692971514153,-1.479125997902917
Filter,ssp126,2042,Temperate,0.026095057780242445,0.9079438851402782,0.9340389429205207,-0.8818488273600358
Filter,ssp126,2043,Temperate,0.027220429360362244,1.1062302132161963,1.1334506425765585,-1.0790097838558341
Filter,ssp126,2044,Temperate,-0.035604600040006915,1.1527360104099622,1.1171314103699552,-1.1883406104499692
Filter,ssp126,2045,Temperate,0.03844363252613359,1.079888741901863,1.1183323744279967,-1.0414451093757293
Filter,ssp126,2046,Temperate,-0.054656319595005984,1.1817089209340728,1.1270526013390667,-1.2363652405290788
Filter,ssp126,2047,Temperate,-0.042267113233674894,1.102701458400459,1.0604343451667841,-1.144968571634134
Filter,ssp126,2048,Temperate,-0.02476196743061834,1.4206508458830223,1.395888878452404,-1.4454128133136406
Filter,ssp126,2049,Temperate,0.0073626282914399065,1.2001542279743658,1.2075168562658056,-1.192791599682926
Filter,ssp126,2050,Temperate,-0.02268826283110075,1.3776540754500337,1.354965812618933,-1.4003423382811344
Filter,ssp126,2051,Temperate,0.01233320186806527,1.0264615865432953,1.0387947884113606,-1.01412838467523
Filter,ssp126,2052,Temperate,-0.0686429303164171,1.2954770624578664,1.2268341321414493,-1.3641199927742835
Filter,ssp126,2053,Temperate,-0.060714014360909674,1.4744082113767338,1.413694197015824,-1.5351222257376436
Filter,ssp126,2054,Temperate,-0.011146742856490666,1.5657606664393118,1.5546139235828211,-1.5769074092958024
Filter,ssp126,2055,Temperate,-0.035480760685836124,1.4274659444199462,1.3919851837341102,-1.4629467051057823
Filter,ssp126,2056,Temperate,-0.03615280784582746,0.7477576634431131,0.7116048555972857,-0.7839104712889405
Filter,ssp126,2057,Temperate,0.012648740896628478,1.2892459838486596,1.3018947247452881,-1.2765972429520311
Filter,ssp126,2058,Temperate,-0.024689875535944372,0.9911125981348963,0.9664227225989519,-1.0158024736708406
Filter,ssp126,2059,Temperate,-0.08411070567772821,1.3762739952404355,1.2921632895627073,-1.4603847009181636
Filter,ssp126,2060,Temperate,-0.05130991150248071,1.3862344814987113,1.3349245699962307,-1.437544393001192
Filter,ssp126,2061,Temperate,-0.041269216636856634,1.1327228951192154,1.0914536784823587,-1.173992111756072
Filter,ssp126,2062,Temperate,-0.11122370188480125,0.9284624227631358,0.8172387208783346,-1.0396861246479372
Filter,ssp126,2063,Temperate,-0.010692774141290827,0.958559699991014,0.9478669258497232,-0.9692524741323048
Filter,ssp126,2064,Temperate,-0.05402876656995477,0.9154913792621052,0.8614626126921504,-0.96952014583206
Filter,ssp126,2065,Temperate,-0.02618004700933766,1.3308692486678018,1.3046892016584641,-1.3570492956771394
Filter,ssp126,2066,Temperate,-0.07191820664231169,0.9785009665091041,0.9065827598667924,-1.0504191731514159
Filter,ssp126,2067,Temperate,-0.0036431153648128485,1.7080795119794905,1.7044363966146776,-1.7117226273443034
Filter,ssp126,2068,Temperate,0.012523334430342425,1.2622162605529559,1.2747395949832983,-1.2496929261226135
Filter,ssp126,2069,Temperate,0.014211252902787191,1.3862773915743052,1.4004886444770923,-1.372066138671518
Filter,ssp126,2070,Temperate,-0.06628343999705931,1.2251525850898886,1.1588691450928292,-1.2914360250869479
Filter,ssp126,2071,Temperate,-0.0086126697071977,1.440203953112393,1.4315912834051951,-1.4488166228195907
Filter,ssp126,2072,Temperate,-0.0022058774125460314,1.576712471895432,1.574506594482886,-1.578918349307978
Filter,ssp126,2073,Temperate,0.005324314140761611,1.1664397110917706,1.171764025232532,-1.161115396951009
Filter,ssp126,2074,Temperate,-0.05264346096298099,1.3187151738201301,1.2660717128571493,-1.371358634783111
Filter,ssp126,2075,Temperate,-0.007681780090027313,1.261055084048148,1.2533733039581207,-1.2687368641381753
Filter,ssp126,2076,Temperate,-0.005192493469024551,0.9947077552804848,0.9895152618114603,-0.9999002487495093
Filter,ssp126,2077,Temperate,0.052387546567705945,1.2318159891732428,1.2842035357409487,-1.1794284426055368
Filter,ssp126,2078,Temperate,0.048359483479377845,1.3142713850791632,1.362630868558541,-1.2659119015997853
Filter,ssp126,2079,Temperate,-9.098091243139154e-4,1.0752819945052183,1.0743721853809045,-1.0761918036295322
Filter,ssp126,2080,Temperate,-0.05284302342778885,0.9900574031730713,0.9372143797452825,-1.0429004266008601
Filter,ssp126,2081,Temperate,-0.0181281056851022,0.9157113896188409,0.8975832839337388,-0.9338394953039431
Filter,ssp126,2082,Temperate,0.016655236153277422,0.7219992819658445,0.738654518119122,-0.705344045812567
Filter,ssp126,2083,Temperate,0.03924134447046344,0.9710395393512272,1.0102808838216906,-0.9317981948807638
Filter,ssp126,2084,Temperate,0.02119624843253195,0.911080470605643,0.932276719038175,-0.889884222173111
Filter,ssp126,2085,Temperate,0.04902734886413771,1.2774504326313445,1.3264777814954822,-1.2284230837672068
Filter,ssp126,2086,Temperate,-0.001514281925535541,1.3322020065933051,1.3306877246677695,-1.3337162885188407
Filter,ssp126,2087,Temperate,0.05555559352257455,1.0337995823311283,1.089355175853703,-0.9782439888085538
Filter,ssp126,2088,Temperate,0.051034186913779575,0.9238454120581068,0.9748795989718864,-0.8728112251443272
Filter,ssp126,2089,Temperate,0.053413569161047295,1.1721537543860852,1.2255673235471325,-1.1187401852250378
Filter,ssp126,2090,Temperate,0.05291302807550903,1.1179558534007066,1.1708688814762156,-1.0650428253251976
Filter,ssp126,2091,Temperate,0.013667516230444859,1.3387765494114419,1.3524440656418868,-1.325109033180997
Filter,ssp126,2092,Temperate,0.037789327204258684,0.9497754039523285,0.9875647311565872,-0.9119860767480699
Filter,ssp126,2093,Temperate,-0.006810001901511814,1.552881543376404,1.5460715414748922,-1.5596915452779159
Filter,ssp126,2094,Temperate,-0.011484349987322506,1.1980880241131546,1.1866036741258321,-1.2095723741004771
Filter,ssp126,2095,Temperate,-0.02274088567420627,1.2649650176102105,1.2422241319360043,-1.2877059032844167
Filter,ssp126,2096,Temperate,-0.009561698386559788,1.3386324684076474,1.3290707700210875,-1.3481941667942072
Filter,ssp126,2097,Temperate,0.0657632578737463,1.2307198654263762,1.2964831233001226,-1.1649566075526299
Filter,ssp126,2098,Temperate,0.05701822823965469,1.069888849872755,1.1269070781124098,-1.0128706216331003
Filter,ssp126,2099,Temperate,-0.005794321501288828,0.9356294407315068,0.929835119230218,-0.9414237622327956
Filter,ssp126,2100,Temperate,0.009376799624315759,0.8949858298549737,0.9043626294792895,-0.8856090302306578
Filter,ssp370,1980,Temperate,-0.006598963997086783,0.7114881629834306,0.7048891989863438,-0.7180871269805175
Filter,ssp370,1981,Temperate,0.015203970220634699,0.822794643217484,0.8379986134381187,-0.8075906729968493
Filter,ssp370,1982,Temperate,-0.02866246004352479,0.7824168580087998,0.753754397965275,-0.8110793180523246
Filter,ssp370,1983,Temperate,-0.0038788729035865365,0.89365926674717,0.8897803938435834,-0.8975381396507566
Filter,ssp370,1984,Temperate,0.03788274595081308,0.7699469749488964,0.8078297208997095,-0.7320642289980833
Filter,ssp370,1985,Temperate,-3.55885411281084e-4,0.8295489681827495,0.8291930827714684,-0.8299048535940305
Filter,ssp370,1986,Temperate,-0.0254280402703209,0.9374774876699623,0.9120494473996414,-0.9629055279402832
Filter,ssp370,1987,Temperate,-0.0543547495204702,0.6243085298091325,0.5699537802886623,-0.6786632793296028
Filter,ssp370,1988,Temperate,-0.009973370574585434,0.7796878875833673,0.7697145170087818,-0.7896612581579527
Filter,ssp370,1989,Temperate,0.022844980441198672,0.7857655046202854,0.808610485061484,-0.7629205241790867
Filter,ssp370,1990,Temperate,0.012215924525515199,0.697323424437292,0.7095393489628072,-0.6851074999117768
Filter,ssp370,1991,Temperate,0.028885292508607226,0.5067298694729484,0.5356151619815557,-0.4778445769643412
Filter,ssp370,1992,Temperate,0.018445929930558613,0.5355094626456758,0.5539553925762344,-0.5170635327151172
Filter,ssp370,1993,Temperate,-0.007672431508266349,0.5089966383625214,0.501324206854255,-0.5166690698707878
Filter,ssp370,1994,Temperate,0.013421104827957189,0.918718950323098,0.9321400551510552,-0.9052978454951408
Filter,ssp370,1995,Temperate,-0.03986055050061474,0.9185767419240884,0.8787161914234737,-0.9584372924247032
Filter,ssp370,1996,Temperate,0.009057230909205974,0.7836280133768957,0.7926852442861017,-0.7745707824676897
Filter,ssp370,1997,Temperate,-0.01644579481619077,0.3982553531973523,0.3818095583811615,-0.4147011480135431
Filter,ssp370,1998,Temperate,-0.03930796305479484,0.5191012165141828,0.479793253459388,-0.5584091795689776
Filter,ssp370,1999,Temperate,0.06227263141721743,0.6969275412497488,0.7592001726669662,-0.6346549098325314
Filter,ssp370,2000,Temperate,0.012309271869013486,1.0786406033211404,1.0909498751901539,-1.066331331452127
Filter,ssp370,2001,Temperate,0.022218166717113033,1.0820159645505298,1.104234131267643,-1.0597977978334168
Filter,ssp370,2002,Temperate,0.01297515728669852,0.848230057058203,0.8612052143449015,-0.8352548997715045
Filter,ssp370,2003,Temperate,0.08794240717866086,0.6336932305173808,0.7216356376960417,-0.5457508233387199
Filter,ssp370,2004,Temperate,0.02941971246036259,1.036790849481997,1.0662105619423596,-1.0073711370216345
Filter,ssp370,2005,Temperate,0.03677666300472562,0.5740512952063055,0.6108279582110311,-0.5372746322015799
Filter,ssp370,2006,Temperate,0.0389428005190262,0.8417768389624046,0.8807196394814308,-0.8028340384433784
Filter,ssp370,2007,Temperate,0.005338310427425308,1.1038717581532294,1.1092100685806547,-1.098533447725804
Filter,ssp370,2008,Temperate,0.03432710379893331,0.8536902159237927,0.888017319722726,-0.8193631121248593
Filter,ssp370,2009,Temperate,-0.06776052102334032,1.0609345198111186,0.9931739987877783,-1.128695040834459
Filter,ssp370,2010,Temperate,-0.06999822723073336,0.8437554752464235,0.7737572480156901,-0.9137537024771568
Filter,ssp370,2011,Temperate,0.026827498714939675,0.9395075672879669,0.9663350660029066,-0.9126800685730272
Filter,ssp370,2012,Temperate,0.017595800845658306,1.0184158830040901,1.0360116838497484,-1.0008200821584319
Filter,ssp370,2013,Temperate,0.01473407352415098,0.7609484477483175,0.7756825212724685,-0.7462143742241665
Filter,ssp370,2014,Temperate,0.05035726263062695,0.9505441781148518,1.0009014407454788,-0.9001869154842248
Filter,ssp370,2015,Temperate,-0.005107369918154692,1.0789004074778525,1.0737930375596978,-1.0840077773960073
Filter,ssp370,2016,Temperate,-0.008705286867794064,0.8742370758986585,0.8655317890308645,-0.8829423627664525
Filter,ssp370,2017,Temperate,-0.050180009382735244,0.7133427330375887,0.6631627236548534,-0.7635227424203239
Filter,ssp370,2018,Temperate,-0.006023589508849306,0.8113387088102318,0.8053151193013826,-0.8173622983190811
Filter,ssp370,2019,Temperate,0.08780907382155387,0.7143635415296354,0.8021726153511893,-0.6265544677080815
Filter,ssp370,2020,Temperate,0.022588861575091608,0.8065627792380065,0.8291516408130981,-0.7839739176629148
Filter,ssp370,2021,Temperate,-0.018356175186878154,0.5284967791266333,0.5101406039397551,-0.5468529543135114
Filter,ssp370,2022,Temperate,-0.019028682598927836,1.157576201694911,1.138547519095983,-1.1766048842938388
Filter,ssp370,2023,Temperate,0.07542913941571697,1.0771158694181395,1.1525450088338565,-1.0016867300024226
Filter,ssp370,2024,Temperate,0.058141144280139626,0.8880986581890978,0.9462398024692374,-0.8299575139089582
Filter,ssp370,2025,Temperate,0.008536641742310037,0.846774366645478,0.8553110083877881,-0.838237724903168
Filter,ssp370,2026,Temperate,0.0643943959610125,0.8118073992469126,0.8762017952079251,-0.7474130032859001
Filter,ssp370,2027,Temperate,0.038983743292605164,0.7808217406696134,0.8198054839622185,-0.7418379973770083
Filter,ssp370,2028,Temperate,0.022604575521360963,0.7735654438462723,0.7961700193676333,-0.7509608683249114
Filter,ssp370,2029,Temperate,0.011153869000710819,1.001622560656305,1.0127764296570159,-0.9904686916555941
Filter,ssp370,2030,Temperate,0.01645970342122567,0.7179066159813726,0.7343663194025983,-0.7014469125601469
Filter,ssp370,2031,Temperate,0.019458021722194185,0.9658509564352747,0.9853089781574689,-0.9463929347130806
Filter,ssp370,2032,Temperate,-0.02972493171066709,1.1646145499390268,1.1348896182283597,-1.194339481649694
Filter,ssp370,2033,Temperate,-0.01722831103770836,1.4398253519471913,1.422597040909483,-1.4570536629848996
Filter,ssp370,2034,Temperate,0.04542866785316192,1.374429241525203,1.419857909378365,-1.3290005736720412
Filter,ssp370,2035,Temperate,0.0068559669941545935,1.368867523958132,1.3757234909522866,-1.3620115569639775
Filter,ssp370,2036,Temperate,-0.005470573515327324,1.0699294756598436,1.0644589021445163,-1.075400049175171
Filter,ssp370,2037,Temperate,0.01593234481015853,1.252927090803293,1.2688594356134515,-1.2369947459931345
Filter,ssp370,2038,Temperate,-0.025771222366030886,1.2552633010505436,1.2294920786845127,-1.2810345234165745
Filter,ssp370,2039,Temperate,0.006271996864968625,1.2599514436991888,1.2662234405641575,-1.25367944683422
Filter,ssp370,2040,Temperate,0.03624778070998632,1.0793810941842596,1.115628874894246,-1.0431333134742733
Filter,ssp370,2041,Temperate,0.09474981833800047,1.0540690735827116,1.148818891920712,-0.9593192552447112
Filter,ssp370,2042,Temperate,-0.004196126204144885,1.0610824052654977,1.056886279061353,-1.0652785314696425
Filter,ssp370,2043,Temperate,0.09384200233289232,0.8243715612204057,0.918213563553298,-0.7305295588875134
Filter,ssp370,2044,Temperate,0.035209923814816385,0.9811850624732653,1.0163949862880817,-0.945975138658449
Filter,ssp370,2045,Temperate,-0.00552418125854618,0.8374178148930982,0.831893633634552,-0.8429419961516443
Filter,ssp370,2046,Temperate,0.046302629429483,0.6939707915434908,0.7402734209729739,-0.6476681621140078
Filter,ssp370,2047,Temperate,0.004538992370279592,0.9446667221956451,0.9492057145659246,-0.9401277298253655
Filter,ssp370,2048,Temperate,0.039565703929414435,1.1220791477495984,1.1616448516790128,-1.082513443820184
Filter,ssp370,2049,Temperate,0.025780977341119195,0.9090986547174269,0.9348796320585461,-0.8833176773763077
Filter,ssp370,2050,Temperate,0.05409396395362118,1.0526630127386782,1.1067569766922993,-0.998569048785057
Filter,ssp370,2051,Temperate,-0.005791916119403039,1.0609075728745396,1.0551156567551365,-1.0666994889939427
Filter,ssp370,2052,Temperate,-0.0036760989419123953,0.9178766548340507,0.9142005558921383,-0.921552753775963
Filter,ssp370,2053,Temperate,0.004108311787375589,0.8169669817879601,0.8210752935753357,-0.8128586700005845
Filter,ssp370,2054,Temperate,0.035244129450512196,0.9098518508004465,0.9450959802509586,-0.8746077213499344
Filter,ssp370,2055,Temperate,0.043096219719681694,0.7366097231048601,0.7797059428245418,-0.6935135033851784
Filter,ssp370,2056,Temperate,0.04282117450809356,0.8733868052502262,0.9162079797583197,-0.8305656307421326
Filter,ssp370,2057,Temperate,0.06329876010856364,1.178915797551065,1.2422145576596286,-1.1156170374425012
Filter,ssp370,2058,Temperate,0.03639718618120692,1.0725025812252673,1.1088997674064742,-1.0361053950440604
Filter,ssp370,2059,Temperate,0.05689439438763028,1.5050498233099623,1.5619442176975926,-1.448155428922332
Filter,ssp370,2060,Temperate,-0.015376247844276757,1.383101119461824,1.3677248716175472,-1.3984773673061006
Filter,ssp370,2061,Temperate,0.014996923344042616,1.0835666072389616,1.0985635305830042,-1.068569683894919
Filter,ssp370,2062,Temperate,0.04040112517988895,1.2250142502751054,1.2654153754549944,-1.1846131250952163
Filter,ssp370,2063,Temperate,-0.004204469927379258,0.8044093688187747,0.8002048988913955,-0.8086138387461539
Filter,ssp370,2064,Temperate,-0.010864966595022464,1.4978282581423104,1.486963291547288,-1.5086932247373328
Filter,ssp370,2065,Temperate,0.024652657720829,1.3648600050163686,1.3895126627371976,-1.3402073472955396
Filter,ssp370,2066,Temperate,0.08766971288009431,1.0294229332698528,1.117092646149947,-0.9417532203897585
Filter,ssp370,2067,Temperate,0.07457376181860303,1.2357933327131052,1.3103670945317083,-1.1612195708945021
Filter,ssp370,2068,Temperate,0.03048584364719016,1.3522372680258334,1.3827231116730236,-1.3217514243786432
Filter,ssp370,2069,Temperate,0.023215161179655348,1.0855201839654818,1.1087353451451372,-1.0623050227858264
Filter,ssp370,2070,Temperate,0.04176442115311667,1.4177554016232632,1.45951982277638,-1.3759909804701465
Filter,ssp370,2071,Temperate,0.043349364572012224,1.2856482616120257,1.328997626184038,-1.2422988970400135
Filter,ssp370,2072,Temperate,0.09269960338645208,1.030761433608028,1.12346103699448,-0.9380618302215759
Filter,ssp370,2073,Temperate,0.062305385297622286,1.2941141748692813,1.3564195601669036,-1.231808789571659
Filter,ssp370,2074,Temperate,0.0720075525466448,1.2984585187211575,1.3704660712678023,-1.2264509661745127
Filter,ssp370,2075,Temperate,0.10911569086473386,1.0597727354874058,1.1688884263521397,-0.950657044622672
Filter,ssp370,2076,Temperate,0.08897845376905453,0.8534434940285438,0.9424219477975984,-0.7644650402594892
Filter,ssp370,2077,Temperate,0.04134254704378604,1.3787206272958743,1.4200631743396603,-1.3373780802520883
Filter,ssp370,2078,Temperate,0.04533068003657205,1.6838887599225953,1.7292194399591674,-1.6385580798860233
Filter,ssp370,2079,Temperate,0.09825682648681133,1.233877098223924,1.3321339247107353,-1.1356202717371127
Filter,ssp370,2080,Temperate,0.0850589587487049,1.29738498519487,1.382443943943575,-1.212326026446165
Filter,ssp370,2081,Temperate,0.10496277873288942,1.6754366426392924,1.7803994213721819,-1.5704738639064029
Filter,ssp370,2082,Temperate,0.08052694006789549,1.4366119671096615,1.517138907177557,-1.3560850270417661
Filter,ssp370,2083,Temperate,0.02732973489478785,1.6163461221054005,1.6436758570001884,-1.5890163872106127
Filter,ssp370,2084,Temperate,0.021685732802482812,1.1969381227078548,1.2186238555103377,-1.175252389905372
Filter,ssp370,2085,Temperate,0.008568061617244677,1.33669336661893,1.3452614282361748,-1.3281253050016852
Filter,ssp370,2086,Temperate,0.06307130874811546,1.4307833589356107,1.493854667683726,-1.3677120501874953
Filter,ssp370,2087,Temperate,0.0354842604038101,1.330889735221828,1.3663739956256382,-1.295405474818018
Filter,ssp370,2088,Temperate,0.07920053658352497,0.9965481329311346,1.0757486695146596,-0.9173475963476097
Filter,ssp370,2089,Temperate,0.0037404430120056833,1.416339962563188,1.4200804055751937,-1.4125995195511825
Filter,ssp370,2090,Temperate,0.11398163718804813,0.8443247853265416,0.9583064225145898,-0.7303431481384935
Filter,ssp370,2091,Temperate,0.08818732045492991,1.3067208612133179,1.3949081816682478,-1.218533540758388
Filter,ssp370,2092,Temperate,0.12283130351488081,1.5516682199818392,1.6744995234967202,-1.4288369164669583
Filter,ssp370,2093,Temperate,0.07157406920421996,1.001705084596342,1.073279153800562,-0.9301310153921221
Filter,ssp370,2094,Temperate,0.08038627667916257,1.2403211166177188,1.3207073932968814,-1.1599348399385563
Filter,ssp370,2095,Temperate,0.076005956736164,1.535657244150936,1.6116632008871,-1.459651287414772
Filter,ssp370,2096,Temperate,0.103749171636491,1.824202970185616,1.9279521418221068,-1.720453798549125
Filter,ssp370,2097,Temperate,0.06403445629049569,1.922227794074072,1.9862622503645677,-1.8581933377835762
Filter,ssp370,2098,Temperate,0.07541129158818022,1.5423607231791183,1.6177720147672985,-1.4669494315909382
Filter,ssp370,2099,Temperate,0.09850952136648991,1.9893498107123706,2.0878593320788603,-1.8908402893458807
Filter,ssp370,2100,Temperate,0.10219140394063514,1.3104058594863135,1.4125972634269486,-1.2082144555456784
Filter,ssp585,1980,Temperate,-0.006598963997086783,0.7114881629834306,0.7048891989863438,-0.7180871269805175
Filter,ssp585,1981,Temperate,0.015203970220634699,0.822794643217484,0.8379986134381187,-0.8075906729968493
Filter,ssp585,1982,Temperate,-0.02866246004352479,0.7824168580087998,0.753754397965275,-0.8110793180523246
Filter,ssp585,1983,Temperate,-0.0038788729035865365,0.89365926674717,0.8897803938435834,-0.8975381396507566
Filter,ssp585,1984,Temperate,0.03788274595081308,0.7699469749488964,0.8078297208997095,-0.7320642289980833
Filter,ssp585,1985,Temperate,-3.55885411281084e-4,0.8295489681827495,0.8291930827714684,-0.8299048535940305
Filter,ssp585,1986,Temperate,-0.0254280402703209,0.9374774876699623,0.9120494473996414,-0.9629055279402832
Filter,ssp585,1987,Temperate,-0.0543547495204702,0.6243085298091325,0.5699537802886623,-0.6786632793296028
Filter,ssp585,1988,Temperate,-0.009973370574585434,0.7796878875833673,0.7697145170087818,-0.7896612581579527
Filter,ssp585,1989,Temperate,0.022844980441198672,0.7857655046202854,0.808610485061484,-0.7629205241790867
Filter,ssp585,1990,Temperate,0.012215924525515199,0.697323424437292,0.7095393489628072,-0.6851074999117768
Filter,ssp585,1991,Temperate,0.028885292508607226,0.5067298694729484,0.5356151619815557,-0.4778445769643412
Filter,ssp585,1992,Temperate,0.018445929930558613,0.5355094626456758,0.5539553925762344,-0.5170635327151172
Filter,ssp585,1993,Temperate,-0.007672431508266349,0.5089966383625214,0.501324206854255,-0.5166690698707878
Filter,ssp585,1994,Temperate,0.013421104827957189,0.918718950323098,0.9321400551510552,-0.9052978454951408
Filter,ssp585,1995,Temperate,-0.03986055050061474,0.9185767419240884,0.8787161914234737,-0.9584372924247032
Filter,ssp585,1996,Temperate,0.009057230909205974,0.7836280133768957,0.7926852442861017,-0.7745707824676897
Filter,ssp585,1997,Temperate,-0.01644579481619077,0.3982553531973523,0.3818095583811615,-0.4147011480135431
Filter,ssp585,1998,Temperate,-0.03930796305479484,0.5191012165141828,0.479793253459388,-0.5584091795689776
Filter,ssp585,1999,Temperate,0.06227263141721743,0.6969275412497488,0.7592001726669662,-0.6346549098325314
Filter,ssp585,2000,Temperate,0.012309271869013486,1.0786406033211404,1.0909498751901539,-1.066331331452127
Filter,ssp585,2001,Temperate,0.022218166717113033,1.0820159645505298,1.104234131267643,-1.0597977978334168
Filter,ssp585,2002,Temperate,0.01297515728669852,0.848230057058203,0.8612052143449015,-0.8352548997715045
Filter,ssp585,2003,Temperate,0.08794240717866086,0.6336932305173808,0.7216356376960417,-0.5457508233387199
Filter,ssp585,2004,Temperate,0.02941971246036259,1.036790849481997,1.0662105619423596,-1.0073711370216345
Filter,ssp585,2005,Temperate,0.03677666300472562,0.5740512952063055,0.6108279582110311,-0.5372746322015799
Filter,ssp585,2006,Temperate,0.0389428005190262,0.8417768389624046,0.8807196394814308,-0.8028340384433784
Filter,ssp585,2007,Temperate,0.005338310427425308,1.1038717581532294,1.1092100685806547,-1.098533447725804
Filter,ssp585,2008,Temperate,0.03432710379893331,0.8536902159237927,0.888017319722726,-0.8193631121248593
Filter,ssp585,2009,Temperate,-0.06776052102334032,1.0609345198111186,0.9931739987877783,-1.128695040834459
Filter,ssp585,2010,Temperate,-0.06999822723073336,0.8437554752464235,0.7737572480156901,-0.9137537024771568
Filter,ssp585,2011,Temperate,0.026827498714939675,0.9395075672879669,0.9663350660029066,-0.9126800685730272
Filter,ssp585,2012,Temperate,0.017595800845658306,1.0184158830040901,1.0360116838497484,-1.0008200821584319
Filter,ssp585,2013,Temperate,0.01473407352415098,0.7609484477483175,0.7756825212724685,-0.7462143742241665
Filter,ssp585,2014,Temperate,0.05035726263062695,0.9505441781148518,1.0009014407454788,-0.9001869154842248
Filter,ssp585,2015,Temperate,-0.0032771331999827875,0.7617205727218672,0.7584434395218844,-0.76499770592185
Filter,ssp585,2016,Temperate,0.09419500996194716,0.6599131348292827,0.7541081447912299,-0.5657181248673355
Filter,ssp585,2017,Temperate,-0.025890114300601254,0.9008983113019446,0.8750081970013434,-0.9267884256025459
Filter,ssp585,2018,Temperate,-0.037826305730272625,1.183573206764419,1.1457469010341463,-1.2213995124946915
Filter,ssp585,2019,Temperate,-0.013566023612853136,0.8598573644224893,0.8462913408096362,-0.8734233880353424
Filter,ssp585,2020,Temperate,0.06895175777242449,0.8543611952724992,0.9233129530449237,-0.7854094375000747
Filter,ssp585,2021,Temperate,-0.016893306081814132,0.7457612689698991,0.728867962888085,-0.7626545750517133
Filter,ssp585,2022,Temperate,0.008373786850184825,0.7745887436047015,0.7829625304548864,-0.7662149567545167
Filter,ssp585,2023,Temperate,0.025131954021073575,1.1144788000798436,1.139610754100917,-1.08934684605877
Filter,ssp585,2024,Temperate,-0.022672995351093253,0.9615699058890573,0.9388969105379641,-0.9842429012401506
Filter,ssp585,2025,Temperate,-0.026352247603709127,1.2010324528306728,1.1746802052269638,-1.2273847004343819
Filter,ssp585,2026,Temperate,0.0017633086139050153,0.9983996465053675,1.0001629551192726,-0.9966363378914624
Filter,ssp585,2027,Temperate,0.029235364911380284,0.49305333954954467,0.5222887044609249,-0.4638179746381644
Filter,ssp585,2028,Temperate,-0.05323455573638845,1.2454939460554253,1.1922593903190368,-1.2987285017918138
Filter,ssp585,2029,Temperate,-0.04013834402326974,0.7978158736930534,0.7576775296697836,-0.8379542177163232
Filter,ssp585,2030,Temperate,0.01327656571268055,0.76326050214263,0.7765370678553105,-0.7499839364299494
Filter,ssp585,2031,Temperate,0.0034800601999256855,1.1188246559568111,1.1223047161567368,-1.1153445957568855
Filter,ssp585,2032,Temperate,0.027316300715186773,0.6397907829411046,0.6671070836562913,-0.6124744822259178
Filter,ssp585,2033,Temperate,0.04051169003739255,0.660585314308859,0.7010970043462516,-0.6200736242714665
Filter,ssp585,2034,Temperate,-0.032865728379895834,1.0300003362351116,0.9971346078552157,-1.0628660646150074
Filter,ssp585,2035,Temperate,0.04494267201741638,0.9625738118003498,1.0075164838177662,-0.9176311397829334
Filter,ssp585,2036,Temperate,0.013482683477872454,1.4333346920282137,1.4468173755060862,-1.4198520085503412
Filter,ssp585,2037,Temperate,-0.025491581442991625,1.358190243413224,1.3326986619702323,-1.3836818248562157
Filter,ssp585,2038,Temperate,-5.591095017331666e-4,0.8746371826918399,0.8740780731901067,-0.8751962921935731
Filter,ssp585,2039,Temperate,0.03195148065162612,0.8444196387975348,0.8763711194491609,-0.8124681581459087
Filter,ssp585,2040,Temperate,-0.033278053645838385,1.2041997774091517,1.1709217237633134,-1.23747783105499
Filter,ssp585,2041,Temperate,1.5349412762352265e-4,0.8449442218939819,0.8450977160216054,-0.8447907277663583
Filter,ssp585,2042,Temperate,-0.017046628457649537,0.9442248267346495,0.927178198277,-0.961271455192299
Filter,ssp585,2043,Temperate,0.025969864139938664,0.7782456258939109,0.8042154900338495,-0.7522757617539723
Filter,ssp585,2044,Temperate,0.01843972726807194,0.9127086377601152,0.9311483650281872,-0.8942689104920433
Filter,ssp585,2045,Temperate,0.03130030456359387,0.8377757960921913,0.8690761006557852,-0.8064754915285974
Filter,ssp585,2046,Temperate,-0.02663917442669883,1.255316369500405,1.2286771950737063,-1.2819555439271038
Filter,ssp585,2047,Temperate,-0.0465363420024158,1.2846905548234755,1.2381542128210596,-1.3312268968258913
Filter,ssp585,2048,Temperate,-0.044584180070953314,1.2060930154745064,1.1615088354035532,-1.2506771955454596
Filter,ssp585,2049,Temperate,0.011600394340477983,1.3171710441995583,1.3287714385400362,-1.3055706498590804
Filter,ssp585,2050,Temperate,-0.0016982529124865305,1.1510071342964319,1.1493088813839454,-1.1527053872089184
Filter,ssp585,2051,Temperate,-0.028173291155103395,0.9821048883222699,0.9539315971671666,-1.0102781794773734
Filter,ssp585,2052,Temperate,-0.0013858221753886022,1.5805528878080743,1.5791670656326857,-1.581938709983463
Filter,ssp585,2053,Temperate,-0.025974079722174914,1.5114911940527582,1.4855171143305834,-1.537465273774933
Filter,ssp585,2054,Temperate,-0.010744500357985217,0.8104503055819113,0.7997058052239261,-0.8211948059398966
Filter,ssp585,2055,Temperate,-0.02574072627856549,1.2072526397623762,1.1815119134838108,-1.2329933660409416
Filter,ssp585,2056,Temperate,-0.03430486658256054,1.0131290682464709,0.9788242016639104,-1.0474339348290314
Filter,ssp585,2057,Temperate,0.03304560671488985,0.9161638705993619,0.9492094773142518,-0.883118263884472
Filter,ssp585,2058,Temperate,0.0085546586585252965,1.0888251548332664,1.0973798134917916,-1.0802704961747411
Filter,ssp585,2059,Temperate,-0.01794932550237431,1.2489378608957098,1.2309885353933354,-1.2668871863980842
Filter,ssp585,2060,Temperate,0.013834183904958858,1.6111687550492741,1.625002938954233,-1.5973345711443152
Filter,ssp585,2061,Temperate,0.06133412162758597,1.6430251991773483,1.7043593208049344,-1.5816910775497623
Filter,ssp585,2062,Temperate,-0.052471061605429074,1.4944236447437573,1.4419525831383282,-1.5468947063491865
Filter,ssp585,2063,Temperate,0.03748188470173218,1.4193833934383877,1.45686527814012,-1.3819015087366555
Filter,ssp585,2064,Temperate,-0.014370923802762371,1.1741630853242409,1.1597921615214786,-1.1885340091270031
Filter,ssp585,2065,Temperate,-0.02773493161647067,1.4048238433346312,1.3770889117181606,-1.4325587749511017
Filter,ssp585,2066,Temperate,0.033557691563207426,1.183910082812494,1.2174677743757014,-1.1503523912492866
Filter,ssp585,2067,Temperate,-0.025298454231540805,1.1606386254430403,1.1353401712114994,-1.1859370796745812
Filter,ssp585,2068,Temperate,0.06323557622978396,1.3672403585029702,1.4304759347327543,-1.3040047822731862
Filter,ssp585,2069,Temperate,0.08824745045384569,1.223307681423332,1.3115551318771776,-1.1350602309694862
Filter,ssp585,2070,Temperate,0.11252417017832837,1.033789652459649,1.1463138226379774,-0.9212654822813207
Filter,ssp585,2071,Temperate,0.08763145442382679,1.4297318774419456,1.5173633318657724,-1.3421004230181188
Filter,ssp585,2072,Temperate,0.1000456099218462,1.4736318559784753,1.5736774659003216,-1.373586246056629
Filter,ssp585,2073,Temperate,0.05143230934701389,1.8294893795692648,1.8809216889162788,-1.778057070222251
Filter,ssp585,2074,Temperate,0.034930479671908266,1.6939968356888184,1.7289273153607267,-1.65906635601691
Filter,ssp585,2075,Temperate,0.019651982846079157,1.7027322125884128,1.7223841954344918,-1.6830802297423337
Filter,ssp585,2076,Temperate,0.024447503375721574,1.392529952504685,1.4169774558804067,-1.3680824491289634
Filter,ssp585,2077,Temperate,0.09092907311919929,1.3311754545746017,1.4221045276938011,-1.2402463814554023
Filter,ssp585,2078,Temperate,0.025440438950514337,1.7825684196035774,1.8080088585540917,-1.757127980653063
Filter,ssp585,2079,Temperate,0.05506050739685385,1.6439768093728477,1.6990373167697015,-1.588916301975994
Filter,ssp585,2080,Temperate,0.02406776885297189,1.0470697936420954,1.0711375624950672,-1.0230020247891236
Filter,ssp585,2081,Temperate,0.0030253205689862468,1.0240858632687468,1.0271111838377331,-1.0210605426997605
Filter,ssp585,2082,Temperate,0.006336994980917365,1.2271514737022702,1.2334884686831875,-1.2208144787213528
Filter,ssp585,2083,Temperate,0.05918706947075514,1.7241391360156275,1.7833262054863828,-1.6649520665448723
Filter,ssp585,2084,Temperate,0.00861132304118871,1.7288809400729246,1.7374922631141132,-1.720269617031736
Filter,ssp585,2085,Temperate,0.07681049874189809,1.5233874609712696,1.6001979597131677,-1.4465769622293716
Filter,ssp585,2086,Temperate,0.07884988873774385,1.7268776205931513,1.805727509330895,-1.6480277318554075
Filter,ssp585,2087,Temperate,0.05507874619879417,1.7436514465372372,1.7987301927360315,-1.688572700338443
Filter,ssp585,2088,Temperate,0.08263090042968607,1.4866559787405838,1.5692868791702699,-1.4040250783108976
Filter,ssp585,2089,Temperate,0.1358754149228379,1.87436135762362,2.010236772546458,-1.7384859427007822
Filter,ssp585,2090,Temperate,0.04958112314413157,1.6212102449134693,1.670791368057601,-1.5716291217693377
Filter,ssp585,2091,Temperate,0.07531442668626896,1.428811803144104,1.5041262298303728,-1.353497376457835
Filter,ssp585,2092,Temperate,0.02282102664496379,1.8514402027520884,1.8742612293970522,-1.8286191761071247
Filter,ssp585,2093,Temperate,0.04169183142183547,1.8843789824638137,1.9260708138856493,-1.8426871510419782
Filter,ssp585,2094,Temperate,0.016554387156481172,1.993533467537637,2.010087854694118,-1.9769790803811558
Filter,ssp585,2095,Temperate,0.05864949221652595,2.0902821096973008,2.148931601913827,-2.0316326174807746
Filter,ssp585,2096,Temperate,0.08420190948071798,1.5906833641871134,1.6748852736678315,-1.5064814547063954
Filter,ssp585,2097,Temperate,0.0706401890737298,1.3660534872569086,1.4366936763306384,-1.2954132981831787
Filter,ssp585,2098,Temperate,-0.008436518505463566,1.88203577236973,1.8735992538642665,-1.8904722908751936
Filter,ssp585,2099,Temperate,0.04627390087787228,1.4606369031789115,1.5069108040567838,-1.4143630023010392
Filter,ssp585,2100,Temperate,0.1274168236703484,1.5739411302973443,1.7013579539676926,-1.446524306626996
Filter,ssp126,1980,Tropical,-0.02307832221785533,0.5501613062488717,0.5270829840310164,-0.573239628466727
Filter,ssp126,1981,Tropical,0.007377612004513221,0.9518492006166951,0.9592268126212083,-0.9444715886121818
Filter,ssp126,1982,Tropical,-0.004709313138810699,0.31628328817017526,0.3115739750313646,-0.32099260130898594
Filter,ssp126,1983,Tropical,-0.009802258648749864,0.4858828008747606,0.47608054222601076,-0.49568505952351044
Filter,ssp126,1984,Tropical,-0.024604171574355262,0.6805875523431533,0.655983380768798,-0.7051917239175085
Filter,ssp126,1985,Tropical,-0.05779763506855645,0.44718377046883084,0.3893861354002744,-0.5049814055373874
Filter,ssp126,1986,Tropical,0.02335426593152748,0.3143558017224258,0.3377100676539533,-0.29100153579089827
Filter,ssp126,1987,Tropical,-0.05595403690513611,0.6026817226042614,0.5467276856991253,-0.6586357595093976
Filter,ssp126,1988,Tropical,-0.012890148742666151,0.3857843230259013,0.3728941742832352,-0.39867447176856746
Filter,ssp126,1989,Tropical,0.015124813666952782,0.5770504600507815,0.5921752737177343,-0.5619256463838288
Filter,ssp126,1990,Tropical,0.0017061682677191813,0.3312471077060727,0.3329532759737919,-0.3295409394383535
Filter,ssp126,1991,Tropical,-0.02918964861305867,0.4021703218186155,0.37298067320555683,-0.4313599704316742
Filter,ssp126,1992,Tropical,-0.017133897420177076,0.3166495215491369,0.2995156241289598,-0.33378341896931396
Filter,ssp126,1993,Tropical,-0.0039641670244132616,0.5523065063659733,0.5483423393415601,-0.5562706733903866
Filter,ssp126,1994,Tropical,0.003066697324507712,0.30754730959970716,0.31061400692421487,-0.30448061227519946
Filter,ssp126,1995,Tropical,0.01608207785279711,0.5188317876630572,0.5349138655158543,-0.50274970981026
Filter,ssp126,1996,Tropical,0.015745500541600475,0.3635453856245283,0.37929088616612877,-0.34779988508292786
Filter,ssp126,1997,Tropical,0.04188695777984143,0.26502572199409014,0.30691267977393155,-0.22313876421424872
Filter,ssp126,1998,Tropical,0.03755074337182263,0.31032830711188764,0.34787905048371026,-0.272777563740065
Filter,ssp126,1999,Tropical,0.04408786377949254,0.22624869114297072,0.2703365549224633,-0.1821608273634782
Filter,ssp126,2000,Tropical,0.033140898833003744,0.49170586298306945,0.5248467618160731,-0.4585649641500657
Filter,ssp126,2001,Tropical,0.07369182980301567,0.2775138611766879,0.35120569097970356,-0.20382203137367225
Filter,ssp126,2002,Tropical,0.10126163097252208,0.433249597508348,0.5345112284808701,-0.33198796653582596
Filter,ssp126,2003,Tropical,0.10067242269907828,0.44360588579951454,0.5442783084985928,-0.34293346310043626
Filter,ssp126,2004,Tropical,0.09571926478804947,0.3658812880064118,0.46160055279446127,-0.2701620232183623
Filter,ssp126,2005,Tropical,0.0838062701369732,0.2747024589309709,0.35850872906794407,-0.1908961887939977
Filter,ssp126,2006,Tropical,0.09813046617751713,0.38654039115570893,0.48467085733322607,-0.2884099249781918
Filter,ssp126,2007,Tropical,0.08236896195112521,0.5757674929812288,0.658136454932354,-0.49339853103010356
Filter,ssp126,2008,Tropical,0.08718945748595261,0.4160401638167932,0.5032296213027458,-0.32885070633084057
Filter,ssp126,2009,Tropical,0.06333980990841102,0.5447131482371023,0.6080529581455133,-0.4813733383286912
Filter,ssp126,2010,Tropical,0.053708677448500754,0.42688177205137917,0.48059044949987995,-0.3731730946028784
Filter,ssp126,2011,Tropical,0.07384645005006053,0.609766477057664,0.6836129271077245,-0.5359200270076034
Filter,ssp126,2012,Tropical,0.09149849145267545,0.53526704116274,0.6267655326154155,-0.4437685497100646
Filter,ssp126,2013,Tropical,0.11106002597069582,0.3469477205146898,0.4580077464853856,-0.235887694543994
Filter,ssp126,2014,Tropical,0.09864755881411186,0.4170258543042006,0.5156734131183125,-0.3183782954900887
Filter,ssp126,2015,Tropical,0.03119762214039667,0.746464740997983,0.7776623631383797,-0.7152671188575863
Filter,ssp126,2016,Tropical,0.07453943748555532,0.3772496869088218,0.45178912439437713,-0.3027102494232665
Filter,ssp126,2017,Tropical,0.0991266836771343,0.8883428157147532,0.9874694993918874,-0.7892161320376189
Filter,ssp126,2018,Tropical,0.05677204247742325,0.40892114994550716,0.4656931924229304,-0.3521491074680839
Filter,ssp126,2019,Tropical,0.10092431058336376,0.33127779147045144,0.4322021020538152,-0.23035348088708768
Filter,ssp126,2020,Tropical,0.0873025803159295,0.4887656077914483,0.5760681881073778,-0.40146302747551876
Filter,ssp126,2021,Tropical,0.11383538375870528,0.4370031952269696,0.5508385789856749,-0.32316781146826434
Filter,ssp126,2022,Tropical,0.11916110607325632,0.45234013297663783,0.5715012390498941,-0.3331790269033815
Filter,ssp126,2023,Tropical,0.09521949726782959,0.5973168322255287,0.6925363294933583,-0.502097334957699
Filter,ssp126,2024,Tropical,0.08631631308552042,0.440937262940117,0.5272535760256374,-0.3546209498545966
Filter,ssp126,2025,Tropical,0.09762338440935522,0.4632961336455121,0.5609195180548673,-0.3656727492361569
Filter,ssp126,2026,Tropical,0.09396461397034639,0.34776026969972995,0.44172488367007634,-0.25379565572938356
Filter,ssp126,2027,Tropical,0.10885691830659669,0.4077261454762153,0.5165830637828119,-0.2988692271696186
Filter,ssp126,2028,Tropical,0.1116322948049648,0.6332692586177612,0.744901553422726,-0.5216369638127963
Filter,ssp126,2029,Tropical,0.12289439122731992,0.496713031327073,0.6196074225543929,-0.3738186400997531
Filter,ssp126,2030,Tropical,0.14241041854075967,0.38610795077735605,0.5285183693181157,-0.24369753223659638
Filter,ssp126,2031,Tropical,0.14179825497387957,0.3720573609202038,0.5138556158940834,-0.23025910594632423
Filter,ssp126,2032,Tropical,0.1349311422232674,0.8917043317344129,1.0266354739576804,-0.7567731895111455
Filter,ssp126,2033,Tropical,0.17429531428327347,0.3953601552876232,0.5696554695708966,-0.22106484100434973
Filter,ssp126,2034,Tropical,0.13038351615214647,0.46445946630769613,0.5948429824598426,-0.3340759501555497
Filter,ssp126,2035,Tropical,0.1433455165081546,0.4446039124374032,0.5879494289455578,-0.30125839592924863
Filter,ssp126,2036,Tropical,0.17587097465989932,0.4272549556022648,0.6031259302621641,-0.25138398094236547
Filter,ssp126,2037,Tropical,0.16322719943582006,0.4493788750032946,0.6126060744391146,-0.28615167556747456
Filter,ssp126,2038,Tropical,0.13239649547522725,0.472079672195732,0.6044761676709592,-0.33968317672050474
Filter,ssp126,2039,Tropical,0.1376053837373202,0.4212122047773195,0.5588175885146397,-0.28360682103999935
Filter,ssp126,2040,Tropical,0.1254249880761648,0.42686617886292055,0.5522911669390853,-0.30144119078675574
Filter,ssp126,2041,Tropical,0.14767837968037067,0.42827674061431487,0.5759551202946855,-0.2805983609339442
Filter,ssp126,2042,Tropical,0.18320470203620995,0.5130408528297187,0.6962455548659287,-0.3298361507935087
Filter,ssp126,2043,Tropical,0.1873184749902223,0.5160073508897461,0.7033258258799684,-0.32868887589952384
Filter,ssp126,2044,Tropical,0.19268865273366517,0.6246624479037206,0.8173511006373858,-0.4319737951700554
Filter,ssp126,2045,Tropical,0.1895486783845957,0.42511889805715875,0.6146675764417544,-0.23557021967256306
Filter,ssp126,2046,Tropical,0.15387601042892718,0.43088664140917216,0.5847626518380993,-0.277010630980245
Filter,ssp126,2047,Tropical,0.16067974387434103,0.45161395452467096,0.6122936983990119,-0.2909342106503299
Filter,ssp126,2048,Tropical,0.15970740313749204,0.6675326193273875,0.8272400224648795,-0.5078252161898955
Filter,ssp126,2049,Tropical,0.17811573659046934,0.4279222794655823,0.6060380160560517,-0.24980654287511297
Filter,ssp126,2050,Tropical,0.16624108840593743,0.34644699749497704,0.5126880859009144,-0.1802059090890396
Filter,ssp126,2051,Tropical,0.20627077670096,0.42393782408106606,0.630208600782026,-0.21766704738010606
Filter,ssp126,2052,Tropical,0.17024323259147547,0.44125877372821004,0.6115020063196855,-0.27101554113673454
Filter,ssp126,2053,Tropical,0.17689793409220814,0.6430637314382315,0.8199616655304396,-0.46616579734602337
Filter,ssp126,2054,Tropical,0.18142745501838248,0.5174223613701457,0.6988498163885282,-0.33599490635176327
Filter,ssp126,2055,Tropical,0.18368100472744334,0.4169213454135874,0.6006023501410307,-0.23324034068614405
Filter,ssp126,2056,Tropical,0.22623085581161634,0.40388752863644073,0.6301183844480571,-0.1776566728248244
Filter,ssp126,2057,Tropical,0.16584611204987848,0.43139609497106335,0.5972422070209418,-0.26554998292118487
Filter,ssp126,2058,Tropical,0.15916546090752004,0.5939950003240438,0.7531604612315639,-0.4348295394165238
Filter,ssp126,2059,Tropical,0.18413895207267056,0.453994455391716,0.6381334074643865,-0.26985550331904545
Filter,ssp126,2060,Tropical,0.162234517279604,0.6395547972718658,0.8017893145514698,-0.4773202799922618
Filter,ssp126,2061,Tropical,0.1675465100888725,0.5640545139784338,0.7316010240673063,-0.39650800388956126
Filter,ssp126,2062,Tropical,0.17081153671608632,0.6265164738017225,0.7973280105178088,-0.4557049370856362
Filter,ssp126,2063,Tropical,0.16157327836496313,0.4483440862068735,0.6099173645718367,-0.28677080784191034
Filter,ssp126,2064,Tropical,0.1404146924029312,0.44875219293396457,0.5891668853368958,-0.30833750053103337
Filter,ssp126,2065,Tropical,0.12781905667803564,0.46142245000971926,0.5892415066877549,-0.33360339333168365
Filter,ssp126,2066,Tropical,0.18552011521232145,0.40393668229908564,0.5894567975114071,-0.21841656708676419
Filter,ssp126,2067,Tropical,0.20614122817702252,0.5248869151240347,0.7310281433010573,-0.3187456869470122
Filter,ssp126,2068,Tropical,0.19455418070180064,0.7390676157898616,0.9336217964916622,-0.5445134350880609
Filter,ssp126,2069,Tropical,0.20959147556252503,0.6733937806424747,0.8829852562049997,-0.4638023050799497
Filter,ssp126,2070,Tropical,0.22539555818460633,0.5415128839641667,0.7669084421487731,-0.3161173257795604
Filter,ssp126,2071,Tropical,0.17575542080571582,0.5238734678652418,0.6996288886709576,-0.348118047059526
Filter,ssp126,2072,Tropical,0.17719284300433227,0.4640901013803255,0.6412829443846578,-0.2868972583759932
Filter,ssp126,2073,Tropical,0.16301260441434098,0.5973881479066336,0.7604007523209746,-0.4343755434922927
Filter,ssp126,2074,Tropical,0.18579758462317242,0.5406666853430441,0.7264642699662165,-0.35486910071987166
Filter,ssp126,2075,Tropical,0.13594083928159045,0.48314887646480104,0.6190897157463915,-0.3472080371832106
Filter,ssp126,2076,Tropical,0.15489192387361506,0.5984172661212138,0.7533091899948289,-0.44352534224759876
Filter,ssp126,2077,Tropical,0.17596088659423786,0.43920366479684064,0.6151645513910785,-0.2632427782026028
Filter,ssp126,2078,Tropical,0.21336179286500084,0.5570314246259163,0.7703932174909172,-0.3436696317609154
Filter,ssp126,2079,Tropical,0.166523165230917,0.40448634287671026,0.5710095081076273,-0.23796317764579325
Filter,ssp126,2080,Tropical,0.19671110093909505,0.7146041747751871,0.9113152757142822,-0.5178930738360921
Filter,ssp126,2081,Tropical,0.21460681640033882,0.42845148536854616,0.643058301768885,-0.21384466896820734
Filter,ssp126,2082,Tropical,0.2417191250226634,0.5393607858428168,0.7810799108654802,-0.29764166082015336
Filter,ssp126,2083,Tropical,0.20483237351244443,0.5237350454776355,0.7285674189900799,-0.31890267196519106
Filter,ssp126,2084,Tropical,0.13164897146218357,0.4159280290851236,0.5475770005473072,-0.28427905762294003
Filter,ssp126,2085,Tropical,0.1292614576111226,0.41824749682750467,0.5475089544386272,-0.2889860392163821
Filter,ssp126,2086,Tropical,0.18156203764111367,0.6873644421092425,0.8689264797503562,-0.5058024044681289
Filter,ssp126,2087,Tropical,0.15272307156679418,0.5192639101361839,0.6719869817029781,-0.3665408385693897
Filter,ssp126,2088,Tropical,0.16391749757073698,0.3586647030046082,0.5225822005753451,-0.1947472054338712
Filter,ssp126,2089,Tropical,0.18639420282086513,0.4384316108968611,0.6248258137177263,-0.25203740807599595
Filter,ssp126,2090,Tropical,0.17572364542999377,0.3516276417325477,0.5273512871625414,-0.1759039963025539
Filter,ssp126,2091,Tropical,0.17483172187180215,0.39136350089990796,0.5661952227717101,-0.2165317790281058
Filter,ssp126,2092,Tropical,0.19589810628441665,0.6499560263730451,0.8458541326574617,-0.45405792008862844
Filter,ssp126,2093,Tropical,0.14098288803668074,0.7915242686041093,0.9325071566407901,-0.6505413805674285
Filter,ssp126,2094,Tropical,0.13292138303643522,0.6241516060544929,0.7570729890909281,-0.49123022301805774
Filter,ssp126,2095,Tropical,0.13880357182260386,0.49933107791506953,0.6381346497376734,-0.36052750609246564
Filter,ssp126,2096,Tropical,0.12939890163092643,0.5849435632538366,0.7143424648847629,-0.45554466162291013
Filter,ssp126,2097,Tropical,0.1666062224099192,0.6084676622965369,0.7750738847064561,-0.44186143988661775
Filter,ssp126,2098,Tropical,0.1581930907849829,0.41971489721600963,0.5779079880009925,-0.26152180643102674
Filter,ssp126,2099,Tropical,0.19633807693614896,0.567374997123239,0.763713074059388,-0.37103692018709006
Filter,ssp126,2100,Tropical,0.18758088301137837,0.4038489283704939,0.5914298113818723,-0.21626804535911553
Filter,ssp370,1980,Tropical,-0.02307832221785533,0.5501613062488717,0.5270829840310164,-0.573239628466727
Filter,ssp370,1981,Tropical,0.007377612004513221,0.9518492006166951,0.9592268126212083,-0.9444715886121818
Filter,ssp370,1982,Tropical,-0.004709313138810699,0.31628328817017526,0.3115739750313646,-0.32099260130898594
Filter,ssp370,1983,Tropical,-0.009802258648749864,0.4858828008747606,0.47608054222601076,-0.49568505952351044
Filter,ssp370,1984,Tropical,-0.024604171574355262,0.6805875523431533,0.655983380768798,-0.7051917239175085
Filter,ssp370,1985,Tropical,-0.05779763506855645,0.44718377046883084,0.3893861354002744,-0.5049814055373874
Filter,ssp370,1986,Tropical,0.02335426593152748,0.3143558017224258,0.3377100676539533,-0.29100153579089827
Filter,ssp370,1987,Tropical,-0.05595403690513611,0.6026817226042614,0.5467276856991253,-0.6586357595093976
Filter,ssp370,1988,Tropical,-0.012890148742666151,0.3857843230259013,0.3728941742832352,-0.39867447176856746
Filter,ssp370,1989,Tropical,0.015124813666952782,0.5770504600507815,0.5921752737177343,-0.5619256463838288
Filter,ssp370,1990,Tropical,0.0017061682677191813,0.3312471077060727,0.3329532759737919,-0.3295409394383535
Filter,ssp370,1991,Tropical,-0.02918964861305867,0.4021703218186155,0.37298067320555683,-0.4313599704316742
Filter,ssp370,1992,Tropical,-0.017133897420177076,0.3166495215491369,0.2995156241289598,-0.33378341896931396
Filter,ssp370,1993,Tropical,-0.0039641670244132616,0.5523065063659733,0.5483423393415601,-0.5562706733903866
Filter,ssp370,1994,Tropical,0.003066697324507712,0.30754730959970716,0.31061400692421487,-0.30448061227519946
Filter,ssp370,1995,Tropical,0.01608207785279711,0.5188317876630572,0.5349138655158543,-0.50274970981026
Filter,ssp370,1996,Tropical,0.015745500541600475,0.3635453856245283,0.37929088616612877,-0.34779988508292786
Filter,ssp370,1997,Tropical,0.04188695777984143,0.26502572199409014,0.30691267977393155,-0.22313876421424872
Filter,ssp370,1998,Tropical,0.03755074337182263,0.31032830711188764,0.34787905048371026,-0.272777563740065
Filter,ssp370,1999,Tropical,0.04408786377949254,0.22624869114297072,0.2703365549224633,-0.1821608273634782
Filter,ssp370,2000,Tropical,0.033140898833003744,0.49170586298306945,0.5248467618160731,-0.4585649641500657
Filter,ssp370,2001,Tropical,0.07369182980301567,0.2775138611766879,0.35120569097970356,-0.20382203137367225
Filter,ssp370,2002,Tropical,0.10126163097252208,0.433249597508348,0.5345112284808701,-0.33198796653582596
Filter,ssp370,2003,Tropical,0.10067242269907828,0.44360588579951454,0.5442783084985928,-0.34293346310043626
Filter,ssp370,2004,Tropical,0.09571926478804947,0.3658812880064118,0.46160055279446127,-0.2701620232183623
Filter,ssp370,2005,Tropical,0.0838062701369732,0.2747024589309709,0.35850872906794407,-0.1908961887939977
Filter,ssp370,2006,Tropical,0.09813046617751713,0.38654039115570893,0.48467085733322607,-0.2884099249781918
Filter,ssp370,2007,Tropical,0.08236896195112521,0.5757674929812288,0.658136454932354,-0.49339853103010356
Filter,ssp370,2008,Tropical,0.08718945748595261,0.4160401638167932,0.5032296213027458,-0.32885070633084057
Filter,ssp370,2009,Tropical,0.06333980990841102,0.5447131482371023,0.6080529581455133,-0.4813733383286912
Filter,ssp370,2010,Tropical,0.053708677448500754,0.42688177205137917,0.48059044949987995,-0.3731730946028784
Filter,ssp370,2011,Tropical,0.07384645005006053,0.609766477057664,0.6836129271077245,-0.5359200270076034
Filter,ssp370,2012,Tropical,0.09149849145267545,0.53526704116274,0.6267655326154155,-0.4437685497100646
Filter,ssp370,2013,Tropical,0.11106002597069582,0.3469477205146898,0.4580077464853856,-0.235887694543994
Filter,ssp370,2014,Tropical,0.09864755881411186,0.4170258543042006,0.5156734131183125,-0.3183782954900887
Filter,ssp370,2015,Tropical,0.028691825330091736,0.8322557398450214,0.8609475651751132,-0.8035639145149297
Filter,ssp370,2016,Tropical,0.10353519970252353,0.9393926610454735,1.042927860747997,-0.8358574613429499
Filter,ssp370,2017,Tropical,0.13787105687422663,0.6202775989945918,0.7581486558688184,-0.48240654212036516
Filter,ssp370,2018,Tropical,0.09381170279852269,0.4049733510229557,0.49878505382147836,-0.311161648224433
Filter,ssp370,2019,Tropical,0.12952365976351224,0.37581693440716474,0.505340594170677,-0.2462932746436525
Filter,ssp370,2020,Tropical,0.11734699855731855,0.2685064741058103,0.38585347266312886,-0.15115947554849174
Filter,ssp370,2021,Tropical,0.09788366670063371,0.37168024964846946,0.46956391634910316,-0.27379658294783576
Filter,ssp370,2022,Tropical,0.0958555460231487,0.9149135161560156,1.0107690621791643,-0.8190579701328669
Filter,ssp370,2023,Tropical,0.06307772484923128,1.0830049324114248,1.1460826572606562,-1.0199272075621935
Filter,ssp370,2024,Tropical,0.14140811670074624,0.48968968668363955,0.6310978033843858,-0.3482815699828933
Filter,ssp370,2025,Tropical,0.11834483761703472,0.4034713067050898,0.5218161443221245,-0.28512646908805506
Filter,ssp370,2026,Tropical,0.13327129839210722,0.4655558188061106,0.5988271171982178,-0.33228452041400336
Filter,ssp370,2027,Tropical,0.10998058956184983,0.6480954775326538,0.7580760670945037,-0.538114887970804
Filter,ssp370,2028,Tropical,0.11460671776284748,0.478539477293655,0.5931461950565025,-0.3639327595308075
Filter,ssp370,2029,Tropical,0.08925229616846048,0.41687505130555225,0.5061273474740127,-0.32762275513709177
Filter,ssp370,2030,Tropical,0.09374647764347767,0.35200079804702183,0.4457472756904995,-0.2582543204035442
Filter,ssp370,2031,Tropical,0.15317922701559572,0.6041141792310392,0.7572934062466349,-0.45093495221544344
Filter,ssp370,2032,Tropical,0.14125503752030588,0.4000743865048711,0.5413294240251769,-0.2588193489845652
Filter,ssp370,2033,Tropical,0.13924809768554589,0.42282868722469746,0.5620767849102434,-0.28358058953915155
Filter,ssp370,2034,Tropical,0.16799710440410975,0.4130462782105545,0.5810433826146643,-0.24504917380644475
Filter,ssp370,2035,Tropical,0.19098946286308002,0.3711040122338562,0.5620934750969362,-0.18011454937077617
Filter,ssp370,2036,Tropical,0.1877896428306772,0.34152811195112903,0.5293177547818062,-0.15373846912045183
Filter,ssp370,2037,Tropical,0.21528518789972773,0.35469239787027096,0.5699775857699987,-0.13940720997054323
Filter,ssp370,2038,Tropical,0.20298717569682162,0.5703934712712276,0.7733806469680493,-0.367406295574406
Filter,ssp370,2039,Tropical,0.1673313410326953,0.4039576485713819,0.5712889896040771,-0.23662630753868658
Filter,ssp370,2040,Tropical,0.2054425943027088,0.4650395333781215,0.6704821276808303,-0.2595969390754127
Filter,ssp370,2041,Tropical,0.1715996020235746,0.64196515092804185,0.8135647529516165,-0.47036554890446725
Filter,ssp370,2042,Tropical,0.17365720355181957,0.3997365848174541,0.5733937883692737,-0.22607938126563454
Filter,ssp370,2043,Tropical,0.20996913854931873,0.463124743722593,0.6730938822719117,-0.2531556051732743
Filter,ssp370,2044,Tropical,0.16072262399116133,0.44660330798130404,0.6073259319724653,-0.2858806839901427
Filter,ssp370,2045,Tropical,0.22356635146908166,0.425194338542303,0.6487606900113847,-0.20162798707322133
Filter,ssp370,2046,Tropical,0.24474396202996945,0.3781510244735103,0.6228949865034797,-0.13340706244354084
Filter,ssp370,2047,Tropical,0.25914429209868217,0.5893103989599362,0.8484546910586184,-0.330166106861254
Filter,ssp370,2048,Tropical,0.2442780584326678,0.614324789848978,0.8586028482816458,-0.37004673141631017
Filter,ssp370,2049,Tropical,0.22007492135679121,0.6776227851718224,0.8976977065286136,-0.4575478638150312
Filter,ssp370,2050,Tropical,0.25093598293897584,0.6253006221947615,0.8762366051337374,-0.3743646392557856
Filter,ssp370,2051,Tropical,0.2329363928604538,0.6834229836037754,0.9163593764642293,-0.4504865907433216
Filter,ssp370,2052,Tropical,0.24499967573549772,0.50790492831151135,0.7529046040470091,-0.2629052525760136
Filter,ssp370,2053,Tropical,0.24775172092100198,0.49712283672631824,0.7448745576473202,-0.24937111580531626
Filter,ssp370,2054,Tropical,0.2371088089877682,0.5224575308014319,0.7595663397892001,-0.28534872181366366
Filter,ssp370,2055,Tropical,0.21604300685522881,0.45672476564061637,0.6727677724958452,-0.24068175878538756
Filter,ssp370,2056,Tropical,0.22711710654923892,0.6303278404770839,0.8574449470263228,-0.403210733927845
Filter,ssp370,2057,Tropical,0.25844744512824647,0.714077121759117,0.9725245668873634,-0.4556296766308705
Filter,ssp370,2058,Tropical,0.237516700375766,0.5264593194553607,0.7639760198311267,-0.28894261907959473
Filter,ssp370,2059,Tropical,0.2629663062992961,0.8533276898427692,1.1162939961420653,-0.5903613835434731
Filter,ssp370,2060,Tropical,0.24020467378453067,0.9170213824780711,1.1572260562626018,-0.6768167086935404
Filter,ssp370,2061,Tropical,0.274213824678845,0.8613116926500589,1.1355255173289038,-0.587097867971214
Filter,ssp370,2062,Tropical,0.25517050253954715,0.6682855671867532,0.9234560697263003,-0.4131150646472061
Filter,ssp370,2063,Tropical,0.28840095077871436,0.5841809825444273,0.8725819333231417,-0.29578003176571294
Filter,ssp370,2064,Tropical,0.3334479064137043,0.6082283430968685,0.9416762495105728,-0.27478043668316415
Filter,ssp370,2065,Tropical,0.2925945407660723,0.7859656919093679,1.0785602326754402,-0.49337115114329566
Filter,ssp370,2066,Tropical,0.27672985794324123,0.6149773266388705,0.8917071845821117,-0.33824746869562927
Filter,ssp370,2067,Tropical,0.26441867924747586,0.666446896873497,0.9308655761209729,-0.40202821762602114
Filter,ssp370,2068,Tropical,0.27978927910726464,0.6324965482913705,0.9122858273986352,-0.35270726918410583
Filter,ssp370,2069,Tropical,0.2942862894014743,0.6870969765042483,0.9813832659057226,-0.392810687102774
Filter,ssp370,2070,Tropical,0.25606090078121285,0.8192974381668217,1.0753583389480346,-0.5632365373856087
Filter,ssp370,2071,Tropical,0.28467359777529955,0.5706506881638689,0.8553242859391684,-0.28597709038856933
Filter,ssp370,2072,Tropical,0.3369592255692892,0.9765438403713043,1.3135030659405935,-0.639584614802015
Filter,ssp370,2073,Tropical,0.3376577347106513,0.5513662864517774,0.8890240211624287,-0.21370855174112613
Filter,ssp370,2074,Tropical,0.3406414997529979,0.5591461890168015,0.8997876887697993,-0.21850468926380356
Filter,ssp370,2075,Tropical,0.31441184151356966,0.5390667770347497,0.8534786185483194,-0.22465493552118004
Filter,ssp370,2076,Tropical,0.3241890140888836,0.5563349983328885,0.8805240124217721,-0.23214598424400484
Filter,ssp370,2077,Tropical,0.3540611606057505,0.893026710397667,1.2470878710034174,-0.5389655497919166
Filter,ssp370,2078,Tropical,0.3180742502883135,0.7514057213777389,1.0694799716660524,-0.4333314710894254
Filter,ssp370,2079,Tropical,0.31427893506985266,0.6225151125438236,0.9367940476136762,-0.308236177473971
Filter,ssp370,2080,Tropical,0.3806701951348774,0.6800394301022373,1.0607096252371147,-0.29936923496735995
Filter,ssp370,2081,Tropical,0.36631436799411393,0.643336357694576,1.00965072568869,-0.27702198970046205
Filter,ssp370,2082,Tropical,0.35644251221650136,0.5840084585359434,0.9404509707524448,-0.22756594631944205
Filter,ssp370,2083,Tropical,0.34520706820768343,0.6308538798884405,0.976060948096124,-0.2856468116807571
Filter,ssp370,2084,Tropical,0.3473600570102642,0.5329574949512537,0.8803175519615178,-0.18559743794098948
Filter,ssp370,2085,Tropical,0.3857016331626569,1.210287776774229,1.5959894099368859,-0.8245861436115722
Filter,ssp370,2086,Tropical,0.3725202219847442,0.920496377734823,1.293016599719567,-0.5479761557500787
Filter,ssp370,2087,Tropical,0.3797940533366134,0.8214235128391345,1.2012175661757478,-0.4416294595025211
Filter,ssp370,2088,Tropical,0.38777324566657406,0.6134521008394299,1.001225346506004,-0.22567885517285585
Filter,ssp370,2089,Tropical,0.38220255708990997,0.7449116446744575,1.1271142017643674,-0.3627090875845475
Filter,ssp370,2090,Tropical,0.44140146508433664,0.5838053392532763,1.0252068043376128,-0.14240387416893963
Filter,ssp370,2091,Tropical,0.4061597129510182,0.8667511432177244,1.2729108561687426,-0.4605914302667062
Filter,ssp370,2092,Tropical,0.4117626070814559,0.7978370906411487,1.2095996977226047,-0.3860744835596928
Filter,ssp370,2093,Tropical,0.46051471766141944,0.6658151067292117,1.1263298243906312,-0.2053003890677923
Filter,ssp370,2094,Tropical,0.43742295326866765,0.882575196522214,1.3199981497908815,-0.4451522432535463
Filter,ssp370,2095,Tropical,0.41150414042053945,0.7206553156633827,1.132159456083922,-0.30915117524284325
Filter,ssp370,2096,Tropical,0.4278968455753476,0.7053359153840381,1.1332327609593857,-0.2774390698086905
Filter,ssp370,2097,Tropical,0.43942246677098434,0.7641966942965398,1.2036191610675242,-0.32477422752555546
Filter,ssp370,2098,Tropical,0.47550967219882323,0.6788634995744842,1.1543731717733074,-0.203353827375661
Filter,ssp370,2099,Tropical,0.4647403293469552,0.8253134662505422,1.2900537955974976,-0.36057313690358705
Filter,ssp370,2100,Tropical,0.4865993703158298,0.8320086154327501,1.3186079857485797,-0.3454092451169203
Filter,ssp585,1980,Tropical,-0.02307832221785533,0.5501613062488717,0.5270829840310164,-0.573239628466727
Filter,ssp585,1981,Tropical,0.007377612004513221,0.9518492006166951,0.9592268126212083,-0.9444715886121818
Filter,ssp585,1982,Tropical,-0.004709313138810699,0.31628328817017526,0.3115739750313646,-0.32099260130898594
Filter,ssp585,1983,Tropical,-0.009802258648749864,0.4858828008747606,0.47608054222601076,-0.49568505952351044
Filter,ssp585,1984,Tropical,-0.024604171574355262,0.6805875523431533,0.655983380768798,-0.7051917239175085
Filter,ssp585,1985,Tropical,-0.05779763506855645,0.44718377046883084,0.3893861354002744,-0.5049814055373874
Filter,ssp585,1986,Tropical,0.02335426593152748,0.3143558017224258,0.3377100676539533,-0.29100153579089827
Filter,ssp585,1987,Tropical,-0.05595403690513611,0.6026817226042614,0.5467276856991253,-0.6586357595093976
Filter,ssp585,1988,Tropical,-0.012890148742666151,0.3857843230259013,0.3728941742832352,-0.39867447176856746
Filter,ssp585,1989,Tropical,0.015124813666952782,0.5770504600507815,0.5921752737177343,-0.5619256463838288
Filter,ssp585,1990,Tropical,0.0017061682677191813,0.3312471077060727,0.3329532759737919,-0.3295409394383535
Filter,ssp585,1991,Tropical,-0.02918964861305867,0.4021703218186155,0.37298067320555683,-0.4313599704316742
Filter,ssp585,1992,Tropical,-0.017133897420177076,0.3166495215491369,0.2995156241289598,-0.33378341896931396
Filter,ssp585,1993,Tropical,-0.0039641670244132616,0.5523065063659733,0.5483423393415601,-0.5562706733903866
Filter,ssp585,1994,Tropical,0.003066697324507712,0.30754730959970716,0.31061400692421487,-0.30448061227519946
Filter,ssp585,1995,Tropical,0.01608207785279711,0.5188317876630572,0.5349138655158543,-0.50274970981026
Filter,ssp585,1996,Tropical,0.015745500541600475,0.3635453856245283,0.37929088616612877,-0.34779988508292786
Filter,ssp585,1997,Tropical,0.04188695777984143,0.26502572199409014,0.30691267977393155,-0.22313876421424872
Filter,ssp585,1998,Tropical,0.03755074337182263,0.31032830711188764,0.34787905048371026,-0.272777563740065
Filter,ssp585,1999,Tropical,0.04408786377949254,0.22624869114297072,0.2703365549224633,-0.1821608273634782
Filter,ssp585,2000,Tropical,0.033140898833003744,0.49170586298306945,0.5248467618160731,-0.4585649641500657
Filter,ssp585,2001,Tropical,0.07369182980301567,0.2775138611766879,0.35120569097970356,-0.20382203137367225
Filter,ssp585,2002,Tropical,0.10126163097252208,0.433249597508348,0.5345112284808701,-0.33198796653582596
Filter,ssp585,2003,Tropical,0.10067242269907828,0.44360588579951454,0.5442783084985928,-0.34293346310043626
Filter,ssp585,2004,Tropical,0.09571926478804947,0.3658812880064118,0.46160055279446127,-0.2701620232183623
Filter,ssp585,2005,Tropical,0.0838062701369732,0.2747024589309709,0.35850872906794407,-0.1908961887939977
Filter,ssp585,2006,Tropical,0.09813046617751713,0.38654039115570893,0.48467085733322607,-0.2884099249781918
Filter,ssp585,2007,Tropical,0.08236896195112521,0.5757674929812288,0.658136454932354,-0.49339853103010356
Filter,ssp585,2008,Tropical,0.08718945748595261,0.4160401638167932,0.5032296213027458,-0.32885070633084057
Filter,ssp585,2009,Tropical,0.06333980990841102,0.5447131482371023,0.6080529581455133,-0.4813733383286912
Filter,ssp585,2010,Tropical,0.053708677448500754,0.42688177205137917,0.48059044949987995,-0.3731730946028784
Filter,ssp585,2011,Tropical,0.07384645005006053,0.609766477057664,0.6836129271077245,-0.5359200270076034
Filter,ssp585,2012,Tropical,0.09149849145267545,0.53526704116274,0.6267655326154155,-0.4437685497100646
Filter,ssp585,2013,Tropical,0.11106002597069582,0.3469477205146898,0.4580077464853856,-0.235887694543994
Filter,ssp585,2014,Tropical,0.09864755881411186,0.4170258543042006,0.5156734131183125,-0.3183782954900887
Filter,ssp585,2015,Tropical,0.0623879321599296,0.5841992993482917,0.6465872315082213,-0.5218113671883622
Filter,ssp585,2016,Tropical,0.10923272163698639,0.573369138894566,0.6826018605315524,-0.4641364172575796
Filter,ssp585,2017,Tropical,0.06432960937645238,0.4769665646139025,0.5412961739903549,-0.41263695523745014
Filter,ssp585,2018,Tropical,0.08748053728820011,0.947085701811683,1.034566239099883,-0.8596051645234828
Filter,ssp585,2019,Tropical,0.1361375430450067,0.8125506418986138,0.9486881849436205,-0.6764130988536071
Filter,ssp585,2020,Tropical,0.12801138039481214,0.38076914522991123,0.5087805256247233,-0.2527577648350991
Filter,ssp585,2021,Tropical,0.11640263958554509,0.3434071957091885,0.45980983529473357,-0.2270045561236434
Filter,ssp585,2022,Tropical,0.12182984704640253,0.4647665880743713,0.5865964351207739,-0.3429367410279688
Filter,ssp585,2023,Tropical,0.11420675811956654,0.4216549334569498,0.5358616915765164,-0.3074481753373833
Filter,ssp585,2024,Tropical,0.07753669583460823,0.9226384976732869,1.000175193507895,-0.8451018018386787
Filter,ssp585,2025,Tropical,0.09867734636007913,0.3294925898013731,0.4281699361614522,-0.23081524344129395
Filter,ssp585,2026,Tropical,0.12793331849821188,0.42709862273816435,0.5550319412363762,-0.29916530423995247
Filter,ssp585,2027,Tropical,0.13813111998953023,0.44439230512890987,0.5825234251184401,-0.3062611851393796
Filter,ssp585,2028,Tropical,0.11037480357593234,0.3880477999913231,0.49842260356725543,-0.2776729964153908
Filter,ssp585,2029,Tropical,0.11159794025086506,0.4287800617656211,0.5403780020164861,-0.31718212151475605
Filter,ssp585,2030,Tropical,0.13041043551275036,0.410694620925729,0.5411050564384794,-0.2802841854129786
Filter,ssp585,2031,Tropical,0.1537245062433414,0.4892738012199047,0.6429983074632462,-0.3355492949765633
Filter,ssp585,2032,Tropical,0.16766402729021188,0.746235542862676,0.9138995701528879,-0.5785715155724641
Filter,ssp585,2033,Tropical,0.17093640529848464,0.43177108007965737,0.602707485378142,-0.2608346747811727
Filter,ssp585,2034,Tropical,0.16143963865924565,0.3931734740368041,0.5546131126960497,-0.23173383537755843
Filter,ssp585,2035,Tropical,0.1539434794463062,0.6021469656558376,0.7560904451021437,-0.4482034862095314
Filter,ssp585,2036,Tropical,0.16875900709571762,0.494597274526577,0.6633562816222947,-0.32583826743085936
Filter,ssp585,2037,Tropical,0.18000186048869082,0.511330052358713,0.6913319128474038,-0.33132819187002216
Filter,ssp585,2038,Tropical,0.17672908832945566,0.3998146545531233,0.576543742882579,-0.22308556622366765
Filter,ssp585,2039,Tropical,0.17456929658435436,0.40545775042906307,0.5800270470134175,-0.2308884538447087
Filter,ssp585,2040,Tropical,0.22771056109746945,0.5191861319080242,0.7468966930054937,-0.29147557081055475
Filter,ssp585,2041,Tropical,0.1911077931928954,0.5380449077054789,0.7291527008983743,-0.34693711451258347
Filter,ssp585,2042,Tropical,0.20668765476431922,0.4488557497752821,0.6555434045396014,-0.24216809501096287
Filter,ssp585,2043,Tropical,0.23213270453332158,0.46917197181592335,0.701304676349245,-0.23703926728260177
Filter,ssp585,2044,Tropical,0.24907113473379067,0.46632712040569646,0.7153982551394871,-0.2172559856719058
Filter,ssp585,2045,Tropical,0.21807167624433846,0.4716385072794156,0.689710183523754,-0.25356683103507716
Filter,ssp585,2046,Tropical,0.22263696765086172,0.5282504121064219,0.7508873797572836,-0.30561344445556016
Filter,ssp585,2047,Tropical,0.2253858166207771,0.5482526265485146,0.7736384431692918,-0.3228668099277375
Filter,ssp585,2048,Tropical,0.26783769351808273,0.5634398201817474,0.8312775136998302,-0.2956021266636647
Filter,ssp585,2049,Tropical,0.269683186299004,0.6532163956889652,0.9228995819879692,-0.38353320938996116
Filter,ssp585,2050,Tropical,0.2479060652309712,0.5104028679597012,0.7583089331906725,-0.26249680272873005
Filter,ssp585,2051,Tropical,0.2985205923687611,0.45111431402525576,0.7496349063940169,-0.15259372165649465
Filter,ssp585,2052,Tropical,0.2903310202625408,0.7072653975642095,0.9975964178267502,-0.41693437730166866
Filter,ssp585,2053,Tropical,0.27660008565996275,0.5974851892333389,0.8740852748933017,-0.3208851035733762
Filter,ssp585,2054,Tropical,0.3136440621091068,0.5553458397135465,0.8689899018226532,-0.24170177760443967
Filter,ssp585,2055,Tropical,0.29445283939409245,0.7980474384087691,1.0925002778028616,-0.5035945990146766
Filter,ssp585,2056,Tropical,0.2587611015546627,0.5530764387431641,0.8118375402978268,-0.29431533718850145
Filter,ssp585,2057,Tropical,0.29554461630219647,0.5703323767630984,0.865876993065295,-0.274787760460902
Filter,ssp585,2058,Tropical,0.29786714389318214,0.47733759624968536,0.7752047401428674,-0.17947045235650322
Filter,ssp585,2059,Tropical,0.28161894412731825,0.6420839484316394,0.9237028925589577,-0.36046500430432116
Filter,ssp585,2060,Tropical,0.3110751449466068,0.6248919064540411,0.935967051400648,-0.3138167615074343
Filter,ssp585,2061,Tropical,0.33065903866208496,0.7136573061645477,1.0443163448266326,-0.38299826750246274
Filter,ssp585,2062,Tropical,0.320577621950854,0.7187138871243546,1.0392915090752086,-0.3981362651735006
Filter,ssp585,2063,Tropical,0.33702043351519234,0.4811634802699474,0.8181839137851397,-0.14414304675475503
Filter,ssp585,2064,Tropical,0.35324287696940304,0.7213817174134609,1.0746245943828638,-0.36813884044405787
Filter,ssp585,2065,Tropical,0.3423366572133874,0.7632911134315763,1.1056277706449638,-0.4209544562181889
Filter,ssp585,2066,Tropical,0.33397255404277154,0.5273702083087952,0.8613427623515668,-0.19339765426602368
Filter,ssp585,2067,Tropical,0.3492828023986198,0.7823986671630047,1.1316814695616244,-0.43311586476438485
Filter,ssp585,2068,Tropical,0.3272521095905424,0.6928656911843972,1.0201178007749396,-0.3656135815938548
Filter,ssp585,2069,Tropical,0.3819463280988688,0.7070018817074848,1.0889482098063537,-0.325055553608616
Filter,ssp585,2070,Tropical,0.39948723989782925,0.5414990179995176,0.9409862578973469,-0.14201177810168836
Filter,ssp585,2071,Tropical,0.3476848792419306,0.5809809112432572,0.9286657904851878,-0.23329603200132665
Filter,ssp585,2072,Tropical,0.35209192571943737,0.5365177836432493,0.8886097093626867,-0.18442585792381194
Filter,ssp585,2073,Tropical,0.39815899553957473,0.702186589679489,1.1003455852190638,-0.30402759413991426
Filter,ssp585,2074,Tropical,0.3607570325076109,0.5630421307022188,0.9237991632098297,-0.20228509819460788
Filter,ssp585,2075,Tropical,0.3470544057548291,0.7274459928165843,1.0745003985714134,-0.3803915870617552
Filter,ssp585,2076,Tropical,0.3482628419306511,0.9585191166592294,1.3067819585898806,-0.6102562747285782
Filter,ssp585,2077,Tropical,0.39040167334803977,0.8403058755796865,1.2307075489277262,-0.44990420223164673
Filter,ssp585,2078,Tropical,0.42399941097011923,0.639694502571402,1.0636939135415213,-0.2156950916012828
Filter,ssp585,2079,Tropical,0.3697230533426681,0.6822902924918285,1.0520133458344967,-0.3125672391491604
Filter,ssp585,2080,Tropical,0.3957635273300784,0.7340387391688588,1.1298022664989371,-0.33827521183878034
Filter,ssp585,2081,Tropical,0.47765076419919994,0.6292068266359507,1.1068575908351508,-0.1515560624367508
Filter,ssp585,2082,Tropical,0.4366398998061019,0.5930371637215714,1.0296770635276733,-0.15639726391546954
Filter,ssp585,2083,Tropical,0.4347238538714672,0.6019917489392713,1.0367156028107385,-0.1672678950678041
Filter,ssp585,2084,Tropical,0.4215724944389976,0.5945763233096284,1.016148817748626,-0.17300382887063082
Filter,ssp585,2085,Tropical,0.43116877845001905,0.8017934833431248,1.232962261793144,-0.3706247048931058
Filter,ssp585,2086,Tropical,0.436279586431813,0.8522334003226578,1.288512986754471,-0.4159538138908448
Filter,ssp585,2087,Tropical,0.3898525983484004,0.6332452807138469,1.0230978790622474,-0.24339268236544648
Filter,ssp585,2088,Tropical,0.5124606833689834,0.8159707446364037,1.3284314280053873,-0.3035100612674203
Filter,ssp585,2089,Tropical,0.5063862846564373,0.6981432955380319,1.2045295801944693,-0.19175701088159458
Filter,ssp585,2090,Tropical,0.43594300165706373,0.6076474755027835,1.0435904771598472,-0.1717044738457198
Filter,ssp585,2091,Tropical,0.4439058909094527,0.8516479885068743,1.295553879416327,-0.4077420975974216
Filter,ssp585,2092,Tropical,0.4493536719721562,0.6803236600548515,1.1296773320270077,-0.23096998808269525
Filter,ssp585,2093,Tropical,0.43534657422171696,0.8176798003162096,1.2530263745379266,-0.3823332260944926
Filter,ssp585,2094,Tropical,0.47183745195832044,0.9168364699977178,1.3886739219560382,-0.4449990180393974
Filter,ssp585,2095,Tropical,0.5303902219849853,0.8572904382559171,1.3876806602409024,-0.3269002162709318
Filter,ssp585,2096,Tropical,0.4944816895345537,0.834913274927008,1.3293949644615617,-0.3404315853924543
Filter,ssp585,2097,Tropical,0.44281999933354094,0.7767334709107674,1.2195534702443083,-0.33391347157722645
Filter,ssp585,2098,Tropical,0.5127785809495898,0.7871392231090544,1.2999178040586443,-0.27436064215946454
Filter,ssp585,2099,Tropical,0.5087530289292299,0.7025823412818853,1.2113353702111151,-0.19382931235265544
Filter,ssp585,2100,Tropical,0.5426783366722405,0.7165738454982388,1.2592521821704792,-0.17389550882599825
